id,consideration_id,question_slug,created,updated,deleted_date,answer,answer_list
a98384d8-e821-420f-9b8f-952d4f6edf0e,8e31b7e6-87b2-4daa-8e11-26b863750bc6,is-there-legislation,2024-04-23 00:00:00,,,"{""choice"": ""Yes""}",
ccbef828-a01f-41ab-b89f-eae6dab66532,8e31b7e6-87b2-4daa-8e11-26b863750bc6,who-asked-for-it,2024-05-01 00:00:00,2024-05-01 09:06:24.849969,,"{""text"": ""Open Systems Lab - Planning Software, specifically as constraint in PlanX""}",
ee6c44f4-fe5b-41c3-b261-15077816d99f,311a519f-bcd8-4ba8-9787-7f2c65f6de16,existing-data,2024-11-11 05:50:08.67335,,,"{""choice"": ""Yes""}",
23559551-4297-4766-979c-7dfc7dd95066,8e31b7e6-87b2-4daa-8e11-26b863750bc6,what-is-the-driver,2024-05-01 00:00:00,2024-05-01 09:08:20.413759,,"{""choice"": ""Specific user requirement""}",
d545c219-a3fd-443e-8327-27fefdf2edf0,0ee49016-6cde-4add-a666-a78e38abc6e6,who-asked-for-it,2024-06-11 15:48:31.132476,,,"{""text"": ""Paul Downey, Service Owner""}",
3eff4d90-34b8-4243-9ae4-87f96d18de4e,8e31b7e6-87b2-4daa-8e11-26b863750bc6,where-is-data-used,2024-05-01 00:00:00,,,"{""text"": ""Knowing about the presence of a conservation area is required for any type of planning application and will impact the information an applicant will need to provide.""}",
2642cc31-1b31-4846-94e8-7fd9ce81636b,8e31b7e6-87b2-4daa-8e11-26b863750bc6,is-it-a-trigger,2024-05-01 00:00:00,2024-05-01 09:34:15.874544,,"{""choice"": ""Yes""}",
7eee8978-2161-4a7a-be96-5841a88d53ac,8e31b7e6-87b2-4daa-8e11-26b863750bc6,what-is-triggered,2024-05-01 00:00:00,,,"{""text"": ""- design and access statement\r\n- heritage statement\r\n- lighting assessment\r\n- tree survey \r\n- impact assessment on conservation area\r\n- demolition consent\r\n- statement of community involvement\r\n- town centre visual impact assessment\r\n- archaeological assessment\r\n- arboricultural impact assessment\r\n- land and visual impact assessment (LVIA)""}",
cefa2967-f208-409f-ae7e-bf84741dd56e,9c7bca75-c414-4584-8f6f-64aa03e798cb,user-and-data-needs,2024-06-28 07:50:20.565702,2024-11-15 15:16:16.910079,,"{""text"": ""In both policy and DM planning the presence of rivers indicates other constraints and considerations, such as; flood plain, nutrient neutrality requirements and biodiversity. The river itself is a constraint that would be considered when looking for suitable sites to develop. ""}",
9e42b697-93e6-4c80-b2e5-4f3d4f479239,8e31b7e6-87b2-4daa-8e11-26b863750bc6,which-focus-area-does-it-support,2024-05-01 00:00:00,,,"{""choice"": ""Modern planning software;Faster local plans""}",
d3d3dfe8-549a-470d-ae2c-71f014134a21,8e31b7e6-87b2-4daa-8e11-26b863750bc6,existing-data,2024-04-23 00:00:00,2024-05-01 09:47:37.370782,,"{""choice"": ""Yes""}",
3551c528-9c95-419c-80e0-e823661f6c01,0ee49016-6cde-4add-a666-a78e38abc6e6,what-is-the-driver,2024-06-11 15:48:53.172308,,,"{""choice"": ""Other""}",
38412dbe-2a07-48d0-9a94-0ef90810715d,8e31b7e6-87b2-4daa-8e11-26b863750bc6,single-source,2024-05-01 00:00:00,,,"{""text"": ""No - the data should be provided by LPAs individually""}",
b0bd7bb6-997c-4e2d-beec-56a467163266,8e31b7e6-87b2-4daa-8e11-26b863750bc6,is-a-data-standard-required,2024-05-01 00:00:00,,,"{""choice"": ""Yes""}",
446a79d9-5856-49dc-bdc3-573aab6fc52d,8e31b7e6-87b2-4daa-8e11-26b863750bc6,risks,2024-05-01 00:00:00,,,"{""text"": ""The currently available data is not always clearly published under an open licence.""}",
47b7f0b7-f215-4833-b2b1-a7024417cf40,8e31b7e6-87b2-4daa-8e11-26b863750bc6,what-is-the-planning-consideration,2024-05-01 00:00:00,2024-05-01 10:38:05.1365,,"{""text"": ""Conservation areas are areas of special architectural or historic interest with a character or appearance that must be preserved or enhanced.""}",
0a66b4af-a093-4306-b2c5-477be09622fc,8e31b7e6-87b2-4daa-8e11-26b863750bc6,lifecycle,2024-05-01 00:00:00,,,"{""choice"": ""Yes""}",
58c62a84-3c74-4ec0-806e-e87c482ba550,8e31b7e6-87b2-4daa-8e11-26b863750bc6,how-is-data-created,2024-05-01 00:00:00,,,"{""text"": ""We expect that LPAs will use the above process to designate a conservation area, and will be using base mapping (any) to define the boundary of a conservation area and produce the data. It is likely to copy small elements of road, field, hedge, river features and property boundaries to create a contiguous polygon defining the conservation area.""}",
0d20c531-9838-45fd-bbf7-c88ec79e0fc5,0a1e68f1-1bab-4c3b-a7c0-e275b2010ab9,who-asked-for-it,2024-05-02 00:00:00,,,"{""text"": ""Open System Labs - required as a planning constraint in PlanX""}",
453ce4df-e79b-4b4e-b9c5-ef995ef58c88,0a1e68f1-1bab-4c3b-a7c0-e275b2010ab9,what-is-the-driver,2024-05-02 00:00:00,,,"{""choice"": ""Specific user requirement""}",
017627bd-47fb-48fe-80d3-f0b0b7e7682f,0a1e68f1-1bab-4c3b-a7c0-e275b2010ab9,which-focus-area-does-it-support,2024-05-02 00:00:00,,,"{""choice"": ""Modern planning software""}",
27fa4847-0dba-49af-81d8-e4abbdb0742b,8e31b7e6-87b2-4daa-8e11-26b863750bc6,who-in-law-is-responsible-for-it,2024-05-01 00:00:00,2024-05-22 10:22:26.030507,,"{""text"": ""Local Planning Authorities - [Section 69](https://www.legislation.gov.uk/ukpga/1990/9/section/69)\r\n\r\nSoS DCMS - [Section 69](https://www.legislation.gov.uk/ukpga/1990/9/section/69)\r\n\r\nHistoric England (for decisions in Greater London) - [Section 70](https://www.legislation.gov.uk/ukpga/1990/9/section/70)""}",
8f688c97-3618-492a-9c18-66068b7d3597,8e31b7e6-87b2-4daa-8e11-26b863750bc6,what-is-the-legislation-for-publication,2024-05-01 00:00:00,2024-05-22 10:21:34.506669,,"{""text"": ""[Section 70, Paragraph 8](https://www.legislation.gov.uk/ukpga/1990/9/section/70) which defines:\r\n“Notice of any such designation, variation or cancellation as is mentioned in subsection (5) or (6), with particulars of its effect, shall be published in the London Gazette and in at least one newspaper circulating in the area of the local planning authority, by that authority or, as the case may be, the Secretary of State”. \r\n\r\n[Planning (Listed Buildings and Conservation Areas) Act 1990, Section 71](https://www.legislation.gov.uk/ukpga/1990/9/section/71) which defines:\r\n“It shall be the duty of a local planning authority from time to time to formulate and publish proposals for the preservation and enhancement of any parts of their area which are conservation areas.”""}",
3fb0f145-448f-4ca1-af26-15b6dc4b3134,8e31b7e6-87b2-4daa-8e11-26b863750bc6,is-it-consulted,2024-05-01 00:00:00,2024-05-22 10:35:04.949806,,"{""choice"": ""Yes""}",
fe408990-3491-40f2-91b1-30c811312299,0a1e68f1-1bab-4c3b-a7c0-e275b2010ab9,existing-data-examples,2024-05-02 00:00:00,2024-06-14 12:59:17.439979,,,"[{""url"": ""https://www.great-yarmouth.gov.uk/article/8109/Article-4-direction-Great-Yarmouth"", ""fields"": ""Geometry;Document; Schedule 1;Schedule 2"", ""licence"": ""Unknown"", ""coverage"": ""Local"", ""position"": ""0"", ""publisher"": ""Great Yarmouth Borough Council"", ""csrf_token"": ""IjIwOThmMTIyM2VhMjkxMmIwNmM0NWRjYTYyYzIyMWI5NGYwNzYwZDUi.ZjN78w.2vbz64jpex0WgmzGZT8hvaqHIBE"", ""attribution"": """"}, {""url"": ""https://www.medway.gov.uk/downloads/file/2102/article_4_directions "", ""fields"": """", ""licence"": ""Unknown"", ""coverage"": ""Local"", ""position"": ""1"", ""publisher"": ""Medway Council"", ""csrf_token"": ""IjIwOThmMTIyM2VhMjkxMmIwNmM0NWRjYTYyYzIyMWI5NGYwNzYwZDUi.ZjN8Uw.R9yAve2s5dly4Gb59-eVNgRFI-g"", ""attribution"": """"}, {""url"": ""https://map.cornwall.gov.uk/website/ccmap/?zoomlevel=1&xcoord=162690&ycoord=64380&wsName=ccmap&layerName=Article%204%20direction%20orders"", ""fields"": ""Name;TLC reference;Paper file reference no.;Alternative reference no.;Link to scanned order"", ""licence"": ""Unknown"", ""coverage"": ""Local"", ""position"": ""2"", ""publisher"": ""Cornwall Council"", ""csrf_token"": ""ImI2M2U0MmE2MjRmODI3ZmUyOGQ2N2JhZWEyYjVhYjZlMGI0NWQ5NTMi.Zmw-ng.nKuT3RpmUKxllk_YcTXfWnI6AnQ"", ""attribution"": ""N/A""}]"
92bc195d-4d93-4240-804f-761e5490847a,2eb8ef61-d4ad-4903-b6cf-24239184b3a8,which-focus-area-does-it-support,2024-06-19 09:23:11.196673,,,"{""choice"": ""Faster local plans;Other""}",
a99a5455-8f76-48fc-8fa3-58d68ea53fb0,0ee49016-6cde-4add-a666-a78e38abc6e6,which-focus-area-does-it-support,2024-06-11 15:49:04.056432,2024-06-19 13:54:22.527759,,"{""choice"": ""Faster local plans;Other""}",
6755a776-0891-4039-b7d9-d44af9602b01,c82e2f6b-4655-4d52-a632-6f829a0d6d1c,publishing-organisations,2024-09-17 07:26:19.859536,2024-12-03 08:19:35.887884,,"{""choice"": ""Local authorities;Ordnance Survey""}",
2d7c34ae-f424-49df-b884-3054ab7f0c70,d6af1726-f5e6-49df-8808-80b4449a97d3,who-asked-for-it,2024-06-24 15:18:47.635278,,,"{""text"": ""Geospatial Commission - identified as a dataset to make data easier to find for the sector.""}",
8040629f-ecd3-4800-bdce-4b6b3f3aec05,d6af1726-f5e6-49df-8808-80b4449a97d3,what-is-the-driver,2024-06-24 15:18:58.507214,,,"{""choice"": ""Other""}",
8f219cd1-a985-413c-9c07-8f0b85482718,0db1d6ee-e255-410e-99c6-4bc30007f7c7,who-asked-for-it,2024-05-03 00:00:00,,,"{""text"": ""This has been identified as a constraint from PlanX.""}",
05a02877-d400-4714-bf1c-536d6796d8ef,375e8353-3509-4233-9665-2743f4444269,who-asked-for-it,2024-05-15 00:00:00,,,"{""text"": ""This was identified as a dataset likely to add quick value to the platform.""}",
c6dadf65-a7f1-49a4-89af-1516640a559a,45bac7bc-6fc1-4165-a3ba-16a10f1bb2dd,which-focus-area-does-it-support,2024-06-19 13:51:10.377948,,,"{""choice"": ""Faster local plans;Other""}",
2f76e7fe-09a5-44b7-a1c7-b1bd0b64c195,375e8353-3509-4233-9665-2743f4444269,what-is-the-driver,2024-05-15 00:00:00,,,"{""choice"": ""Existing planning requirement""}",
00ed1db0-0971-44d9-b304-cc5c70a4607a,375e8353-3509-4233-9665-2743f4444269,which-focus-area-does-it-support,2024-05-15 00:00:00,,,"{""choice"": ""Modern planning software;Faster local plans""}",
92817281-af2a-471d-b503-3ec3885119f1,375e8353-3509-4233-9665-2743f4444269,what-is-the-planning-consideration,2024-05-15 00:00:00,,,"{""text"": ""Areas registered with Historic England as a battlefield of historical significance.""}",
63c47ed0-2696-47db-bd25-01fc498de9ba,375e8353-3509-4233-9665-2743f4444269,is-there-legislation,2024-05-15 00:00:00,,,"{""choice"": ""No""}",
cf177a24-cfce-4ffb-8b12-b0957226e261,375e8353-3509-4233-9665-2743f4444269,is-it-a-trigger,2024-05-15 00:00:00,,,"{""choice"": ""No""}",
bc56f999-a17f-4224-996f-cd1ac2a96ddb,375e8353-3509-4233-9665-2743f4444269,is-it-consulted,2024-05-15 00:00:00,,,"{""choice"": ""Yes""}",
a82b0b81-a08d-43f2-b7a8-16cdcdac4d6c,375e8353-3509-4233-9665-2743f4444269,is-consulted,2024-05-15 00:00:00,,,"{""text"": ""Further research is required to confirm whether Battlefield data would be consulted in the process of assessing whether a development proposal has wholly exceptional reasoning.""}",
f118efe9-566f-4493-bf9b-abf2052ea43e,375e8353-3509-4233-9665-2743f4444269,existing-data,2024-05-15 00:00:00,,,"{""choice"": ""Yes""}",
63601a66-dac3-4e90-bf75-57686944e120,375e8353-3509-4233-9665-2743f4444269,existing-data-examples,2024-05-15 00:00:00,,,,"[{""url"": ""https://opendata-historicengland.hub.arcgis.com/datasets/historicengland::national-heritage-list-for-england-nhle/about?layer=8 "", ""fields"": ""List entry number;Name;Registration date;Amendment date;Capture scale;NHLE link;Area (ha);National Grid Reference;Easting;Northing"", ""licence"": ""OGL - https://historicengland.org.uk/terms/website-terms-conditions/open-data-hub/  "", ""coverage"": ""National"", ""position"": ""0"", ""publisher"": ""Historic England"", ""csrf_token"": ""ImNjZWRhOTYxOGNhZTE3MDhkNDgwNTk3YjM1NThkMjU3M2I1OWNmNDQi.ZkTHcw.d_tu5X46Kr67qbpghmBKfiebSqs"", ""attribution"": ""© Historic England 2024. Contains Ordnance Survey data © Crown copyright and database right 2024. The Historic England GIS Data contained in this material was obtained on [date]. The most publicly available up to date Historic England GIS Data can be obtained from HistoricEngland.org.uk.""}]"
efe63537-6669-4d64-aabd-73e97fdb79c7,375e8353-3509-4233-9665-2743f4444269,single-source,2024-05-15 00:00:00,,,"{""text"": ""Yes""}",
35f71068-b1f9-4bec-9c50-b10a95934385,375e8353-3509-4233-9665-2743f4444269,is-a-data-standard-required,2024-05-15 00:00:00,,,"{""choice"": ""No""}",
b58022d1-25b1-4b01-9816-a2fd62d6e712,0a1e68f1-1bab-4c3b-a7c0-e275b2010ab9,what-is-the-planning-consideration,2024-05-02 00:00:00,,,"{""text"": ""An Article 4 direction is made by the local planning authority to remove all or some of the permitted development rights on a site in order to protect it.""}",
b7af12c9-13da-4b6a-a51d-09385703124d,0a1e68f1-1bab-4c3b-a7c0-e275b2010ab9,is-there-legislation,2024-05-02 00:00:00,,,"{""choice"": ""Yes""}",
27b3e734-04f1-4611-84dc-722e7a654128,311a519f-bcd8-4ba8-9787-7f2c65f6de16,existing-data-examples,2024-11-11 05:51:51.764669,,,,"[{""url"": ""https://naturalengland-defra.opendata.arcgis.com/datasets/Defra::sites-of-special-scientific-interest-england/about"", ""name"": ""Sites of Special Scientific Interest (England)"", ""fields"": """", ""licence"": ""OGL3"", ""coverage"": ""England"", ""position"": 0, ""publisher"": ""Natural England"", ""csrf_token"": ""ImIzZDBmNWMwNDQ0NGJjMDk0NjJkOTNjY2Q4MzA2MmUyNGQ1MzA1NWMi.ZzGbGA.zag2cLf2wL7fyo2J5jG94dzOIqI"", ""attribution"": """", ""metadata_url"": ""https://services.arcgis.com/JJzESW51TqeY9uat/arcgis/rest/services/SSSI_England/FeatureServer/0""}]"
f7d3df8b-3d42-4290-a6ad-b6b4c3403234,0a1e68f1-1bab-4c3b-a7c0-e275b2010ab9,is-it-a-trigger,2024-05-02 00:00:00,,,"{""choice"": ""No""}",
2ccd31e5-d1af-4eb1-a5fc-70aa6d939692,0a1e68f1-1bab-4c3b-a7c0-e275b2010ab9,is-it-consulted,2024-05-02 00:00:00,,,"{""choice"": ""Yes""}",
6c113fdd-1651-40b0-914e-2535086832d2,0a1e68f1-1bab-4c3b-a7c0-e275b2010ab9,is-consulted,2024-05-02 00:00:00,,,"{""text"": ""If an applicant applies to do work under a permitted development right which has been removed by an Article 4 Direction, this dataset will consult that process.""}",
d24f81fd-68b9-4935-8dc2-e8c62887ab17,0a1e68f1-1bab-4c3b-a7c0-e275b2010ab9,what-is-the-legislation-that-defines,2024-05-02 00:00:00,2024-05-22 11:11:32.449523,,"{""text"": ""[The Town and Country Planning (General Permitted Development)(England) Order 2015, Article 4](https://www.legislation.gov.uk/uksi/2015/596/article/4/made) - \r\n\r\n“The Secretary of State or (as the case may be) the local planning authority, may make a direction under this paragraph that the permission granted by article 3 does not apply to—\r\nall or any development of the Part, Class or paragraph in question in an area specified in the direction; or\r\nany particular development, falling within that Part, Class or paragraph, which is specified in the direction,\r\nand the direction must specify that it is made under this paragraph.”""}",
d37cff65-66d7-4eba-8b13-d1d978b5da48,0a1e68f1-1bab-4c3b-a7c0-e275b2010ab9,what-is-the-legislation-that-defines-designation,2024-05-02 00:00:00,2024-05-22 11:11:49.220811,,"{""text"": ""[The Town and Country Planning (General Permitted Development)(England) Order 2015, Schedule 3, “Procedures for Article 4 directions”](https://www.legislation.gov.uk/uksi/2015/596/schedule/3/made)""}",
b9f87aac-dc32-46f7-9fa1-e1fe5a1a6bd9,0a1e68f1-1bab-4c3b-a7c0-e275b2010ab9,what-is-the-legislation-for-publication,2024-05-02 00:00:00,2024-05-22 11:12:21.217187,,"{""text"": ""[The Town and Country Planning (General Permitted Development)(England) Order 2015, Schedule 3, “Procedures for Article 4 directions”, Sub-paragraph 4(c)](https://www.legislation.gov.uk/uksi/2015/596/schedule/3/made) -\r\n“name a place where a copy of the direction, and a copy of a map defining the area to which it relates, or the site to which it relates, as the case may be, may be seen at all reasonable hours” -""}",
511d6a45-9785-4771-baa0-60930fcb6cfc,375e8353-3509-4233-9665-2743f4444269,who-in-law-is-responsible-for-it,2024-05-15 00:00:00,2024-05-22 11:18:10.304991,,"{""text"": ""[Historic England Guidance](https://historicengland.org.uk/images-books/publications/dsg-battlefields/heag072-battlefields-rsg/)""}",
f65210dc-889d-4dff-88a2-bb022f835154,0a1e68f1-1bab-4c3b-a7c0-e275b2010ab9,who-in-law-is-responsible-for-it,2024-05-02 00:00:00,2024-05-22 11:12:58.189155,,"{""text"": ""[Local Planning Authorities](https://www.legislation.gov.uk/uksi/2015/596/article/4/made)\r\n\r\n[Secretary of State (DLUHC)](https://www.legislation.gov.uk/uksi/2015/596/article/4/made)""}",
f101345d-4a80-4878-8c80-19f7e92d2ffe,311a519f-bcd8-4ba8-9787-7f2c65f6de16,publishing-organisations,2024-12-03 15:11:19.00553,,,"{""choice"": ""Natural England""}",
da37f15a-cbd7-40e1-afbb-df042807c806,2f57aaf8-03e2-4f98-bf5e-fb066631e32b,which-focus-area-does-it-support,2024-06-19 13:51:44.424993,,,"{""choice"": ""Modern planning software;Faster local plans""}",
e87a0983-bf4f-4f12-837b-a1de7b3f5105,6871d5e4-b330-4b07-8440-a75098350bbc,which-focus-area-does-it-support,2024-06-19 13:52:21.783925,,,"{""choice"": ""Faster local plans;Included in LURA""}",
0d930738-2ce0-42dc-93e1-47d42e6a18a3,222236f6-d708-4d78-8d51-8f0e5e03924b,which-focus-area-does-it-support,2024-06-19 13:52:50.461511,,,"{""choice"": ""Modern planning software;Faster local plans;Other""}",
558545f5-0806-4460-a8d7-b8b3c3e8c009,37bdc53b-29de-45cd-b93e-beb1d9b004bc,which-focus-area-does-it-support,2024-06-19 13:53:04.964513,,,"{""choice"": ""Modern planning software;Other""}",
405fd83e-78e5-438f-bb94-88c9b3f871a4,f160755d-01b3-4b7e-8f5c-cb18400b53fc,which-focus-area-does-it-support,2024-06-19 13:53:21.728702,,,"{""choice"": ""Faster local plans;Other""}",
98bd4d63-3fe7-4feb-bd4f-16bda35478a2,aa8bf8f9-d74d-4f80-b5d2-782141f37b6c,which-focus-area-does-it-support,2024-06-19 13:53:35.328291,,,"{""choice"": ""Modern planning software""}",
de60ed92-88ce-4cb4-af8b-901874aa721c,c99eeb72-f633-4798-8901-7b5123438636,which-focus-area-does-it-support,2024-06-19 13:53:56.123165,,,"{""choice"": ""Modern planning software""}",
8c731114-752d-48d0-883b-87b13f6c09e1,0a1e68f1-1bab-4c3b-a7c0-e275b2010ab9,existing-data,2024-05-02 00:00:00,,,"{""choice"": ""Yes""}",
dc2a94e5-9623-45bf-bd3c-7b056cc00dbb,0f1cd8fe-7527-4305-ba61-1d80daefca32,existing-data,2024-12-12 07:15:07.89772,,,"{""choice"": ""Yes""}",
e5bd3489-ffda-4841-ac57-b688240ba406,7cac6c4c-6047-463b-9bed-207c6df6b463,existing-data,2024-05-17 00:00:00,,,"{""choice"": ""Yes""}",
fc0aad77-6138-41ac-8288-8c6aab30cea4,0a1e68f1-1bab-4c3b-a7c0-e275b2010ab9,lifecycle-stages,2024-05-02 00:00:00,2024-05-02 11:53:00.900104,,,"[{""name"": ""Notice of designation publicised"", ""actors"": ""LPA / Public / SoS DLUHC"", ""impact"": ""The local planning authority must take into account any representations received during the period specified."", ""output"": ""Notice of designation"", ""position"": ""0"", ""csrf_token"": ""IjIwOThmMTIyM2VhMjkxMmIwNmM0NWRjYTYyYzIyMWI5NGYwNzYwZDUi.ZjN9_w.97Lv6ozylCofZT8VzigxjCTI2vM"", ""description"": """"}, {""name"": ""Confirmation of direction"", ""actors"": ""LPA / SoS DLUHC"", ""impact"": """", ""output"": ""Direction documentation"", ""position"": ""1"", ""csrf_token"": ""IjIwOThmMTIyM2VhMjkxMmIwNmM0NWRjYTYyYzIyMWI5NGYwNzYwZDUi.ZjN-Hw.VE_LQbHN01HXjlWz3EI7g1BeQfo"", ""description"": """"}, {""name"": ""Cancel a direction OR Make a direction through modifying / cancelling a direction"", ""actors"": ""LPA / SoS DLUHC"", ""impact"": ""Direction replaced, modified or cancelled"", ""output"": """", ""position"": ""2"", ""csrf_token"": ""IjIwOThmMTIyM2VhMjkxMmIwNmM0NWRjYTYyYzIyMWI5NGYwNzYwZDUi.ZjN-fA.ufWk6UWXhzAdi3eiPoqN8tUG05g"", ""description"": """"}]"
71361ffe-2ba3-4902-a664-5ec5f7ef10af,d6af1726-f5e6-49df-8808-80b4449a97d3,which-focus-area-does-it-support,2024-06-24 15:26:17.554957,,,"{""choice"": ""Modern planning software;Faster local plans""}",
f2fbe42d-e249-4a45-a392-be6c5f3a2f7c,0a1e68f1-1bab-4c3b-a7c0-e275b2010ab9,single-source,2024-05-02 00:00:00,,,"{""text"": ""No - all LPAs will hold this data individually.""}",
b83183eb-fccd-4e92-a979-acf387de8652,0a1e68f1-1bab-4c3b-a7c0-e275b2010ab9,is-a-data-standard-required,2024-05-02 00:00:00,,,"{""choice"": ""Yes""}",
6a75fa72-3dd6-4ac7-8279-d80335cb0e62,0a1e68f1-1bab-4c3b-a7c0-e275b2010ab9,lifecycle,2024-05-02 00:00:00,,,"{""choice"": ""Yes""}",
95b26d7e-2ab6-4044-9e53-a09fee82d70f,0a1e68f1-1bab-4c3b-a7c0-e275b2010ab9,where-is-data-used,2024-05-02 00:00:00,,,"{""text"": ""This data should be used at an early stage of the planning and application process so users are aware of immediate development restrictions.""}",
4b9ff8bc-51cc-489f-8bbc-939cd0f9747e,0a1e68f1-1bab-4c3b-a7c0-e275b2010ab9,how-is-data-created,2024-05-02 00:00:00,,,"{""text"": ""We know that an LPA creates and maintains article 4 directions, and the secretary of state typically has the ability to cancel or modify article 4 directions, and must also be notified when an article 4 direction is introduced to give ample time for decision.\r\nThrough our examples, we do not know how Cornwall have created and put together their data, but with the remaining examples we can see that their article 4 directions have been published on their websites and scanned documentation and/or map outlines are available.\r\nIn order to create this data, we think that LPAs will use the OS basemap as a rough guide to produce the article 4 direction polygons, and UPRNs may be used to complete references if polygons relate to specific boundaries and don’t cross over multiple. Official documentation should be linked to related references.""}",
6fad9eea-78bf-4209-abc7-0376114ac476,b968e542-0d6a-4f55-aa4b-0e9bfe02994a,lifecycle,2024-05-02 00:00:00,,,"{""choice"": ""Yes""}",
d90b5a5a-0e22-4aea-a8e8-775eb746c40f,0a1e68f1-1bab-4c3b-a7c0-e275b2010ab9,risks,2024-05-02 00:00:00,,,"{""text"": ""Licencing is currently unclear and needs to be confirmed with local planning authorities as data begins to get made available in line with our specifications. \r\nIt would also appear that data is currently of a low quality.\r\nIf UPRNs are used to create this dataset, we will need to ensure that best practice is being used and the usage is in line with GDPR.\r\n""}",
94565ec4-2f27-45a0-ba6f-75dc5e957665,b968e542-0d6a-4f55-aa4b-0e9bfe02994a,who-asked-for-it,2024-05-02 00:00:00,,,"{""text"": ""Open System Labs - required as a planning constraint in PlanX""}",
bec839ef-c8c4-40f4-b5a4-7bec1824dc61,b968e542-0d6a-4f55-aa4b-0e9bfe02994a,what-is-the-driver,2024-05-02 00:00:00,,,"{""choice"": ""Specific user requirement""}",
5544aa9d-83a5-4c5c-a623-0eb60e65e060,b968e542-0d6a-4f55-aa4b-0e9bfe02994a,which-focus-area-does-it-support,2024-05-02 00:00:00,,,"{""choice"": ""Modern planning software;Faster local plans""}",
4be2fd97-ffdf-4971-be44-0ab58493a51f,b968e542-0d6a-4f55-aa4b-0e9bfe02994a,what-is-the-planning-consideration,2024-05-02 00:00:00,,,"{""text"": ""The order document that protects a tree or group of trees.""}",
893ea442-8fed-4006-88cb-3e22dec7e115,b968e542-0d6a-4f55-aa4b-0e9bfe02994a,is-there-legislation,2024-05-02 00:00:00,,,"{""choice"": ""Yes""}",
50e38991-b0dd-432f-a993-9c8c4eb0bf24,8da71a60-a503-4b22-9e6b-2ea6e9265580,who-asked-for-it,2024-12-17 10:42:26.023606,,,"{""text"": ""The Service Owner (SO) of the planning data platform""}",
21afc3f3-893a-4a33-a71d-081dd0acec1d,b968e542-0d6a-4f55-aa4b-0e9bfe02994a,is-it-a-trigger,2024-05-02 00:00:00,,,"{""choice"": ""Yes""}",
9e6f034a-10bb-4064-ad3b-646ff6d82a2b,b968e542-0d6a-4f55-aa4b-0e9bfe02994a,is-it-consulted,2024-05-02 00:00:00,,,"{""choice"": ""Yes""}",
60145b13-4f86-4b26-b9c7-88b5df5049f6,b968e542-0d6a-4f55-aa4b-0e9bfe02994a,is-consulted,2024-05-02 00:00:00,,,"{""text"": ""Some of the information included in the TPO documentation may be of use to complete the planning requirements as a result of the trigger, ie. coordinates of affected trees, conditions and variations linked to orders, but this needs to be researched further.""}",
143d8c6f-cf10-4ac8-afe1-3b60a49ac6f2,b968e542-0d6a-4f55-aa4b-0e9bfe02994a,existing-data,2024-05-02 00:00:00,,,"{""choice"": ""Yes""}",
0e60fa89-e9dd-4d70-8458-ba83b2971c0d,b968e542-0d6a-4f55-aa4b-0e9bfe02994a,single-source,2024-05-02 00:00:00,,,"{""text"": ""No - LPAs will have this data individually""}",
61e3feea-7a7e-477f-bb9a-6ef2ac9bd7ce,b968e542-0d6a-4f55-aa4b-0e9bfe02994a,is-a-data-standard-required,2024-05-02 00:00:00,,,"{""choice"": ""Yes""}",
4aaecf95-e0d7-49c1-bd00-7ee69bb8a9db,0a1e68f1-1bab-4c3b-a7c0-e275b2010ab9,related-planning-considerations,2024-05-02 00:00:00,2024-05-22 11:14:01.676675,,"{""text"": ""Permitted Development Rights (Article 3 Directions)\r\nAn article 4 direction is the removal of a permitted development right, so these datasets directly interact with one another\r\n\r\n[Area of Outstanding Natural Beauty (AONB), Paragraph 38](https://www.gov.uk/guidance/when-is-permission-required) - \r\nThere needs to be a strong justification for the withdrawal of permitted development rights relating to a wide area such as an Area of Outstanding National Beauty, so there may be a link between these 2 datasets - ""}",
855ba7f7-1c55-4f86-ac32-c6d74f2d339b,b3a119d4-21cf-4d76-ace2-b0afe2967b2d,who-asked-for-it,2024-06-19 13:54:46.322865,,,"{""text"": ""Paul Downey, Service Owner""}",
667265c0-d4a1-4cd1-a54c-352c74694203,b3a119d4-21cf-4d76-ace2-b0afe2967b2d,which-focus-area-does-it-support,2024-06-19 13:55:06.008823,,,"{""choice"": ""Other""}",
5200d160-ef37-4a3c-a4bc-7a6c56fa3e4a,8151cff2-ba08-490f-9120-b2a35a3c61c7,which-focus-area-does-it-support,2024-06-19 13:55:24.928274,,,"{""choice"": ""Modern planning software;Faster local plans""}",
8a9b53be-f086-4650-90d8-8f56898a1e49,7af45bff-f3dc-4b93-b309-5be14326a8fe,which-focus-area-does-it-support,2024-06-19 13:56:01.236905,,,"{""choice"": ""Faster local plans""}",
3f0c1595-0654-4773-8e83-514056298d46,c7cb6d2e-7074-4c1b-aebb-c329d6e58502,which-focus-area-does-it-support,2024-06-19 13:56:15.540202,,,"{""choice"": ""Modern planning software""}",
7afce53a-1e8c-4df8-815a-8fbc29d27b5b,b968e542-0d6a-4f55-aa4b-0e9bfe02994a,existing-data-examples,2024-05-02 00:00:00,2024-05-02 14:45:54.682898,,,"[{""url"": ""https://map.cornwall.gov.uk/website/ccmap/?zoomlevel=3&xcoord=200241&ycoord=65297&wsName=ccmap&layerName=Tree%20preservation%20order%20points:Tree%20preservation%20order%20areas"", ""fields"": ""Reference number;Tree reference;Tree Preservation Order name;Status;Date order made;Date of confirmation;Species/situation description;Link to pdf of TPO document"", ""licence"": ""Unknown"", ""coverage"": ""Local"", ""position"": ""0"", ""publisher"": ""Cornwall Council"", ""csrf_token"": ""IjIwOThmMTIyM2VhMjkxMmIwNmM0NWRjYTYyYzIyMWI5NGYwNzYwZDUi.ZjOGOg.qV3uxTR_0DgvyXdTAtJug5q2rBY"", ""attribution"": """"}, {""url"": ""https://wiltscouncil.maps.arcgis.com/apps/webappviewer/index.html?id=74a353612a934bd48fee1f2bc564cdd8"", ""fields"": ""TPOREF;REFVAL;DESCR"", ""licence"": ""Unknown"", ""coverage"": ""Local"", ""position"": ""1"", ""publisher"": ""Wiltshire Council"", ""csrf_token"": ""IjIwOThmMTIyM2VhMjkxMmIwNmM0NWRjYTYyYzIyMWI5NGYwNzYwZDUi.ZjOm4w.17DUKfTe8dxGybgX6JbcbKC1toY"", ""attribution"": """"}]"
44f94f89-e873-490d-a1d2-3515360ab6e2,b968e542-0d6a-4f55-aa4b-0e9bfe02994a,what-is-triggered,2024-05-02 00:00:00,2024-05-15 14:41:43.366717,,"{""text"": ""* Tree Survey and/or Report\r\n* Arboricultural Impact Assessment\r\n* Tree Protection Plan""}",
8ce176b1-3740-4c18-8d98-332a2af5146b,b968e542-0d6a-4f55-aa4b-0e9bfe02994a,what-is-the-legislation-for-publication,2024-05-02 00:00:00,2024-05-15 14:43:09.271518,,"{""text"": ""[The Town and Country Planning (Tree Preservation)(England) Regulations 2012, Part 2, Regulation 5, Paragraph 3](https://www.legislation.gov.uk/uksi/2012/605/regulation/5/made) \r\n\r\n“A copy of the order shall be made available for inspection, free of charge, at all reasonable hours, at the offices of the authority by whom the order was made;...”""}",
69e5c2cf-35ef-456e-8718-19b6715287c8,b968e542-0d6a-4f55-aa4b-0e9bfe02994a,what-is-the-legislation-that-defines-designation,2024-05-02 00:00:00,2024-05-15 14:43:45.37046,,"{""text"": ""[The Town and Country Planning (Tree Preservation)(England) Regulations 2012, Part 2](https://www.legislation.gov.uk/uksi/2012/605/part/2/made) \r\n\r\nForm of tree preservation order\r\nProvisional effect of order\r\nProcedure after making an order\r\nObjections and representations\r\nProcedure for confirmation of a tree preservation order\r\nAction after confirmation of tree preservation order\r\nAction where tree preservation order not confirmed\r\nVariation of tree preservation orders\r\nRevocation of tree preservation orders\r\nRegister""}",
8ca9cca1-2d7f-4424-871b-d744889cdc9d,375e8353-3509-4233-9665-2743f4444269,lifecycle,2024-05-15 00:00:00,,,"{""choice"": ""No""}",
cc167fe0-83a2-4b50-b91d-73b61428d1e9,375e8353-3509-4233-9665-2743f4444269,how-is-data-created,2024-05-15 00:00:00,,,"{""text"": ""We do not know how this data is created, further research is required.""}",
188a641d-d143-4524-9a9f-45df0affda94,375e8353-3509-4233-9665-2743f4444269,where-is-data-used,2024-05-15 00:00:00,,,"{""text"": ""The data should be used to speed up the process for dealing with planning applications and seeing that the sites are protected as intended throughout the production of local plans.""}",
16da9530-ec96-4af5-89f7-1ef59987e4f3,375e8353-3509-4233-9665-2743f4444269,risks,2024-05-15 00:00:00,,,"{""text"": ""N / A""}",
a0c20eae-de5a-4fb3-baab-8c2147e60fbb,b968e542-0d6a-4f55-aa4b-0e9bfe02994a,what-is-the-legislation-that-defines,2024-05-02 00:00:00,2024-05-15 14:48:55.371199,,"{""text"": ""[The Town and Country Planning (Tree Preservation)(England) Regulations 2012, Part 2, Regulation 3](https://www.legislation.gov.uk/uksi/2012/605/regulation/3/made)""}",
9bb09ef6-c602-49a6-931a-9591df247911,a771a6f1-b79f-4a12-be15-a9ff7fb40058,what-is-the-planning-consideration,2024-05-15 00:00:00,,,"{""text"": ""Previously developed land that's no longer being used.""}",
fa57b81a-07a9-4101-8fc8-d34ec3cd2891,b968e542-0d6a-4f55-aa4b-0e9bfe02994a,who-in-law-is-responsible-for-it,2024-05-02 00:00:00,2024-05-15 14:49:30.570443,,"{""text"": ""Local Planning Authorities\r\n\r\n[https://www.legislation.gov.uk/uksi/2012/605/regulation/12/made](https://www.legislation.gov.uk/uksi/2012/605/regulation/12/made)""}",
8616825e-1950-4c1d-a84c-ac0a4dd017f7,a771a6f1-b79f-4a12-be15-a9ff7fb40058,who-asked-for-it,2024-05-15 00:00:00,,,"{""text"": ""This data is required under legislation.""}",
bc858785-c07b-4835-95bd-39bbc22b9673,a771a6f1-b79f-4a12-be15-a9ff7fb40058,what-is-the-driver,2024-05-15 00:00:00,,,"{""choice"": ""Existing planning requirement""}",
a6adaef6-76f7-4bff-9197-0de1486fa254,a771a6f1-b79f-4a12-be15-a9ff7fb40058,which-focus-area-does-it-support,2024-05-15 00:00:00,,,"{""choice"": ""Modern planning software;Faster local plans""}",
604ff779-eef4-4768-adb0-fe1225655f08,a771a6f1-b79f-4a12-be15-a9ff7fb40058,is-there-legislation,2024-05-15 00:00:00,,,"{""choice"": ""Yes""}",
35d31e00-afa0-41ca-a5bf-f66d70815ac2,c2407dfa-2fa4-42ee-a665-00ea48d6e137,where-is-data-used,2024-12-11 07:46:57.987978,,,"{""text"": ""The data can be used to determine if CIL is payable in a local authority district or area.\r\n\r\nThe data can be used to calculate how much CIL is payable""}",
5166fee4-265b-4f8f-b8b1-6fe2ea7640e0,b968e542-0d6a-4f55-aa4b-0e9bfe02994a,where-is-data-used,2024-05-02 00:00:00,,,"{""text"": ""The presence of tree preservation orders will influence the amount of prospective development and will impact the amount of information and research required to fully complete an application.""}",
14abd73b-28a9-4364-8ee0-898d04735003,a771a6f1-b79f-4a12-be15-a9ff7fb40058,what-is-the-legislation-that-defines,2024-05-15 00:00:00,2024-05-22 11:23:33.469508,,"{""text"": ""[The Town and Country Planning (Brownfield Land Register) Regulations 2017, Regulation 4](https://www.legislation.gov.uk/uksi/2017/403/regulation/4/made) - “Criteria”""}",
92746e95-1671-42be-9a4e-6d06ab3d01df,b968e542-0d6a-4f55-aa4b-0e9bfe02994a,how-is-data-created,2024-05-02 00:00:00,2024-05-22 11:38:31.090909,,"{""text"": ""[Making and confirming a tree preservation order - Flowchart](https://assets.publishing.service.gov.uk/media/5c5da17b40f0b676d487d027/TPO_flowchart_1.pdf)\r\n\r\nIn regards to the creation of data (for those LPAs that already have polygon data), this remains unknown.\r\nFor “tree” and “tree-preservation-zone,” we expect that the OS basemap will be used as a guide, but will likely not be traced to produce the data. “Tree-preservation-order” is the dataset pertaining to the official documentation of the TPO itself, and so being owned by the LPA will mean there is no input from a third party in the creation of this part of the dataset.\r\n""}",
afe41a9c-2abd-4901-9b6f-47e3f5f60726,c2407dfa-2fa4-42ee-a665-00ea48d6e137,lifecycle,2025-01-15 07:27:14.634474,,,"{""choice"": ""Yes""}",
fc74e943-cb8e-4e50-8762-5e44f4a83504,9ea82299-82a8-494c-a2b6-3a89847d7ca0,who-asked-for-it,2024-06-20 13:31:28.30419,,,"{""text"": ""Geospatial Commission - identified as a dataset to make data easier to find for the sector.""}",
d534fd95-5e49-4db8-a022-e41963777b65,9ea82299-82a8-494c-a2b6-3a89847d7ca0,what-is-the-driver,2024-06-20 13:31:52.731114,,,"{""choice"": ""Existing planning requirement""}",
cff3fa64-343f-41b9-a37e-d434f93824cd,9ea82299-82a8-494c-a2b6-3a89847d7ca0,which-focus-area-does-it-support,2024-06-20 13:31:57.641165,2024-06-20 13:32:01.349356,,"{""choice"": ""Modern planning software;Other""}",
f20c3dab-a9a3-46e9-9ae1-ecb4ad4e8d44,9ea82299-82a8-494c-a2b6-3a89847d7ca0,is-a-data-standard-required,2024-06-20 13:32:24.685862,,,"{""choice"": ""No""}",
671e1a47-97ee-4353-9423-59fadba0a6b6,d6af1726-f5e6-49df-8808-80b4449a97d3,what-is-the-planning-consideration,2024-06-24 15:44:07.00176,,,"{""text"": ""- CASI (Compact Airborne Spectrographic Imager)\r\n- LIDAR (Light Detection and Ranging) \r\n\r\nThe classification uses ground data from sites collected near to the time of CASI capture. Ground data is used to identify the characteristics of the different habitats in the CASI and LIDAR data. These characteristics are then used to classify the remaining areas into one of the different habitats.""}",
bc2770d1-5317-43c5-b3cc-b4af5185df0a,cf87eb25-bd6f-4eb0-9c3c-cac00e269eba,lifecycle-stages,2024-05-03 00:00:00,2024-05-03 14:27:00.180874,,,"[{""name"": ""Decision on hit criteria, desirability and boundary"", ""actors"": ""Natural England"", ""impact"": """", ""output"": """", ""position"": ""0"", ""csrf_token"": ""IjIwOThmMTIyM2VhMjkxMmIwNmM0NWRjYTYyYzIyMWI5NGYwNzYwZDUi.ZjTzKA.osQG9iauADXiTppO9_CnZMLHRjE"", ""description"": """"}, {""name"": ""Consultations"", ""actors"": ""Natural England and Local Authorities"", ""impact"": """", ""output"": """", ""position"": ""1"", ""csrf_token"": ""IjIwOThmMTIyM2VhMjkxMmIwNmM0NWRjYTYyYzIyMWI5NGYwNzYwZDUi.ZjTzUw.3jo5jRDUWV_i9IDN74VSkbKd3yo"", ""description"": """"}, {""name"": ""Publish proposals"", ""actors"": "" Natural England and The Gazette"", ""impact"": ""Potential challenges against proposal"", ""output"": ""Proposal"", ""position"": ""2"", ""csrf_token"": ""IjIwOThmMTIyM2VhMjkxMmIwNmM0NWRjYTYyYzIyMWI5NGYwNzYwZDUi.ZjTzYg.INHzTuMyfAwiTndD3xJR8Zx3sEk"", ""description"": """"}, {""name"": ""Modify proposal"", ""actors"": "" Natural England and all representations "", ""impact"": """", ""output"": ""Modified proposal"", ""position"": ""3"", ""csrf_token"": ""IjIwOThmMTIyM2VhMjkxMmIwNmM0NWRjYTYyYzIyMWI5NGYwNzYwZDUi.ZjT0AQ.pO7vnc_DN9iL8rUvuCwSecfvBMc"", ""description"": """"}, {""name"": ""Submission"", ""actors"": "" Natural England and SoS DEFRA"", ""impact"": ""AONB can be confirmed, refused, modified or varied"", ""output"": ""Order"", ""position"": ""4"", ""csrf_token"": ""IjIwOThmMTIyM2VhMjkxMmIwNmM0NWRjYTYyYzIyMWI5NGYwNzYwZDUi.ZjT0Eg.7tydKHUjbxQkMELBhd9OKbeiHwo"", ""description"": """"}]"
41096ec5-3e87-41a2-97fe-a958d6756566,b968e542-0d6a-4f55-aa4b-0e9bfe02994a,risks,2024-05-02 00:00:00,2024-10-08 10:37:30.833819,,"{""text"": ""- Licensing - currently, available data is not always clearly published under an open licence\r\n- Digital Immaturity - Local planning authorities (where data is not currently available online) may struggle to find the capacity to create polygon data for tree preservation zones and point data for tree preservation orders""}",
392ea201-c7b2-48dd-94e4-8a82fad6567c,8da71a60-a503-4b22-9e6b-2ea6e9265580,user-and-data-needs,2024-12-10 16:21:00.686661,,,"{""text"": ""Public rights of way are likely to feature on policies maps, to demonstrate accessibility, while also having green infrastructure benefits. When assessing a site to be allocated, the presence of public rights of ways are likley to feature in the assessment of the site, but are unlikely to restrict the allocation of the site, as the assumption is that the site design will take into account the presence of the public right of way. \r\n\r\nIn development management, where a developer is seeking planning for a site which has a public right of way, the presence of the public right of way will need to be taken into account when designing the layout of the site. If this is not feasible, then the public right of way will need to be diverted, which requires a separate planning application. ""}",
f1aa3713-110d-4f4b-8ba2-db39fd1c09e3,2bf32a02-7293-40b1-babc-722b37d5134f,what-is-the-driver,2024-05-02 00:00:00,,,"{""choice"": ""Specific user requirement""}",
5fee7280-ebc0-4348-9b3d-deb3beb740e7,2bf32a02-7293-40b1-babc-722b37d5134f,which-focus-area-does-it-support,2024-05-02 00:00:00,,,"{""choice"": ""Modern planning software""}",
a49c2b80-38ae-491b-9f1d-60f2a3d736db,277ebb03-7337-44dd-8298-6135d0a63c85,who-asked-for-it,2024-05-02 00:00:00,,,"{""text"": ""Open Systems Lab - Planning Software, specifically as constraint in PlanX""}",
c5768743-d3d7-47f0-8a92-e00298112076,277ebb03-7337-44dd-8298-6135d0a63c85,what-is-the-driver,2024-05-02 00:00:00,,,"{""choice"": ""Specific user requirement""}",
4f4ca9cd-4bf0-47a8-a67c-fc4372331efb,277ebb03-7337-44dd-8298-6135d0a63c85,which-focus-area-does-it-support,2024-05-02 00:00:00,,,"{""choice"": ""Modern planning software""}",
3bfbcd65-ebc1-4a4d-a02a-d27702f9140e,277ebb03-7337-44dd-8298-6135d0a63c85,what-is-the-planning-consideration,2024-05-02 00:00:00,,,"{""text"": ""A building which is protected because it has special architectural or historic interest.""}",
413fa60f-28bf-49f6-9016-4fe6ce9638e3,277ebb03-7337-44dd-8298-6135d0a63c85,is-there-legislation,2024-05-02 00:00:00,,,"{""choice"": ""Yes""}",
49c3316a-5863-475d-839e-a67382358c75,277ebb03-7337-44dd-8298-6135d0a63c85,lifecycle,2024-05-02 00:00:00,,,"{""choice"": ""Yes""}",
268203e0-37a1-441e-8621-01cb56d790e4,0db1d6ee-e255-410e-99c6-4bc30007f7c7,what-is-the-driver,2024-05-03 00:00:00,,,"{""choice"": ""Specific user requirement""}",
3a1fae43-da8c-491b-acda-cf786f3e232d,0db1d6ee-e255-410e-99c6-4bc30007f7c7,which-focus-area-does-it-support,2024-05-03 00:00:00,,,"{""choice"": ""Modern planning software;Faster local plans""}",
f97f9461-dd91-47d2-8d1e-5aa91f49c06b,0db1d6ee-e255-410e-99c6-4bc30007f7c7,what-is-the-planning-consideration,2024-05-03 00:00:00,,,"{""text"": ""Areas that have been wooded continuously since at least 1600 AD.""}",
f50ef99b-3a69-4fa0-aa3c-7f550f15032d,0db1d6ee-e255-410e-99c6-4bc30007f7c7,is-there-legislation,2024-05-03 00:00:00,,,"{""choice"": ""Yes""}",
e1d0e903-36d9-4587-b1b4-dd721fc25d6c,9ea82299-82a8-494c-a2b6-3a89847d7ca0,user-and-data-needs,2024-06-20 13:34:31.579289,,,"{""text"": ""This dataset will help users to locate transport access points, including bus, rail, tram, metro, underground, air and ferry services. It will inform development management decision making through development of transport assessments / travel plans for access / design and access statements, as well as in planmaking, when assessing the suitability of a site, in terms of transport accessibility.""}",
a94f9ea2-c966-4ebf-892a-bc4a1bd4378f,cf87eb25-bd6f-4eb0-9c3c-cac00e269eba,lifecycle,2024-05-03 00:00:00,,,"{""choice"": ""Yes""}",
12d762fb-9678-48d7-8810-f912c3fd001c,9ea82299-82a8-494c-a2b6-3a89847d7ca0,what-is-the-planning-consideration,2024-06-20 13:34:17.757364,2024-06-20 13:35:25.059349,,"{""text"": ""[NaPTAN](https://beta-naptan.dft.gov.uk/) is the national dataset for uniquely identifying all public transport access points in England, Scotland and Wales.""}",
fa6faaec-36de-4d19-ba85-58fa5af7497a,0db1d6ee-e255-410e-99c6-4bc30007f7c7,what-is-the-legislation-that-defines-designation,2024-05-03 00:00:00,2024-05-22 10:58:50.457492,,"{""text"": ""There is no legislation covering how ancient woodland gets designated.\r\n\r\nA [practice guide](https://assets.publishing.service.gov.uk/media/5b35fa57ed915d0b53021ae1/FCPG201.pdf) has been produced by the Forestry Commission on “managing ancient and native woodland in England” which covers assessment and monitoring in chapter one.""}",
fdcb355d-4559-4ab4-baea-e0647ac65be3,277ebb03-7337-44dd-8298-6135d0a63c85,what-is-the-legislation-that-defines,2024-05-02 00:00:00,2024-05-22 11:32:25.485752,,"{""text"": ""[Planning (Listed Buildings and Conservation Areas) Act 1990, Chapter 1](https://www.legislation.gov.uk/ukpga/1990/9/part/I/chapter/1 )""}",
36f11692-c68c-4e2d-befe-0dc0c5df60f5,277ebb03-7337-44dd-8298-6135d0a63c85,what-is-the-legislation-that-defines-designation,2024-05-02 00:00:00,2024-05-22 11:33:22.817081,,"{""text"": ""There is no legislation covering how a listed building gets designated.\r\nA web page produced by Historic England can be found [here](https://historicengland.org.uk/listing/apply-for-listing/listing-process/) which outlines the process and the different steps in designating a listing.\r\n\r\n[Planning (Listed Buildings and Conservation Areas) Act 1990, Section 1](https://www.legislation.gov.uk/ukpga/1990/9/section/1) - \r\n\r\nOne part of the designation process is highlighted in this section of legislation, being the need for the SoS to consult with “The Commission” (Historic England) and other people / bodies who have special knowledge or interest in the building.""}",
6e65407f-c516-4cc6-a903-cb07646b50e8,277ebb03-7337-44dd-8298-6135d0a63c85,who-in-law-is-responsible-for-it,2024-05-02 00:00:00,2024-05-22 11:34:23.015176,,"{""text"": ""[SoS for DCMS](https://www.legislation.gov.uk/ukpga/1990/9/section/1 ) - “the Secretary of State shall compile lists of such buildings.”""}",
a6ba1a20-e80b-415f-b62f-e74cf1d3c279,9ea82299-82a8-494c-a2b6-3a89847d7ca0,is-there-legislation,2024-06-20 13:35:44.026913,,,"{""choice"": ""No""}",
8d9fa254-7b0a-4810-aa84-7885e996c61c,9ea82299-82a8-494c-a2b6-3a89847d7ca0,who-in-law-is-responsible-for-it,2024-06-20 13:36:48.9182,,,"{""text"": ""Department for Transport""}",
b31a277b-4c7f-4526-a1a5-2d007d064278,8da71a60-a503-4b22-9e6b-2ea6e9265580,additional-users,2024-12-10 16:21:50.514071,,,"{""text"": ""Landowners, developers and site promoters, to be able to take the presence of PRoW into account in the early stages of seeking planning.""}",
8855d3b6-d67e-4b16-b93b-882b3404d846,9ea82299-82a8-494c-a2b6-3a89847d7ca0,is-it-a-trigger,2024-06-20 13:37:59.907063,2024-06-20 13:38:29.102288,,"{""choice"": ""No""}",
8b57a5a5-18cb-4296-a7b3-f53b6e103308,9ea82299-82a8-494c-a2b6-3a89847d7ca0,is-it-consulted,2024-06-20 13:38:35.93407,,,"{""choice"": ""Yes""}",
3ac993f2-3926-4c20-b74d-a0b6c86badc8,9ea82299-82a8-494c-a2b6-3a89847d7ca0,existing-data,2024-06-20 13:38:37.746248,,,"{""choice"": ""Yes""}",
a630939e-b868-40f2-9562-80c8a489181e,9ea82299-82a8-494c-a2b6-3a89847d7ca0,is-consulted,2024-06-20 13:39:08.273426,,,"{""text"": ""This dataset will be used to inform the completion of a Design and Access statement, required for most applications. ""}",
8a6eaebc-299c-444a-aefc-02c3cda40691,d6af1726-f5e6-49df-8808-80b4449a97d3,is-there-legislation,2024-06-24 15:45:02.347266,,,"{""choice"": ""No""}",
d07560cf-b676-4997-a0cf-c27255b9e83b,8da71a60-a503-4b22-9e6b-2ea6e9265580,existing-data,2024-12-10 16:22:32.389368,,,"{""choice"": ""Yes""}",
327dda09-45f4-4130-a10a-ff4fabfe658f,8da71a60-a503-4b22-9e6b-2ea6e9265580,use-cases,2024-12-10 16:23:51.639651,,,"{""text"": ""Understanding the presence of PRoW is useful for developers, landowners and site promoters to take into account during the early stages of progressing a site. This will influence site design and layout.""}",
84c03241-e50f-46d4-92c5-da4f65b7193d,8da71a60-a503-4b22-9e6b-2ea6e9265580,statutory-consultees,2024-12-10 16:25:29.711367,,,"{""text"": ""The highways authority""}",
7d162f67-cab8-4ff3-9ae1-6c2392e3b4a3,8da71a60-a503-4b22-9e6b-2ea6e9265580,existing-data-examples,2024-12-10 16:29:36.968344,,,,"[{""url"": ""https://www.rowmaps.com/datasets/"", ""name"": ""Details about rights of way"", ""fields"": ""Council;Name;Type;Distance;First GridRef;Last GridRef;First Lat,Lon;Last Lat,Lon"", ""licence"": ""Open Licence - Rights of way data for the 138 authorities that are listed in the table below have been released with an open licence."", ""coverage"": ""Partial"", ""position"": 0, ""publisher"": ""rowmaps"", ""csrf_token"": ""ImI0ZTU5ZDNmM2EyNjI2NWIzNjMxOTUzNmRjZGY0ZDMwYWUzZTdlYTMi.Z1hqyg.0KrCWOCsWghKIhwnsfajxbAtWNI"", ""attribution"": ""\""The authority's data contains Ordnance Survey data © Crown copyright and database right 2024.\"" - Used on the dataset webpage."", ""metadata_url"": """"}]"
049e0ccd-d1d0-4f7c-97b9-4490d1bfa5d1,277ebb03-7337-44dd-8298-6135d0a63c85,is-it-a-trigger,2024-05-02 00:00:00,,,"{""choice"": ""Yes""}",
19e11f31-df75-4adc-a551-23e3f2cad23a,277ebb03-7337-44dd-8298-6135d0a63c85,is-it-consulted,2024-05-02 00:00:00,,,"{""choice"": ""Yes""}",
6237a375-280f-4071-b883-29fd5d88d78c,277ebb03-7337-44dd-8298-6135d0a63c85,is-consulted,2024-05-02 00:00:00,,,"{""text"": ""Further research is required to confirm whether listed building data would be consulted in the completion of listed building consent applications.""}",
3391754d-6baf-4b64-ac7c-858a44b2ae3c,277ebb03-7337-44dd-8298-6135d0a63c85,existing-data,2024-05-02 00:00:00,,,"{""choice"": ""Yes""}",
f5b8a982-304b-4b81-a286-e2ee1792a964,277ebb03-7337-44dd-8298-6135d0a63c85,is-a-data-standard-required,2024-05-02 00:00:00,,,"{""choice"": ""Yes""}",
6f888d16-5d79-446a-bf6a-363850ca4076,277ebb03-7337-44dd-8298-6135d0a63c85,existing-data-examples,2024-05-02 00:00:00,2024-05-02 15:31:33.319317,,,"[{""url"": ""https://opendata-historicengland.hub.arcgis.com/datasets/historicengland::national-heritage-list-for-england-nhle/about?layer=0"", ""fields"": ""List entry number;Name;Grade;Listing date;Amendment date;Capture scale;NHLE link;National Grid Reference;Easting;Northing"", ""licence"": ""“Subject to the Open Government Licence v3 (OGL), you are granted a worldwide, perpetual, non-exclusive licence to use the Historic England Data.”"", ""coverage"": ""National"", ""position"": ""0"", ""publisher"": ""Historic England"", ""csrf_token"": ""IjIwOThmMTIyM2VhMjkxMmIwNmM0NWRjYTYyYzIyMWI5NGYwNzYwZDUi.ZjOxAg.teffYg7qtJ8y2khtMxd3NOD6RcM"", ""attribution"": ""“You must always use the following attribution statements to acknowledge the source of the information:\r\n© Historic England [year] and for spatial data only add Contains Ordnance Survey data © Crown copyright and database right [year].”""}, {""url"": ""https://ssa.camden.gov.uk/connect/analyst/mobile/#/main?mapcfg=%2FMapProjects%2FCamdenConservation"", ""fields"": ""Title;Key (Grade);Description;Link (to HE);Geometry"", ""licence"": ""Unknown"", ""coverage"": ""Local"", ""position"": ""1"", ""publisher"": ""Camden London Borough Council"", ""csrf_token"": ""IjIwOThmMTIyM2VhMjkxMmIwNmM0NWRjYTYyYzIyMWI5NGYwNzYwZDUi.ZjOxZQ.u48o63Elhq-6sZxH9Zyf5u1JZXs"", ""attribution"": """"}, {""url"": ""https://newcastlecc.maps.arcgis.com/apps/instant/basic/index.html?appid=6956e23b13874008b18a2598b4ade83a&locale=en-gb"", ""fields"": ""Title;Grade;Link (to HE);Geometry"", ""licence"": ""“This website and its content is copyright of Newcastle City Council - © Newcastle City Council 2012. All rights reserved.”"", ""coverage"": ""Local"", ""position"": ""2"", ""publisher"": ""Newcastle City Council"", ""csrf_token"": ""IjIwOThmMTIyM2VhMjkxMmIwNmM0NWRjYTYyYzIyMWI5NGYwNzYwZDUi.ZjOxqw.-_gQ_OiS_ltUVrIKU7VNeZi8wrs"", ""attribution"": """"}]"
d2acbcce-8a82-4318-a111-c9a1f759eec8,277ebb03-7337-44dd-8298-6135d0a63c85,single-source,2024-05-02 00:00:00,,,"{""text"": ""Listed building point data is nationally available through Historic England. Polygon data was commenced by Historic England for all listings after the 4th April 2011, and as such this dataset will always have gaps.\r\nThis remaining data will not come from a single source, it will be down to all LPAs to produce this data individually.\r\n""}",
4dd75c26-c31a-4608-b333-f030e572f692,277ebb03-7337-44dd-8298-6135d0a63c85,how-is-data-created,2024-05-02 00:00:00,,,"{""text"": ""We have not explicitly asked Historic England how they produce their data yet. It is assumed based off of research and our initial conversation with them that they get the relevant point data from applications for listing, but it is yet unclear as to how they get their polygon data. \r\nWhen it comes to LPAs producing their Listed Building Polygon data individually, we expect that they will use:\r\nreference values from the Historic England dataset\r\npoint data to identify the listed buildings which require polygons\r\nuse OS basemap data from Mastermap to complete their polygons as accurately as possible.""}",
8fe177e8-8eaa-4195-a255-dd0c708be164,277ebb03-7337-44dd-8298-6135d0a63c85,where-is-data-used,2024-05-02 00:00:00,,,"{""text"": ""Knowing about a listed building will impact the information an applicant will need to provide to gain planning consent.""}",
8e6c3a89-bd3a-47e9-a55c-75d3c6e188dd,277ebb03-7337-44dd-8298-6135d0a63c85,lifecycle-stages,2024-05-02 00:00:00,2024-05-02 15:40:07.134316,,,"[{""name"": ""Preliminary Checks"", ""actors"": ""Applicant / Local Historic England Office"", ""impact"": ""No progression to application as building in question could already be pending a decision"", ""output"": """", ""position"": ""0"", ""csrf_token"": ""IjIwOThmMTIyM2VhMjkxMmIwNmM0NWRjYTYyYzIyMWI5NGYwNzYwZDUi.ZjOzBQ.nVSy7Zb5E90HjMy6aeQpY7Iz9YE"", ""description"": """"}, {""name"": "" Application to Historic England"", ""actors"": ""Applicant / Historic England"", ""impact"": """", ""output"": ""Application"", ""position"": ""1"", ""csrf_token"": ""IjIwOThmMTIyM2VhMjkxMmIwNmM0NWRjYTYyYzIyMWI5NGYwNzYwZDUi.ZjOzGA.yu8QJzAWGRgc7eY_urxc8iu1Fb8"", ""description"": """"}, {""name"": ""Period of consultation"", ""actors"": ""Historic England / Applicant / Consultees (Owner, LPA, National Park Authority, HER Officer, Other relevant parties)"", ""impact"": """", ""output"": ""Further Research\r\nRecommendations for the SoS DCMS"", ""position"": ""2"", ""csrf_token"": ""IjIwOThmMTIyM2VhMjkxMmIwNmM0NWRjYTYyYzIyMWI5NGYwNzYwZDUi.ZjOzMw.11Z55xQ9DCR1c8FQbZjU7vETFjk"", ""description"": """"}, {""name"": "" Decision from SoS"", ""actors"": ""SoS DCMS "", ""impact"": """", ""output"": ""Decision"", ""position"": ""3"", ""csrf_token"": ""IjIwOThmMTIyM2VhMjkxMmIwNmM0NWRjYTYyYzIyMWI5NGYwNzYwZDUi.ZjOzTA.qTGYd1-rLHN2lEDz8aay3O6gyLo"", ""description"": """"}, {""name"": ""Right to appeal"", ""actors"": ""Applicant / Consultees"", ""impact"": ""Could overturn the decision initially given by the SoS DCMS"", ""output"": """", ""position"": ""4"", ""csrf_token"": ""IjIwOThmMTIyM2VhMjkxMmIwNmM0NWRjYTYyYzIyMWI5NGYwNzYwZDUi.ZjOzYg.uIK8aXiWtXC3kXk22AbhxURr4QE"", ""description"": """"}, {""name"": ""Right to appeal"", ""actors"": ""Applicant / Consultees"", ""impact"": ""Could overturn the decision initially given by the SoS DCMS"", ""output"": """", ""position"": ""5"", ""csrf_token"": ""IjIwOThmMTIyM2VhMjkxMmIwNmM0NWRjYTYyYzIyMWI5NGYwNzYwZDUi.ZjOzgA.74lWwyC_Gn9UbRvNpKjlPJdXWEU"", ""description"": """"}, {""name"": ""Delisting Process"", ""actors"": ""Applicant / Historic England / SoS DCMS"", ""impact"": ""Removal or amendment to the list"", ""output"": ""Application for delisting"", ""position"": ""6"", ""csrf_token"": ""IjIwOThmMTIyM2VhMjkxMmIwNmM0NWRjYTYyYzIyMWI5NGYwNzYwZDUi.ZjOzlQ.TDAPrQV7uAlgEvEetJFIR76VyoY"", ""description"": ""https://historicengland.org.uk/images-books/publications/guidance-de-listing-building/removing-building-from-list-jan19/""}]"
228bf1d9-5b91-43c3-a6a1-0ecce7c0a4b9,a771a6f1-b79f-4a12-be15-a9ff7fb40058,what-is-the-legislation-for-publication,2024-05-15 00:00:00,2024-05-22 11:24:22.134544,,"{""text"": ""[The Town and Country Planning (Brownfield Land Register) Regulations 2017, Regulation 16](https://www.legislation.gov.uk/uksi/2017/403/regulation/16/made) - “Public inspection of the register”\r\n\r\n(1) The register must be kept available for public inspection at the principal office of the local planning authority.\r\n(2) Where the register kept by a local planning authority under this regulation is kept using electronic storage, the authority may make the register available for inspection by the public on a website maintained by the authority for that purpose.""}",
51633486-7fbb-49a8-81a0-42a5de118140,277ebb03-7337-44dd-8298-6135d0a63c85,what-is-triggered,2024-05-02 00:00:00,2024-05-22 11:34:39.58811,,"{""text"": ""- Heritage statement \r\n- Structural survey\r\n- Lighting assessment\r\n- Archaeological assessment\r\n- Listed building consent\r\n""}",
4f7df543-a4c4-4090-a839-f30d970b1e4c,8da71a60-a503-4b22-9e6b-2ea6e9265580,single-source,2024-12-10 16:33:56.099785,,,"{""text"": ""No - the data that is available above is a cumulation of multiple LPAs who have released their data under an open licence.""}",
8d3519ba-a585-48c8-b6a0-715fac5c5b8c,8da71a60-a503-4b22-9e6b-2ea6e9265580,is-there-legislation,2024-12-10 16:40:42.580981,,,"{""choice"": ""No""}",
5bd76e3b-76bb-4267-aca2-a777e5c98f14,9ea82299-82a8-494c-a2b6-3a89847d7ca0,related-planning-considerations,2024-06-20 13:42:39.64733,2024-06-20 13:43:07.66545,,"{""text"": ""[National Public Transport Gazetteer (NPTG)](https://beta-naptan.dft.gov.uk/download/nptg)""}",
941760b2-9cb5-4629-9b06-0462705250da,d6af1726-f5e6-49df-8808-80b4449a97d3,who-in-law-is-responsible-for-it,2024-06-24 16:05:19.665318,2024-06-24 16:06:00.331974,,"{""text"": ""There is no legislation around CASI and LiDAR, but the accountability lies with the Environment Agency, as this is the body that has [published](https://www.data.gov.uk/dataset/1707e638-6a2d-48f5-a534-1db0b240cc37/casi-and-lidar-habitat-map#:~:text=It%20includes%20those%20areas%20where,data%20and%20other%20GIS%20products) the national dataset.""}",
f07cbd80-b714-4567-bec2-ae2bfbcccce4,d6af1726-f5e6-49df-8808-80b4449a97d3,is-it-a-trigger,2024-06-24 16:07:04.225118,,,"{""choice"": ""No""}",
ea64a8fb-88d0-492c-a66f-944728f92e6f,d6af1726-f5e6-49df-8808-80b4449a97d3,existing-data,2024-06-24 16:07:36.25615,,,"{""choice"": ""Yes""}",
1d8e6310-6ac5-4ed5-b5d0-81c2c3e1140c,8da71a60-a503-4b22-9e6b-2ea6e9265580,who-in-law-is-responsible-for-it,2024-12-10 16:43:28.797852,,,"{""text"": ""- Local highways authority\r\n- Local planning authorities""}",
bf6c829f-2db4-45fd-a0d7-f6d90e21078d,a771a6f1-b79f-4a12-be15-a9ff7fb40058,is-it-a-trigger,2024-05-15 00:00:00,,,"{""choice"": ""No""}",
44438a7a-3b77-42ed-8324-5f24ed6f8450,a771a6f1-b79f-4a12-be15-a9ff7fb40058,is-it-consulted,2024-05-15 00:00:00,,,"{""choice"": ""Yes""}",
77e14d59-dd62-4f8f-9dc4-7165638b3d9e,a771a6f1-b79f-4a12-be15-a9ff7fb40058,is-consulted,2024-05-15 00:00:00,,,"{""text"": ""Where required procedures are followed in relation to keeping a brownfield land register, this data can be used to consult potential sites for future development.""}",
d16bef38-da11-4962-bfdb-d29bd16d8101,a771a6f1-b79f-4a12-be15-a9ff7fb40058,existing-data,2024-05-15 00:00:00,,,"{""choice"": ""Yes""}",
768664b1-c110-4941-9bd0-abc31af9a109,a771a6f1-b79f-4a12-be15-a9ff7fb40058,existing-data-examples,2024-05-15 00:00:00,2024-05-15 15:01:57.213063,,,"[{""url"": ""https://www.lambeth.gov.uk/planning-building-control/planning-policy-guidance/brownfield-land-register"", ""fields"": ""OrganisationURL;OrganisationLabel;SiteReference;SiteNameAddress;SiteplanURL;GeoX;GeoY Hectares;OwnershipStatus;PlanningStatus;PermissionType;PermissionDate;PlanningHistory;Deliverable;NetDwellingsRangeFrom;NetDwellingsRangeTo;HazardousSubstances;Notes;FirstAddedDate;LastAddedDate;EndDate"", ""licence"": ""Lambeth’s Brownfield Land Register contains public sector information licensed under the Open Government Licence v3.0."", ""coverage"": ""Local Authority"", ""position"": ""0"", ""publisher"": ""Lambeth London Borough Council"", ""csrf_token"": ""ImNjZWRhOTYxOGNhZTE3MDhkNDgwNTk3YjM1NThkMjU3M2I1OWNmNDQi.ZkTMtA.UIuy_13YJNY9WRlsU2-Avetyuu4"", ""attribution"": ""N / A""}, {""url"": ""https://www.cornwall.gov.uk/planning-and-building-control/planning-policy/adopted-plans/register-of-brownfield-land/ "", ""fields"": ""OrganisationURL;SiteReference;SiteNameAddress;GeoX;GeoY;SiteplanURL;Hectares;OwnershipStatus;PlanningStatus;PermissionType;PermissionDate;PlanningHistory;Deliverable;NetDwellingsRangeFrom;NetDwellingsRangeTo;HazardousSubstances;Notes;FirstAddedDate;LastUpdatedDate;EndDate;AltRef;SortOrder;DevelopmentDescription;EndDateReason;VersionNumber"", ""licence"": ""All sites are also shown on the Council's Interactive Mapping site. Data is provided under the Open Government Licence."", ""coverage"": ""Local Authority"", ""position"": ""1"", ""publisher"": ""Cornwall Council"", ""csrf_token"": ""ImNjZWRhOTYxOGNhZTE3MDhkNDgwNTk3YjM1NThkMjU3M2I1OWNmNDQi.ZkTNcg.Dkc2T8fwvLNP2DBppkON97dx8zk"", ""attribution"": ""N / A""}]"
9d2b5cad-c142-4a45-8310-ae628a51fb5f,a771a6f1-b79f-4a12-be15-a9ff7fb40058,single-source,2024-05-15 00:00:00,,,"{""text"": ""No""}",
dfc5995f-7927-426d-9c26-e85745ecafcf,a771a6f1-b79f-4a12-be15-a9ff7fb40058,is-a-data-standard-required,2024-05-15 00:00:00,,,"{""choice"": ""No""}",
78c05729-f7b9-4144-9e09-60df4de4ced1,a771a6f1-b79f-4a12-be15-a9ff7fb40058,lifecycle,2024-05-15 00:00:00,,,"{""choice"": ""Yes""}",
51778f67-9c2c-49a9-87ff-23bb7dbc26c2,a771a6f1-b79f-4a12-be15-a9ff7fb40058,lifecycle-stages,2024-05-15 00:00:00,2024-05-15 15:05:38.142312,,,"[{""name"": ""Public proposal and consultation periods"", ""actors"": ""LPA, parish councils, neighbourhood forums, county planning authorities, Mayor of London, SoS"", ""impact"": ""Amendments can be made to the proposed register (part 2)"", ""output"": ""Brownfield land register"", ""position"": ""0"", ""csrf_token"": ""ImNjZWRhOTYxOGNhZTE3MDhkNDgwNTk3YjM1NThkMjU3M2I1OWNmNDQi.ZkTO3A.YRfAVaqMg7DjNMOpfTVdDjPUUYM"", ""description"": """"}, {""name"": ""Revision of the register"", ""actors"": ""LPA"", ""impact"": """", ""output"": """", ""position"": ""1"", ""csrf_token"": ""ImNjZWRhOTYxOGNhZTE3MDhkNDgwNTk3YjM1NThkMjU3M2I1OWNmNDQi.ZkTPCA.6GOZuNaoUYZnUxT84r-dBEYEIhM"", ""description"": """"}]"
f98769ad-7613-42d3-8ac5-6480bd0f8fd4,a771a6f1-b79f-4a12-be15-a9ff7fb40058,where-is-data-used,2024-05-15 00:00:00,,,"{""text"": ""The data should be used to plan for housing-led development and more consistent and efficient processes.""}",
936aaa3b-b223-49fd-ad1d-8bd39d692744,9ea82299-82a8-494c-a2b6-3a89847d7ca0,existing-data-examples,2024-06-20 13:39:14.673751,2024-06-20 13:53:37.301016,,,"[{""url"": ""https://beta-naptan.dft.gov.uk/"", ""fields"": ""ATCOCode;NaptanCode;PlateCode;CleardownCode;CommonName;CommonNameLang;ShortCommonName;ShortCommonNameLang;Landmark;LandmarkLang;Street;StreetLang;Crossing;CrossingLang;Indicator;IndicatorLang;Bearing;NptgLocalityCode;LocalityName;ParentLocalityName;GrandParentLocalityName;Town;TownLang;Suburb;SuburbLang;LocalityCentre;GridType;Easting;Northing;Longitude;Latitude;StopType;BusStopType;TimingStatus;DefaultWaitTime;Notes;NotesLang;AdministrativeAreaCode;CreationDateTime;ModificationDateTime;RevisionNumber;Modification;Status"", ""licence"": ""OGL version 3"", ""coverage"": ""National"", ""position"": ""0"", ""publisher"": ""DfT"", ""csrf_token"": ""IjU3NzM1MDMxZmY3NTZmNzMyODA2YjM3ZDA4MDE0MDcwZDM2OGRhMTEi.ZnQ0VA.s2rQzFryOqSqVVsi_Qc7V-PyE70"", ""attribution"": """"}]"
bfff8906-67e9-424c-afa3-c91aa5826caf,0db1d6ee-e255-410e-99c6-4bc30007f7c7,is-it-a-trigger,2024-05-03 00:00:00,,,"{""choice"": ""Yes""}",
67f337f9-f9aa-4d33-8887-0042289fb737,0db1d6ee-e255-410e-99c6-4bc30007f7c7,what-is-triggered,2024-05-03 00:00:00,,,"{""text"": ""As per the guidance, “development resulting in the loss or deterioration of irreplaceable habitats (such as ancient woodland and ancient or veteran trees) should be refused, unless there are wholly exceptional reasons and a suitable compensation strategy exists.”""}",
0f5b9bd9-63bc-44c4-97f2-dcdef64c813e,0db1d6ee-e255-410e-99c6-4bc30007f7c7,is-it-consulted,2024-05-03 00:00:00,,,"{""choice"": ""Yes""}",
a8089063-5612-4d00-8e00-ff131a4c0115,0db1d6ee-e255-410e-99c6-4bc30007f7c7,who-in-law-is-responsible-for-it,2024-05-03 00:00:00,2024-05-22 10:59:51.186952,,"{""text"": ""[Forestry Commission](https://www.gov.uk/government/organisations/forestry-commission/about) (GOV.UK, not legislative)""}",
772b6aea-608c-4eed-a35f-f828240c884d,a771a6f1-b79f-4a12-be15-a9ff7fb40058,who-in-law-is-responsible-for-it,2024-05-15 00:00:00,2024-05-22 11:24:37.008064,,"{""text"": ""[Local Planning Authorities](https://www.legislation.gov.uk/uksi/2017/403/regulation/3/made)""}",
c03892e6-5ad3-4e2b-8a37-88b232c2d3bc,a771a6f1-b79f-4a12-be15-a9ff7fb40058,how-is-data-created,2024-05-15 00:00:00,2024-05-22 11:25:50.168946,,"{""text"": ""This data is produced under [this standard](https://www.gov.uk/government/publications/brownfield-land-registers-data-standard/publish-your-brownfield-land-data)""}",
18c15a85-9764-4448-9d2b-6fbe36ed77df,8da71a60-a503-4b22-9e6b-2ea6e9265580,publishing-organisations,2024-12-10 16:43:44.30492,,,"{""choice"": ""Local authorities""}",
fda2dcf0-da07-46a7-a699-7922821b708c,d6af1726-f5e6-49df-8808-80b4449a97d3,single-source,2024-06-24 16:14:46.526936,,,"{""text"": ""Yes""}",
16951d49-2646-43e2-a74f-9e8a12e208fd,d6af1726-f5e6-49df-8808-80b4449a97d3,is-a-data-standard-required,2024-06-24 16:14:50.075295,,,"{""choice"": ""No""}",
647cb5b4-6146-4ba5-9a78-746649e0e0c3,0db1d6ee-e255-410e-99c6-4bc30007f7c7,is-consulted,2024-05-03 00:00:00,,,"{""text"": ""Further research is required to confirm whether ancient woodland data would be consulted in the assessment of whether a wholly exceptional reason is present.""}",
c972c02d-2d6d-4413-93f2-377b8e7fc821,0db1d6ee-e255-410e-99c6-4bc30007f7c7,existing-data,2024-05-03 00:00:00,,,"{""choice"": ""Yes""}",
0a26a588-6589-49d5-9b4c-7f4edc5d93c8,cf87eb25-bd6f-4eb0-9c3c-cac00e269eba,how-is-data-created,2024-05-03 00:00:00,,,"{""text"": ""We do not know how this data is created, further research is required.""}",
97e4a4dc-29e9-41cb-88d6-b59f74df7642,cf87eb25-bd6f-4eb0-9c3c-cac00e269eba,where-is-data-used,2024-05-03 00:00:00,,,"{""text"": ""Development applications based in areas of outstanding natural beauty will be dealt with efficiently, as the area will be highlighted as being under the highest protection.""}",
8897ba6b-c564-431b-9fd3-ab96c8b091a7,cf87eb25-bd6f-4eb0-9c3c-cac00e269eba,related-planning-considerations,2024-05-03 00:00:00,,,"{""text"": ""N / A""}",
4da71842-e12f-40e7-aef9-2f043da9adad,cf87eb25-bd6f-4eb0-9c3c-cac00e269eba,risks,2024-05-03 00:00:00,,,"{""text"": ""N / A""}",
f77b594e-a4ed-4a10-86e8-3e792de434cc,7cac6c4c-6047-463b-9bed-207c6df6b463,what-is-the-planning-consideration,2024-05-17 00:00:00,,,"{""text"": ""A Design Code is a set of design requirements providing specific parameters for the physical development of a site or area. They set expectations of design quality for any upcoming development.""}",
dea6817b-ad53-45e3-9038-cab84e6cc239,8da71a60-a503-4b22-9e6b-2ea6e9265580,is-it-a-trigger,2024-12-10 16:43:59.16373,,,"{""choice"": ""No""}",
487b7dd4-37d1-4b87-a7c4-3741e0b2d5e1,0db1d6ee-e255-410e-99c6-4bc30007f7c7,publishing-organisations,2024-05-03 00:00:00,2024-09-03 14:32:56.644585,,"{""choice"": ""Forestry Commission;Natural England;Woodland Trust""}",
c166e953-10ce-4a63-9597-18f81f99f7b2,8da71a60-a503-4b22-9e6b-2ea6e9265580,is-it-consulted,2024-12-10 16:44:19.04498,,,"{""choice"": ""No""}",
489152ec-9d26-4e43-a5c9-ec4458e72922,8da71a60-a503-4b22-9e6b-2ea6e9265580,is-a-data-standard-required,2024-12-10 16:44:26.810079,,,"{""choice"": ""Yes""}",
775a8a0b-b290-47c1-8a78-a8a1477c986f,8da71a60-a503-4b22-9e6b-2ea6e9265580,which-focus-area-does-it-support,2024-12-10 16:55:55.048636,,,"{""choice"": ""Modern planning software;Faster local plans""}",
6048a418-13ad-471a-b21c-aa25beefe5c4,0ee51c1b-cc3f-44c5-9409-2d31b2e1b517,who-asked-for-it,2025-01-13 11:16:12.755592,,,"{""text"": ""Digital directorate front door""}",
dde3f439-f73a-4877-b519-f46ad8872d98,0ee51c1b-cc3f-44c5-9409-2d31b2e1b517,what-is-the-driver,2025-01-13 11:22:14.238171,,,"{""choice"": ""Other""}",
08e1b830-1e04-42a2-b731-d93ba145b399,0db1d6ee-e255-410e-99c6-4bc30007f7c7,existing-data-examples,2024-05-03 00:00:00,2024-05-03 09:43:53.414807,,,"[{""url"": ""https://naturalengland-defra.opendata.arcgis.com/datasets/Defra::ancient-woodland-england/about"", ""fields"": ""NAME;THEM;THEMNAME;THEMID;STATUS;PERIMETER;AREA X_COORD;Y_COORD;Shape_Area;Shape_Length"", ""licence"": ""Use of this data is subject to the Open Government Licence"", ""coverage"": ""National"", ""position"": ""0"", ""publisher"": ""Natural England"", ""csrf_token"": ""IjIwOThmMTIyM2VhMjkxMmIwNmM0NWRjYTYyYzIyMWI5NGYwNzYwZDUi.ZjSxMw.FungwApYcY1mpcfBjvQzaEKHvCI"", ""attribution"": """"}, {""url"": ""https://www.data.gov.uk/dataset/9461f463-c363-4309-ae77-fdcd7e9df7d3/ancient-woodland-england#licence-info"", ""fields"": """", ""licence"": ""Open Government Licence"", ""coverage"": ""National"", ""position"": ""1"", ""publisher"": ""Natural England"", ""csrf_token"": ""IjIwOThmMTIyM2VhMjkxMmIwNmM0NWRjYTYyYzIyMWI5NGYwNzYwZDUi.ZjSxew.Y4kehqznTMfWlH11xTJTa17ktbU"", ""attribution"": ""© Natural England copyright. Contains Ordnance Survey data © Crown copyright and database right [year].""}]"
8923bdc0-8be0-4656-86bb-9402a6001f25,0db1d6ee-e255-410e-99c6-4bc30007f7c7,single-source,2024-05-03 00:00:00,,,"{""text"": ""Yes - Natural England produce this data""}",
dcfdbace-325c-4234-b44e-0d90bc8b1fa0,0db1d6ee-e255-410e-99c6-4bc30007f7c7,is-a-data-standard-required,2024-05-03 00:00:00,,,"{""choice"": ""No""}",
b2265428-e7ef-4844-85a0-7205463d2c68,0db1d6ee-e255-410e-99c6-4bc30007f7c7,lifecycle,2024-05-03 00:00:00,,,"{""choice"": ""No""}",
adb9732d-2414-4955-9af9-de4588c8648f,0db1d6ee-e255-410e-99c6-4bc30007f7c7,how-is-data-created,2024-05-03 00:00:00,,,"{""text"": ""We do not know how this data is created, further research is required.""}",
84579fe0-4883-46f3-a0cc-b2abbba1a479,0db1d6ee-e255-410e-99c6-4bc30007f7c7,where-is-data-used,2024-05-03 00:00:00,,,"{""text"": ""Planning authorities will be able to see and react very quickly to applications based in areas that have ancient woodland, which would essentially be off-limits, whilst also making the composition of their local plans faster as it will immediately remove some sites from the allocation process.""}",
bfeed75c-308b-48de-ad45-859241cc2611,0db1d6ee-e255-410e-99c6-4bc30007f7c7,risks,2024-05-03 00:00:00,,,"{""text"": ""N / A""}",
40ad3484-9656-49c4-8ca9-635eeea329ce,cf87eb25-bd6f-4eb0-9c3c-cac00e269eba,who-asked-for-it,2024-05-03 00:00:00,,,"{""text"": ""This has been identified as a constraint from PlanX""}",
4229ee06-1b79-43d5-b7e9-ba3e4887fc27,cf87eb25-bd6f-4eb0-9c3c-cac00e269eba,what-is-the-driver,2024-05-03 00:00:00,,,"{""choice"": ""Specific user requirement""}",
4cf2179b-ac37-45b4-8932-358ea59e1f1b,cf87eb25-bd6f-4eb0-9c3c-cac00e269eba,which-focus-area-does-it-support,2024-05-03 00:00:00,,,"{""choice"": ""Modern planning software;Faster local plans""}",
9a1591eb-6769-4b4e-a7e8-b82996841ac3,cf87eb25-bd6f-4eb0-9c3c-cac00e269eba,what-is-the-planning-consideration,2024-05-03 00:00:00,,,"{""text"": ""Land protected by law to conserve and enhance its natural beauty.""}",
35904f45-0cf6-4468-93f0-308ea54d9876,cf87eb25-bd6f-4eb0-9c3c-cac00e269eba,is-there-legislation,2024-05-03 00:00:00,,,"{""choice"": ""Yes""}",
4439314a-0f96-4502-be3b-503ee71a8174,9ea82299-82a8-494c-a2b6-3a89847d7ca0,lifecycle,2024-06-20 14:01:32.579546,,,"{""choice"": ""No""}",
2189f672-a746-4489-9c25-f4199722c5c4,cf87eb25-bd6f-4eb0-9c3c-cac00e269eba,is-it-a-trigger,2024-05-03 00:00:00,,,"{""choice"": ""Yes""}",
64c1c322-f4d8-4c25-b990-46df249e3641,cf87eb25-bd6f-4eb0-9c3c-cac00e269eba,is-it-consulted,2024-05-03 00:00:00,,,"{""choice"": ""No""}",
dfc2ca03-9906-48f3-9f9e-6952b09f6137,cf87eb25-bd6f-4eb0-9c3c-cac00e269eba,existing-data,2024-05-03 00:00:00,,,"{""choice"": ""Yes""}",
e6099d8f-73ae-4bb6-8a97-1d3ffa365e7c,cf87eb25-bd6f-4eb0-9c3c-cac00e269eba,single-source,2024-05-03 00:00:00,,,"{""text"": ""No - this data exists nationally, provided by Natural England""}",
4263543d-b99d-4128-a08a-6cb991142b07,cf87eb25-bd6f-4eb0-9c3c-cac00e269eba,is-a-data-standard-required,2024-05-03 00:00:00,,,"{""choice"": ""No""}",
6edfeb58-dc7d-4061-ba24-e676459b08e3,cf87eb25-bd6f-4eb0-9c3c-cac00e269eba,what-is-the-legislation-that-defines-designation,2024-05-03 00:00:00,2024-05-22 11:08:06.373347,,"{""text"": ""There is no legislation covering how AONBs get designated.\r\n\r\n[Countryside and Rights of Way Act 2000, section 83](https://www.legislation.gov.uk/ukpga/2000/37/section/83) - “Procedure for designation orders”\r\n\r\nThere is further [guidance on the designation process](https://www.gov.uk/guidance/areas-of-outstanding-natural-beauty-aonbs-designation-and-management#designation-process).""}",
9c7e112a-1485-4f8c-822e-ed28a9cde360,cf87eb25-bd6f-4eb0-9c3c-cac00e269eba,who-in-law-is-responsible-for-it,2024-05-03 00:00:00,2024-05-22 11:09:02.41108,,"{""text"": ""[Natural England](https://www.legislation.gov.uk/ukpga/2000/37/section/83)\r\n\r\n[SoS for EFRA (to confirm, refuse, modify or vary)](https://www.legislation.gov.uk/ukpga/2000/37/section/83)""}",
b0ba64f3-ca79-417c-a7b0-9459307a3d7c,0ee51c1b-cc3f-44c5-9409-2d31b2e1b517,which-focus-area-does-it-support,2025-01-13 11:22:23.804411,,,"{""choice"": ""Modern planning software""}",
b4a7856e-8f6e-493b-9fc0-17fa3506bdba,cf87eb25-bd6f-4eb0-9c3c-cac00e269eba,what-is-triggered,2024-05-03 00:00:00,2024-05-22 11:09:53.50049,,"{""text"": ""Lighting assessment\r\nNutrient neutrality assessment\r\nThe [NPPF (Chapter 15)](https://assets.publishing.service.gov.uk/media/65a11af7e8f5ec000f1f8c46/NPPF_December_2023.pdf) also states that “great weight should be given to conserving and enhancing landscape and scenic beauty in National Parks, the Broads and Areas of Outstanding Natural Beauty which have the highest status of protection in relation to these issues. ""}",
719c8482-3273-431a-8c5c-341d9f5a51e7,9ea82299-82a8-494c-a2b6-3a89847d7ca0,how-is-data-created,2024-06-20 14:01:47.238302,2024-06-20 14:02:16.491063,,"{""text"": ""We do not need to understand this at this point.""}",
ed0668e2-6e5e-47d8-a9f0-4fea3a6075fa,cf87eb25-bd6f-4eb0-9c3c-cac00e269eba,existing-data-examples,2024-05-03 00:00:00,2024-05-22 11:10:20.492149,,,"[{""url"": ""https://naturalengland-defra.opendata.arcgis.com/datasets/6f2ad07d91304ad79cdecd52489d5046_"", ""fields"": ""CODE;NAME;DESIG_DATE;HOTLINK;STAT_AREA;Shape_Area;Shape_Length"", ""licence"": ""Use of this data is subject to the Open Government Licence"", ""coverage"": ""National"", ""position"": 0, ""publisher"": ""Natural England"", ""csrf_token"": ""IjIwOThmMTIyM2VhMjkxMmIwNmM0NWRjYTYyYzIyMWI5NGYwNzYwZDUi.ZjS-XQ.OIWzYFfvFI11tFXXfOw8XnD-RJk"", ""attribution"": """"}, {""url"": """", ""fields"": """", ""licence"": """", ""coverage"": """", ""position"": ""1"", ""publisher"": """", ""csrf_token"": ""ImNjZWRhOTYxOGNhZTE3MDhkNDgwNTk3YjM1NThkMjU3M2I1OWNmNDQi.Zk3SmA.8ePducRV2gnY61aFkMajwjDom3Q"", ""attribution"": """"}]"
6c1d6cb5-c4eb-49d1-b12a-ecf75b03fab5,9ea82299-82a8-494c-a2b6-3a89847d7ca0,where-is-data-used,2024-06-20 14:07:20.946464,,,"{""text"": ""N/A""}",
ec360f1b-da8a-486f-a413-fb28642f633d,9ea82299-82a8-494c-a2b6-3a89847d7ca0,primary-users,2024-06-20 14:07:33.847171,,,"{""text"": ""N/A""}",
f2e6573d-9d75-4037-aa81-e6f81e402875,9ea82299-82a8-494c-a2b6-3a89847d7ca0,additional-users,2024-06-20 14:07:54.968506,,,"{""text"": ""As per above""}",
17dc3112-cd37-4271-986b-9a3437a76f18,9ea82299-82a8-494c-a2b6-3a89847d7ca0,use-cases,2024-06-20 14:09:15.956973,,,"{""text"": ""As per above""}",
8b5bd995-2d23-4e6f-b965-1c66b5131ffa,9ea82299-82a8-494c-a2b6-3a89847d7ca0,value-to-platform,2024-06-20 14:09:23.432653,,,"{""text"": ""As per above""}",
87e66781-ca7b-4f8e-8d1a-7b40be537e8e,9ea82299-82a8-494c-a2b6-3a89847d7ca0,risks,2024-06-20 14:09:35.343115,,,"{""text"": ""N/A""}",
08fb9002-96e8-4df1-9284-120f93e00e61,c3727f3f-d514-451c-a666-9eaffdce6e70,existing-data,2024-06-20 14:23:32.861759,,,"{""choice"": ""Yes""}",
b14182e6-ed8d-4f31-9629-e92aa3f081ea,a771a6f1-b79f-4a12-be15-a9ff7fb40058,risks,2024-05-15 00:00:00,,,"{""text"": ""N / A""}",
0f71973a-af72-4803-b4c9-85d1ae49930a,7cac6c4c-6047-463b-9bed-207c6df6b463,who-asked-for-it,2024-05-17 00:00:00,,,"{""text"": ""Office for Place""}",
dd076a3d-1ccb-43d1-bb51-2025543c3eb2,7cac6c4c-6047-463b-9bed-207c6df6b463,what-is-the-driver,2024-05-17 00:00:00,,,"{""choice"": ""National policy change""}",
c74c4caa-8a37-4e0d-832c-c9a980ec6955,7cac6c4c-6047-463b-9bed-207c6df6b463,which-focus-area-does-it-support,2024-05-17 00:00:00,,,"{""choice"": ""Included in LURA;Other""}",
037f1dee-deee-4fe2-96b5-7a6e6ae1e4f2,7cac6c4c-6047-463b-9bed-207c6df6b463,who-in-law-is-responsible-for-it,2024-05-17 00:00:00,,,"{""text"": ""Planning authorities are expected to have at least 1 Design Code covering their area""}",
b1f4e65b-4193-49b0-b389-bb6d6627cbde,0db1d6ee-e255-410e-99c6-4bc30007f7c7,related-planning-considerations,2024-05-03 00:00:00,2024-09-04 11:35:50.332402,,"{""text"": ""- Ancient and veteran trees\r\n- Local plans - Ancient woodland is referenced a number of times in local plans, so we think that this consideration feeds into the process of creating a local plan.""}",
75dc7bba-dfcd-4bea-b8c8-019fd183e9e6,7cac6c4c-6047-463b-9bed-207c6df6b463,existing-data-examples,2024-05-17 00:00:00,,,,"[{""url"": ""https://github.com/digital-land/design-code-explorer/tree/main/data"", ""fields"": """", ""licence"": ""OGL3"", ""coverage"": ""11 Design Codes that Office for Place have provided"", ""position"": ""0"", ""publisher"": ""Office for Place"", ""csrf_token"": ""IjZlNjhjNDMyZTc5YjdkMDcwN2YxMDYwZDRkNjgyM2RmOTQ3NmMxOWEi.ZkcGHQ.bf-GejDB3OW36G4xd5ti7FFIk9Y"", ""attribution"": """"}]"
e85bcf50-5f06-4ac9-a7c2-5554d0b1cb31,7cac6c4c-6047-463b-9bed-207c6df6b463,single-source,2024-05-17 00:00:00,,,"{""text"": ""No""}",
a7608fd9-6707-43df-90a1-857a97bd3ef4,7cac6c4c-6047-463b-9bed-207c6df6b463,is-a-data-standard-required,2024-05-17 00:00:00,,,"{""choice"": ""Yes""}",
57fd7c42-3223-44df-912c-ffe0aa055d79,7cac6c4c-6047-463b-9bed-207c6df6b463,how-is-data-created,2024-05-17 00:00:00,,,"{""text"": ""At the moment it is not produced. Planning authorities create their Design Code but do not also create data for it.\r\nOffice for Place have seeded some data so that they can show the value of a [design code library](https://design-code-prototype.planning-data.dev/) - a tool that can only be built if you have the required data""}",
f74905a3-a64c-4aaa-af12-efab090bdc96,7cac6c4c-6047-463b-9bed-207c6df6b463,where-is-data-used,2024-05-17 00:00:00,,,"{""text"": ""The data can be used by other authors of design codes. This can help them write better-quality codes that follow emerging patterns.\r\n\r\nThe individual design code rules or requirements can be used by planning officers when making determinations on planning applications.""}",
35a616dc-9865-4d10-a889-d2393327b929,7cac6c4c-6047-463b-9bed-207c6df6b463,user-and-data-needs,2024-05-17 00:00:00,,,"{""text"": ""[See write up of user needs on discussion thread](https://github.com/digital-land/data-standards-backlog/discussions/27#discussioncomment-8345065)""}",
dcc99c22-1fd5-4a31-9445-ba929cfccdfc,7cac6c4c-6047-463b-9bed-207c6df6b463,additional-users,2024-05-17 00:00:00,,,"{""text"": ""* Office for Place - they are champions of design codes and want to improve the quality and use of them\r\n* authors of Design Codes\r\n* urban planners\r\n* planning officers""}",
96f69f09-9a85-4478-b33b-583178c6c76e,7cac6c4c-6047-463b-9bed-207c6df6b463,value-to-platform,2024-05-17 00:00:00,2024-05-17 07:38:42.371959,,"{""text"": ""We have a potential user of the data - the Office for Place would use it to build a design code library service.\r\n\r\nDesign Codes are often large documents that are difficult to navigate. Data can help to break down that barrier, making them more widely used and adhered to.\r\n\r\nOur research suggests that getting authors of Design Codes to think about the data requirement from the outset will lead to more accessible and usable Design Codes""}",
c23c1de0-f78e-493a-80b0-d31f8d34df31,7cac6c4c-6047-463b-9bed-207c6df6b463,risks,2024-05-17 00:00:00,,,"{""text"": ""No""}",
69d7d51a-b2fb-469f-98c3-8c44a57be134,f98069c2-d142-440f-a28d-69993881807b,who-asked-for-it,2024-05-20 15:53:33.533178,,,"{""text"": ""This dataset is closely linked with the Listed building dataset (a constraint for PlanX), and so this was identified as a dataset likely to add quick value to the platform.""}",
9eac32a2-18ad-4696-8a41-793bc63ec2a4,f98069c2-d142-440f-a28d-69993881807b,what-is-the-driver,2024-05-20 15:53:38.642851,,,"{""choice"": ""Existing planning requirement""}",
60344dd5-3837-4fa7-9461-c7bb60fc9c99,f98069c2-d142-440f-a28d-69993881807b,which-focus-area-does-it-support,2024-05-20 15:53:40.957286,,,"{""choice"": ""Modern planning software""}",
59d41846-8cd9-40bb-807e-164e3a7026e2,f98069c2-d142-440f-a28d-69993881807b,what-is-the-planning-consideration,2024-05-20 15:54:02.910386,,,"{""text"": ""A notice to stop un-listed buildings of special architectural or historic interest from being demolished or altered in a way that affects the character of the building.""}",
d0f995f5-972b-47bd-a5d4-6f3bcff53719,f98069c2-d142-440f-a28d-69993881807b,is-there-legislation,2024-05-20 15:54:05.303883,,,"{""choice"": ""Yes""}",
5d31aea0-84f8-41e6-a87a-4afeb9240ae5,c3727f3f-d514-451c-a666-9eaffdce6e70,who-asked-for-it,2024-06-20 14:26:01.711949,,,"{""text"": ""Geospatial Commission - identified as a dataset to make data easier to find for the sector.""}",
0dabafcf-a858-4a40-9b25-59f453e8ada1,c3727f3f-d514-451c-a666-9eaffdce6e70,what-is-the-driver,2024-06-20 14:26:05.669461,,,"{""choice"": ""Existing planning requirement""}",
ff6b9263-8da2-4cf8-85ca-dced278c2449,c3727f3f-d514-451c-a666-9eaffdce6e70,which-focus-area-does-it-support,2024-06-20 14:26:09.383489,,,"{""choice"": ""Modern planning software;Other""}",
325cacf7-a323-4357-b584-84ce1a7f3cc5,9d7b5fea-693c-4ca3-bd12-afde38e0360f,who-asked-for-it,2025-01-06 10:14:38.587307,,,"{""text"": ""AMRs have been identified to be a dataset which is useful in terms of planning need, as well as being relatively straight-forward to seed.""}",
4d8658bf-7cfa-4aca-8156-9f1dcc7283af,f98069c2-d142-440f-a28d-69993881807b,is-it-a-trigger,2024-05-20 15:57:35.774773,,,"{""choice"": ""Yes""}",
e534f066-e03d-4e66-a8c1-335fd6dcca8d,f98069c2-d142-440f-a28d-69993881807b,what-is-triggered,2024-05-20 15:57:46.811598,,,"{""text"": ""- Heritage statement \r\n- Structural survey \r\n- Lighting assessment\r\n- Archaeological assessment\r\n- Listed building consent ""}",
309ff26b-5001-408b-a449-49e38533c04c,f98069c2-d142-440f-a28d-69993881807b,is-it-consulted,2024-05-20 15:57:57.982276,,,"{""choice"": ""Yes""}",
1181ea20-cb9d-4b4a-908a-eedab8fccfbe,f98069c2-d142-440f-a28d-69993881807b,is-consulted,2024-05-20 15:58:00.035123,,,"{""text"": ""Further research is required to confirm whether building preservation notice data and information would be consulted in the completion of listed building consent applications.""}",
32697e65-4481-44be-bcd8-57218b2dab13,f98069c2-d142-440f-a28d-69993881807b,existing-data,2024-05-20 15:58:11.392525,,,"{""choice"": ""Yes""}",
ad9beefc-d421-4cd0-8365-da1c6d26ee14,f98069c2-d142-440f-a28d-69993881807b,existing-data-examples,2024-05-20 15:59:14.473728,,,,"[{""url"": ""https://opendata-historicengland.hub.arcgis.com/datasets/historicengland::national-heritage-list-for-england-nhle/about?layer=1"", ""fields"": ""ListEntry;Name;Building Preservation Notice start date;Building Preservation Notice expiry date;Capture scale;NHLE link;National Grid Reference;Easting;Northing"", ""licence"": ""https://historicengland.org.uk/terms/website-terms-conditions/open-data-hub/ "", ""coverage"": ""National"", ""position"": ""0"", ""publisher"": ""Historic England"", ""csrf_token"": ""ImNjZWRhOTYxOGNhZTE3MDhkNDgwNTk3YjM1NThkMjU3M2I1OWNmNDQi.ZktzEw.mPZnGk9srUr9mPlhPK-zPMkWI20"", ""attribution"": ""N / A""}]"
5f2fe567-0e14-4049-ade1-f7030d24e451,f98069c2-d142-440f-a28d-69993881807b,single-source,2024-05-20 15:59:20.663481,,,"{""text"": ""Yes""}",
f0edbb84-91e7-4559-9ae6-c803c5bf9c99,f98069c2-d142-440f-a28d-69993881807b,is-a-data-standard-required,2024-05-20 15:59:25.497537,,,"{""choice"": ""No""}",
3bec95d9-cca0-40b0-b83a-cc7f5b6c648a,f98069c2-d142-440f-a28d-69993881807b,lifecycle,2024-05-20 16:00:04.980014,,,"{""choice"": ""Yes""}",
08380af0-eb74-41f5-ad45-47254fbed1ad,c3727f3f-d514-451c-a666-9eaffdce6e70,what-is-the-planning-consideration,2024-06-20 14:30:05.662219,,,"{""text"": ""The [Agricultural Land Classification (ALC)](https://naturalengland-defra.opendata.arcgis.com/datasets/5d2477d8d04b41d4bbc9a8742f858f4d/explore) provides a method for assessing the quality of farmland to enable informed choices to be made about its future use within the planning system. ""}",
7ae7a4bf-b8b4-4602-be7e-40700befd09a,cf87eb25-bd6f-4eb0-9c3c-cac00e269eba,what-is-the-legislation-that-defines,2024-05-03 00:00:00,2024-05-22 11:03:19.421375,,"{""text"": ""[Countryside and Rights of Way Act 2000, section 82, subsection 1](https://www.legislation.gov.uk/ukpga/2000/37/section/82) - \r\n\r\n“Where it appears to [Natural England] that an area which is in England but not in a National Park is of such outstanding natural beauty that it is desirable that the provisions of this Part relating to areas designated under this section should apply to it, [Natural England may], for the purpose of conserving and enhancing the natural beauty of the area, by order designate the area for the purposes of this Part as an area of outstanding natural beauty.”\r\n\r\nThere is also guidance on [meeting the natural beauty criterion](https://www.gov.uk/guidance/areas-of-outstanding-natural-beauty-aonbs-designation-and-management#meet-the-natural-beauty-criterion).""}",
ed96cf0d-bc05-4345-a08d-e71c59649881,9d7b5fea-693c-4ca3-bd12-afde38e0360f,what-is-the-driver,2025-01-06 10:14:44.688767,,,"{""choice"": ""Existing planning requirement""}",
5987fe89-9c94-4ed4-8234-d7ede2979510,9c7bca75-c414-4584-8f6f-64aa03e798cb,risks,2024-06-25 12:15:51.910796,,,"{""text"": ""The Main River data is a subset of river data. For example OS open rivers has more data within it - but - is not a statutory dataset""}",
ea82aa59-a0ed-4803-89d2-208556cbf593,cf87eb25-bd6f-4eb0-9c3c-cac00e269eba,what-is-the-legislation-for-publication,2024-05-03 00:00:00,2024-05-22 11:08:35.674432,,"{""text"": ""[Countryside and Rights of Way Act 2000, section 83, subsection 9](https://www.legislation.gov.uk/ukpga/2000/37/section/83) - \r\n\r\n“It is the duty of [Natural England] and the [NRBW] to secure that copies of any order under section 82 relating to England or, as the case may be, to Wales, are available for inspection by the public at all reasonable times—\r\nat the office of [Natural England] or, as the case may be, the [NRBW]\r\nat the offices of each local authority whose area includes any part of the area to which the order relates, and\r\nat such other place or places in or near that area as [Natural England] or, as the case may be, the [NRBW] may determine.”""}",
05e7fa84-ff98-4f8f-b1b0-002e2b2fbada,a771a6f1-b79f-4a12-be15-a9ff7fb40058,what-is-the-legislation-that-defines-designation,2024-05-15 00:00:00,2024-05-22 11:23:57.558769,,"{""text"": ""[The Town and Country Planning (Brownfield Land Register) Regulations 2017, Regulation 5](https://www.legislation.gov.uk/uksi/2017/403/regulation/5/made) - “Entry of land in the register”\r\n\r\n(1) The local planning authority must enter land in Part 1 where the land falls within the description in paragraph (1)(a) of regulation 3 and meets the criteria in paragraph (1) of regulation 4.\r\n(2) The local planning authority must also enter land in Part 2 where—\r\nthe land falls within the description in paragraph (1)(a) of regulation 3,\r\nthe land meets the criteria in paragraph (1) of regulation 4, and\r\nthe authority have decided to allocate the land for residential development, having followed the procedures mentioned in paragraph (7).\r\n""}",
43b1367d-6d4e-42f7-8bdb-3cc329ff02fd,f98069c2-d142-440f-a28d-69993881807b,what-is-the-legislation-that-defines,2024-05-20 15:54:16.462848,2024-05-22 11:29:57.627031,,"{""text"": ""[Planning (Listed Buildings and Conservation Areas) Act 1990, section 3](https://www.legislation.gov.uk/ukpga/1990/9/section/3) - “Temporary listing [in England]: building preservation notices”""}",
62fa1b03-0f1e-4250-8678-1db3a5ed81aa,f98069c2-d142-440f-a28d-69993881807b,what-is-the-legislation-for-publication,2024-05-20 15:56:52.34854,2024-05-22 11:30:33.658784,,"{""text"": ""[Planning (Listed Buildings and Conservation Areas) Act 1990, section 3](https://www.legislation.gov.uk/ukpga/1990/9/section/3) - \r\n\r\n“(5) While a building preservation notice [under this section] is in force with respect to a building, the provisions of this Act (other than section 59) and the principal Act shall have effect in relation to the building as if it were a listed building.”\r\nThis suggests that the publication will have to be the same as that of a Listed building.\r\nChapter 1, Section 2 - “Publication of Lists” https://www.legislation.gov.uk/ukpga/1990/9/section/2 \r\n(4) The Secretary of State shall keep available for public inspection free of charge at reasonable hours and at a convenient place, copies of all lists and amendments of lists, compiled, approved or made by him under section 1.\r\n(5) Every authority with whom copies of any list or amendments are deposited under this section shall similarly keep available copies of so much of any such list or amendment as relates to buildings within their area.\r\n""}",
d74ad782-9c63-4922-b620-5f9d3b98262c,c3727f3f-d514-451c-a666-9eaffdce6e70,is-there-legislation,2024-06-20 14:30:13.252221,,,"{""choice"": ""Yes""}",
1df538e3-4799-4b9f-bcc8-1ad523d527c9,f98069c2-d142-440f-a28d-69993881807b,who-in-law-is-responsible-for-it,2024-05-20 15:57:06.158505,2024-05-22 11:31:02.948442,,"{""text"": ""[Local Planning Authorities](https://www.legislation.gov.uk/ukpga/1990/9/section/3)\r\n\r\n[SoS DCMS](https://www.legislation.gov.uk/ukpga/1990/9/section/3)\r\n\r\n""}",
6883f781-867e-45cc-9747-2846f093edca,2eb8ef61-d4ad-4903-b6cf-24239184b3a8,who-asked-for-it,2024-06-21 14:42:43.444523,,,"{""text"": ""Geospatial Commission - identified as a dataset to make data easier to find for the sector.""}",
367a4ad9-8db9-40ef-8baa-4c46368c44df,2eb8ef61-d4ad-4903-b6cf-24239184b3a8,what-is-the-driver,2024-06-21 14:42:58.740924,,,"{""choice"": ""Other""}",
daa70a23-4883-4ffb-b4f7-6be6eabdd3ba,2eb8ef61-d4ad-4903-b6cf-24239184b3a8,is-a-data-standard-required,2024-06-21 14:43:16.8153,,,"{""choice"": ""No""}",
5c3a1c01-cb6a-40a0-9e60-0a0d0f1ee9dc,f98069c2-d142-440f-a28d-69993881807b,lifecycle-stages,2024-05-20 16:01:06.902294,2024-05-20 16:03:18.045265,,,"[{""name"": "" BPN comes into force"", ""actors"": "" LPA, Owner, Occupier"", ""impact"": ""The property is now treated as though it were a listed building"", ""output"": ""Building Preservation Notice "", ""position"": ""0"", ""csrf_token"": ""ImNjZWRhOTYxOGNhZTE3MDhkNDgwNTk3YjM1NThkMjU3M2I1OWNmNDQi.ZktzhQ.emGzu1av7ypodnHuuFU4sFzRo_s"", ""description"": """"}, {""name"": ""Consideration for adding to the list"", ""actors"": ""LPA, SoS DCMS   "", ""impact"": ""BPN becomes a listing, or ceases"", ""output"": """", ""position"": ""1"", ""csrf_token"": ""ImNjZWRhOTYxOGNhZTE3MDhkNDgwNTk3YjM1NThkMjU3M2I1OWNmNDQi.Zktzwg.OCPhVLQoF9rYn6yveggdW5U6ekI"", ""description"": """"}, {""name"": ""Building listed"", ""actors"": ""SoS"", ""impact"": ""Building becomes permanently listed"", ""output"": ""Listing"", ""position"": ""2"", ""csrf_token"": ""ImNjZWRhOTYxOGNhZTE3MDhkNDgwNTk3YjM1NThkMjU3M2I1OWNmNDQi.Zktz5g.kAzZ_qUI5JyuazZHz-OIrg30keI"", ""description"": """"}, {""name"": "" Building not listed"", ""actors"": ""SoS DCMS, LPA, Owner, Occupier"", ""impact"": ""Owner and occupier notified of decision to not list, cannot serve a BPN for 12 months on same property"", ""output"": """", ""position"": ""3"", ""csrf_token"": ""ImNjZWRhOTYxOGNhZTE3MDhkNDgwNTk3YjM1NThkMjU3M2I1OWNmNDQi.Zkt0Ew.2EcPUSWyHDx-BW6MfMmia1zughE"", ""description"": """"}]"
7860043f-1cf7-44fd-b0d6-bde4f8c6ceae,f98069c2-d142-440f-a28d-69993881807b,how-is-data-created,2024-05-20 16:03:26.89651,,,"{""text"": ""We do not yet know how Historic England produces their data, and this is something we need to research further and clarify.\r\nWhen it comes to LPAs producing their building preservation notice data individually, we expect that they will use:\r\nuse OS basemap data to place point data to provide to HE (although this needs confirming)\r\nuse OS basemap data from Mastermap to complete their polygons as accurately as possible\r\n""}",
185c7c21-f99a-472e-8345-85f9720b292f,f98069c2-d142-440f-a28d-69993881807b,where-is-data-used,2024-05-20 16:03:34.655165,,,"{""text"": ""Knowing about a building with a BPN will impact the information an applicant will need to provide to gain listed building consent.""}",
71505fec-b209-405c-8c15-03c56c6ead6d,f98069c2-d142-440f-a28d-69993881807b,related-planning-considerations,2024-05-20 16:03:45.528501,,,"{""text"": ""- Listed buildings\r\n- Certificate of immunity""}",
f7fabf85-3401-4648-a059-63e3b999221b,f98069c2-d142-440f-a28d-69993881807b,risks,2024-05-20 16:04:06.214187,,,"{""text"": ""N / A""}",
5b572b04-7d66-4d1c-9b64-a0cc28d97e62,8e31b7e6-87b2-4daa-8e11-26b863750bc6,what-is-the-legislation-that-defines,2024-05-01 00:00:00,2024-05-22 08:13:47.010822,,"{""text"": ""[https://www.legislation.gov.uk/ukpga/1990/9/section/69](https://www.legislation.gov.uk/ukpga/1990/9/section/69) which describes:\r\n\r\n“Every local planning authority—\r\nshall from time to time determine which parts of their area are areas of special architectural or historic interest the character or appearance of which it is desirable to preserve or enhance, and shall designate those areas as conservation areas.\r\n\r\n(2) It shall be the duty of a local planning authority from time to time to review the past exercise of functions under this section and to determine whether any parts or any further parts of their area should be designated as conservation areas; and, if they so determine, they shall designate those parts accordingly.\r\n\r\n(3) The Secretary of State may from time to time determine that any part of a local planning authority’s area which is not for the time being designated as a conservation area is an area of special architectural or historic interest the character or appearance of which it is desirable to preserve or enhance; and, if he so determines, he may designate that part as a conservation area.“""}",
b21d2d2b-4439-4b10-8b05-f70bbf536d38,8e31b7e6-87b2-4daa-8e11-26b863750bc6,is-consulted,2024-05-22 10:36:52.850067,,,"{""text"": ""- Heritage statement\r\n- Lighting assessment\r\n- Arboricultural impact assessment\r\n- Archaeological assessment\r\n- Landscape and visual impact assessment (LVIA)""}",
58e74825-dd78-43e1-aa1a-be62f3239392,8e31b7e6-87b2-4daa-8e11-26b863750bc6,lifecycle-stages,2024-05-01 00:00:00,2024-05-22 10:41:31.19156,,,"[{""name"": ""Appraisal"", ""actors"": ""LPAs / Local Communities"", ""impact"": """", ""output"": ""Conservation Area Appraisal"", ""position"": 0, ""csrf_token"": ""IjIwOThmMTIyM2VhMjkxMmIwNmM0NWRjYTYyYzIyMWI5NGYwNzYwZDUi.ZjIdIA.O32QjF0WDRLOyGn2oKYiQZ72TAc"", ""description"": ""- The statement (or summary) of special interest\r\n- Introduction\r\n- Planning policy context\r\n- General character, location and uses\r\n- Historic interest \r\n- Architectural interest and built form\r\n- Locally important buildings \r\n- Spatial analysis\r\n- Streets and open space, parks and gardens, and trees \r\n- Setting and views \r\n- Character areas and zones \r\n- An audit of heritage assets \r\n- Assessment of condition \r\n- Identifying the boundary\r\n- A plan for further action and generic guidance\r\n- References, appendices and contact details ""}, {""name"": ""Surveys, research, consultation, presentation and assessment"", ""actors"": ""Assessor, LPAs, local communities, neighbourhood forums and town/parish councils "", ""impact"": """", ""output"": """", ""position"": 1, ""csrf_token"": ""IjIwOThmMTIyM2VhMjkxMmIwNmM0NWRjYTYyYzIyMWI5NGYwNzYwZDUi.ZjIdkw.Is0RfdM3AFyur7LX6RZoqzbgCJE"", ""description"": """"}, {""name"": ""Designation"", ""actors"": ""LPAs / SoS DCMS"", ""impact"": """", ""output"": """", ""position"": 2, ""csrf_token"": ""IjIwOThmMTIyM2VhMjkxMmIwNmM0NWRjYTYyYzIyMWI5NGYwNzYwZDUi.ZjIdtg.no0jbm4KVsCM6T54Dbw7lKdqiOQ"", ""description"": """"}, {""name"": ""Notice of designation"", ""actors"": ""LPAs / Public"", ""impact"": """", ""output"": """", ""position"": 3, ""csrf_token"": ""IjIwOThmMTIyM2VhMjkxMmIwNmM0NWRjYTYyYzIyMWI5NGYwNzYwZDUi.ZjIdxw.bHvSwVLkMG01qoszF_JUuo_xzc0"", ""description"": """"}, {""name"": ""Management plan drafted"", ""actors"": ""LPAs"", ""impact"": """", ""output"": ""Conservation Area management plan"", ""position"": 4, ""csrf_token"": ""IjIwOThmMTIyM2VhMjkxMmIwNmM0NWRjYTYyYzIyMWI5NGYwNzYwZDUi.ZjId2A.oKZaTa-oRH_sxl-kImwTuLVKbM4"", ""description"": """"}, {""name"": "" Variation"", ""actors"": ""LPAs / DCMS"", ""impact"": ""Conservation Area is modified"", ""output"": ""Variation notice"", ""position"": 5, ""csrf_token"": ""IjIwOThmMTIyM2VhMjkxMmIwNmM0NWRjYTYyYzIyMWI5NGYwNzYwZDUi.ZjId7w.dM9PhL2FG_uaPaDBX_FoH4F5dRQ"", ""description"": """"}, {""name"": ""Cancellation"", ""actors"": ""LPAs / SoS DCMS"", ""impact"": ""Conservation Area is removed"", ""output"": """", ""position"": ""6"", ""csrf_token"": ""ImNjZWRhOTYxOGNhZTE3MDhkNDgwNTk3YjM1NThkMjU3M2I1OWNmNDQi.Zk3LwA.ukrkFKFnpdBpp_nOdk_deFqS5Rg"", ""description"": """"}]"
8702779d-8294-4288-a682-4e4ea2f861b3,0db1d6ee-e255-410e-99c6-4bc30007f7c7,what-is-the-legislation-that-defines,2024-05-03 00:00:00,2024-05-22 10:58:08.942153,,"{""text"": ""[Levelling Up and Regeneration Act 2023, Section 136](https://www.legislation.gov.uk/ukpga/2023/55/section/136/enacted) - “the Secretary of State must vary the Town and Country Planning (Consultation) (England) Direction 2021 (“the 2021 Direction”) so that it applies in relation to applications for planning permission for development affecting ancient woodland.” \r\n\r\nThis Town and Country Planning (Consultation) (England) Direction 2021 was [updated in January 2024](https://assets.publishing.service.gov.uk/media/65b37a1a5f8ce2000d3ae55b/The_Town_and_Country_Planning__Consultation___England__Direction_2024.pdf), and states that “where a local planning authority does not propose to refuse an application for planning permission to which this Direction applies, the authority shall consult the Secretary of State.”\r\n\r\nThere is also guidance: [Ancient woodland, ancient trees and veteran trees: advice for making planning decisions](https://www.gov.uk/guidance/ancient-woodland-ancient-trees-and-veteran-trees-advice-for-making-planning-decisions#ancient-woodland)""}",
6730db83-623e-478f-a52f-7cfe6f94a07c,0db1d6ee-e255-410e-99c6-4bc30007f7c7,what-is-the-legislation-for-publication,2024-05-03 00:00:00,2024-05-22 10:59:25.832887,,"{""text"": ""There is no legislation that requires the publication of ancient woodland data, but the NPPF states that:\r\n\r\n“Development resulting in the loss or deterioration of irreplaceable habitats (such as ancient woodland and ancient or veteran trees) should be refused, unless there are wholly exceptional reasons and a suitable compensation strategy exists.”\r\n\r\n[The guidance](https://www.gov.uk/guidance/ancient-woodland-ancient-trees-and-veteran-trees-advice-for-making-planning-decisions#ancient-woodland) on ancient woodland also states that:\r\n\r\n“Ancient woodland, ancient trees and veteran trees are irreplaceable. Therefore, you should not consider proposed compensation measures as part of your assessment of the merits of the development proposal.”\r\n\r\nThis points at the importance of ancient woodland as part of the planning process and having this data published.""}",
f79b2056-a140-428e-9b81-26ab738a126b,2eb8ef61-d4ad-4903-b6cf-24239184b3a8,is-it-a-trigger,2024-06-21 15:17:06.578309,,,"{""choice"": ""No""}",
4045ac6f-788d-4673-9ff1-1ac164248815,f98069c2-d142-440f-a28d-69993881807b,what-is-the-legislation-that-defines-designation,2024-05-20 15:56:15.494583,2024-05-22 11:30:14.123886,,"{""text"": ""[Planning (Listed Buildings and Conservation Areas) Act 1990, section 3](https://www.legislation.gov.uk/ukpga/1990/9/section/3) -\r\n \r\n(2) A building preservation notice served by a local planning authority [under this section] shall—\r\nstate that the building appears to them to be of special architectural or historic interest and that they have requested the Secretary of State to consider including it in a list compiled or approved under section 1; and\r\nexplain the effect of subsections (3) to (5) and Schedule 2.\r\n(3) A building preservation notice [under this section] —\r\nshall come into force as soon as it has been served on both the owner and occupier of the building to which it relates; and\r\nsubject to subsection (4), shall remain in force for six months from the date when it is served or, as the case may be, last served.\r\n""}",
6a692bad-5113-45a9-843f-90776785cd39,277ebb03-7337-44dd-8298-6135d0a63c85,what-is-the-legislation-for-publication,2024-05-02 00:00:00,2024-05-22 11:33:59.750156,,"{""text"": ""[Chapter 1, Section 2](https://www.legislation.gov.uk/ukpga/1990/9/section/2) - “Publication of Lists”  \r\n(4) The Secretary of State shall keep available for public inspection free of charge at reasonable hours and at a convenient place, copies of all lists and amendments of lists, compiled, approved or made by him under section 1.\r\n(5) Every authority with whom copies of any list or amendments are deposited under this section shall similarly keep available copies of so much of any such list or amendment as relates to buildings within their area.\r\n(6) For the purposes of subsection (5) the Commission shall be taken to be an authority whose area is Greater London.\r\n\r\n[Chapter 1, Section 1](https://www.legislation.gov.uk/ukpga/1990/9/part/I/chapter/1 ) provides more specificity around the SoS and “the Commission” compiling the list. \r\n“The Secretary of State shall compile lists of such buildings, or approve, with or without modifications, such lists compiled by the Historic Buildings and Monuments Commission for England (in this Act referred to as “the Commission”)”""}",
6cd8c04d-1665-451b-8750-717af9829772,277ebb03-7337-44dd-8298-6135d0a63c85,risks,2024-05-02 00:00:00,2024-05-22 11:35:16.739986,,"{""text"": ""Historic England has said that if there is a listing that started before 4th April 2011, that this would not be polygonised. The risk of using Historic England’s data for polygons is that it will forever be incomplete and inconsistent. \r\n\r\nThe issue is mainly in the curtilage and data accuracy. If the curtilage is incorrectly mapped and a decision is made based on this incorrect data, that becomes a criminal offence. If a curtilage is mapped beyond initial boundaries under the mindset of “better safe than sorry”, this will create much more work for LPAs as more applications for listed building consent will be “required” based on this data.\r\n\r\nTo minimise this risk, curtilage would need to be properly defined, and then every listing in England would have to be independently assessed for accurate curtilage decisions before mapping. This is extremely costly and time consuming, in an environment where LPAs already struggle for resources. Historic England have also mentioned that they would struggle for resources to update the register in line with the amendment cases, which would also impact the SoS’ workload in confirming the new listing descriptions.\r\n\r\nThe main question is:\r\nIs there a way we can work with Historic England and LPAs to reach a mutually agreeable decision?""}",
4ff0d604-b74f-42c3-a97a-468a5c4e3547,28ba91b4-8ff4-4294-8bdc-aa7705976b83,who-asked-for-it,2024-05-22 11:48:44.351591,,,"{""text"": ""This dataset has been identified as a constraint for PlanX, and acts in the same way as an article 4 direction.""}",
540bb1b9-2a78-4f3a-8913-bf7e69c30330,28ba91b4-8ff4-4294-8bdc-aa7705976b83,what-is-the-driver,2024-05-22 11:49:07.556121,,,"{""choice"": ""Specific user requirement""}",
8c7a5eee-b327-47ad-b46f-c7e61e27ab99,28ba91b4-8ff4-4294-8bdc-aa7705976b83,which-focus-area-does-it-support,2024-05-22 11:49:14.893562,,,"{""choice"": ""Modern planning software;Faster local plans""}",
cfae5ddf-fc70-42b3-a40f-5af86bf6730c,cb165f53-e61a-48ce-801f-51a132a7957f,is-it-a-trigger,2024-06-25 14:58:38.062346,,,"{""choice"": ""No""}",
df8190a6-b53e-475f-9f40-09d345d4d541,28ba91b4-8ff4-4294-8bdc-aa7705976b83,what-is-the-planning-consideration,2024-05-22 11:49:33.906943,,,"{""text"": ""Central areas of London with implications for planning designated by the Greater London Authority (GLA).""}",
77572698-05b6-4099-b916-a8693be529d0,28ba91b4-8ff4-4294-8bdc-aa7705976b83,is-there-legislation,2024-05-22 11:49:55.79044,,,"{""choice"": ""Yes""}",
e0928a45-0d86-4cf3-8d49-ac487c5db4f5,28ba91b4-8ff4-4294-8bdc-aa7705976b83,what-is-the-legislation-that-defines,2024-05-22 11:50:27.063145,,,"{""text"": ""There is NO legislation defining the central activities zone.\r\n\r\nThere is [supplementary planning guidance (2016)](https://www.london.gov.uk/sites/default/files/caz_spg_final_v4.pdf) on the CAZ, which states that “the CAZ is characterised by a diverse mix of places and functions and planning for the Zone is distributed across ten boroughs”, with those 10 boroughs being the City of London, City of Westminster, Camden, Hackney, Islington, Kensington & Chelsea, Lambeth, Southwark, Tower Hamlets and Wandsworth.\r\nIn the original London Plan, this defines the CAZ as “the area in central and east London where planning policy promotes finance, specialist retail, tourist and cultural uses and activities.”\r\n""}",
23f2bf5a-68ce-4b73-804f-477c223d32a4,28ba91b4-8ff4-4294-8bdc-aa7705976b83,what-is-the-legislation-that-defines-designation,2024-05-22 11:50:37.442852,,,"{""text"": ""There is no legislation that defines how the CAZ was designated.""}",
0121fc00-6a8e-4372-9696-0e875c9e24df,28ba91b4-8ff4-4294-8bdc-aa7705976b83,what-is-the-legislation-for-publication,2024-05-22 11:50:45.836108,,,"{""text"": ""There is no legislation which requires the publication of this data.""}",
46bb921e-175c-4d3a-8290-e79c3ed78f86,28ba91b4-8ff4-4294-8bdc-aa7705976b83,who-in-law-is-responsible-for-it,2024-05-22 11:52:06.851323,,,"{""text"": ""[Greater London Authority and The Mayor](https://www.london.gov.uk/sites/default/files/caz_spg_final_v4.pdf ) - 1.1.6 - “The Mayor and GLA will continue to monitor development capacity in the London office market through the London Plan Annual Monitoring Report15 and through established or revised monitoring benchmarks in London Office Policy Reviews.”\r\n\r\n[Central London local authorities](https://www.london.gov.uk/sites/default/files/2022-11/CLFJ9889-Future-actions-221122-WEB_optimised.pdf ) - “It [the CAZ futures action plan] has been developed by six central London local authorities” etc… ""}",
23ecd779-1eb3-443f-a5fb-93c46089b0c0,9d7b5fea-693c-4ca3-bd12-afde38e0360f,which-focus-area-does-it-support,2025-01-06 10:14:49.755171,,,"{""choice"": ""Faster local plans""}",
43afb84b-477b-457e-908d-5e74f3111da0,28ba91b4-8ff4-4294-8bdc-aa7705976b83,is-it-a-trigger,2024-05-22 11:52:45.586493,,,"{""choice"": ""Yes""}",
3fbde353-48cc-481d-ae6d-0c31104678b7,28ba91b4-8ff4-4294-8bdc-aa7705976b83,what-is-triggered,2024-05-22 11:52:51.621846,,,"{""text"": ""- Retail impact assessment\r\n\r\nFurther research is required to pinpoint what the CAZ might trigger.\r\n""}",
396b61bd-d8b1-4f6e-ad16-5fb3a1d50081,28ba91b4-8ff4-4294-8bdc-aa7705976b83,is-it-consulted,2024-05-22 11:53:12.332537,,,"{""choice"": ""Yes""}",
d4d7daf1-82aa-46c5-853a-62b53cf0164b,28ba91b4-8ff4-4294-8bdc-aa7705976b83,is-consulted,2024-05-22 11:53:31.166553,,,"{""text"": ""[CAZ Webpage](https://www.london.gov.uk/programmes-strategies/planning/implementing-london-plan/london-plan-guidance-and-spgs/central-activities-zone#:~:text=of%20the%20CAZ.-,What%20is%20the%20Central%20Activities%20Zone%3F,its%20shopping%2C%20culture%20and%20heritage) - “SPG can also assist London boroughs when preparing their Local Plans.”""}",
4b22dddb-ebea-4d4c-8036-0cf92b80cfae,28ba91b4-8ff4-4294-8bdc-aa7705976b83,existing-data,2024-05-22 11:53:39.054108,,,"{""choice"": ""Yes""}",
8484daee-abd2-4bc1-b9fb-477e43bc37ed,2eb8ef61-d4ad-4903-b6cf-24239184b3a8,lifecycle,2024-06-21 15:50:30.053033,,,"{""choice"": ""No""}",
505b6cf8-8e18-4494-9d5f-46dee0290ed5,28ba91b4-8ff4-4294-8bdc-aa7705976b83,existing-data-examples,2024-05-22 11:54:39.980279,,,,"[{""url"": ""https://data.london.gov.uk/dataset/central_activities_zone "", ""fields"": ""unknown"", ""licence"": ""UK Open Government Licence"", ""coverage"": ""National"", ""position"": ""0"", ""publisher"": ""Greater London Authority"", ""csrf_token"": ""ImNjZWRhOTYxOGNhZTE3MDhkNDgwNTk3YjM1NThkMjU3M2I1OWNmNDQi.Zk3cww.Vq_o2805yJR8kHoi3OxC_jaNDzI"", ""attribution"": ""“The boundaries are based on Ordnance Survey mapping and the data is published under Ordnance Survey's 'presumption to publish'.Contains OS data © Crown copyright and database rights 2019.”""}]"
b0c8fdd2-d792-4701-8bae-58b1364ae1e8,28ba91b4-8ff4-4294-8bdc-aa7705976b83,single-source,2024-05-22 11:54:48.936735,,,"{""text"": ""N / A""}",
4011a556-f3a7-4e54-9160-4a9b3d1460e1,28ba91b4-8ff4-4294-8bdc-aa7705976b83,is-a-data-standard-required,2024-05-22 11:54:50.537329,,,"{""choice"": ""No""}",
7518c2ff-3831-4727-9541-9be83c4157ad,28ba91b4-8ff4-4294-8bdc-aa7705976b83,lifecycle,2024-05-22 11:55:14.769805,,,"{""choice"": ""No""}",
d5d6c3d0-1107-4da7-8704-bd5cf71e47e8,28ba91b4-8ff4-4294-8bdc-aa7705976b83,how-is-data-created,2024-05-22 11:55:28.438797,,,"{""text"": ""We do not know how the GLA produced their data, but our expectation would be that they:\r\n- consulted with relevant bodies to identify the boundaries of the zone\r\n- used OS basemap data to encapsulate the zone\r\n""}",
1a07e8b9-e9b5-4ade-a425-58e43f5d5825,28ba91b4-8ff4-4294-8bdc-aa7705976b83,where-is-data-used,2024-05-22 11:55:39.040307,,,"{""text"": ""The CAZ and it’s SPG should be used to help keep central London local authority’s local plans closely aligned with the strategic goals of the London plan in a modern way.""}",
92452f0b-5e1d-4a4f-8138-a7cd96007617,28ba91b4-8ff4-4294-8bdc-aa7705976b83,related-planning-considerations,2024-05-22 11:55:49.179838,,,"{""text"": ""- Local Plans""}",
e397a14f-0915-4232-80d3-8b03436f1438,28ba91b4-8ff4-4294-8bdc-aa7705976b83,risks,2024-05-22 11:56:15.075718,,,"{""text"": ""N / A""}",
c0ee9bf3-f85e-4a1f-83a4-5198b675f366,7cac6c4c-6047-463b-9bed-207c6df6b463,is-there-legislation,2024-05-23 07:23:23.322013,,,"{""choice"": ""Yes""}",
190a80bd-0505-4b51-9c11-57439f1a7d78,7cac6c4c-6047-463b-9bed-207c6df6b463,what-is-the-legislation-that-defines,2024-05-23 07:26:51.233526,,,"{""text"": ""[Levelling-up and Regeneration Act 2023, Schedule 7, 15F](https://www.legislation.gov.uk/ukpga/2023/55/schedule/7/enacted#p35442) - \r\n\r\n\""(1)A local planning authority must ensure that, for every part of their area, the development plan includes requirements with respect to design that relate to development, or development of a particular description, which the authority consider should be met for planning permission for the development to be granted.\""""}",
946e42d7-67b5-4e23-83bc-6a3188660728,7cac6c4c-6047-463b-9bed-207c6df6b463,what-is-the-legislation-that-defines-designation,2024-05-23 07:30:16.764363,,,"{""text"": ""There is NO legislation on design code creation, but there is some guidance on [\""Creating a design code\""](https://www.gov.uk/guidance/creating-a-design-code).""}",
b97d9410-9e77-4474-b8ea-2ab1931d14ac,7cac6c4c-6047-463b-9bed-207c6df6b463,what-is-the-legislation-for-publication,2024-05-23 07:44:35.916739,,,"{""text"": ""[Levelling-up and Regeneration Act 2023, Schedule 7, 15LC](https://www.legislation.gov.uk/ukpga/2023/55/schedule/7/enacted#p35442) - \r\n\r\n\""1) The Secretary of State may prescribe information within subsection (3) which each local planning authority must make available to the public.\""\r\n\r\n\""(3)Information is within this subsection if it relates to—\r\n(a)the implementation of the local planning authority’s local plan timetable;\r\n(b)the implementation of policies in their local plan and any supplementary plans they have prepared;\r\n(c)the implementation of any policies which relate to the authority’s area, in any spatial development strategy that is operative in relation to their area;\r\n(d)the extent to which specified environmental outcomes (within the meaning of Part 6 of the Levelling-up and Regeneration Act 2023) are being delivered in relation to the authority’s area.\""\r\n\r\n\""(4)The information must be in such form, and made available or provided in such manner, as may be prescribed.\""""}",
1f632150-4653-4aaa-bec1-b587c8189d1f,d0c8d988-27b8-4d10-ac3e-6d3957efe430,who-asked-for-it,2024-05-23 14:38:40.304662,,,"{""text"": ""This dataset is closely linked with the Listed building dataset (a constraint for PlanX), and so this was identified as a dataset likely to add quick value to the platform.""}",
e48e5ab4-3d1b-405b-a07e-ee61d8843457,9c7bca75-c414-4584-8f6f-64aa03e798cb,is-it-a-trigger,2024-06-25 15:00:56.675754,,,"{""choice"": ""No""}",
ca9e0c73-ab47-4493-85ec-fda90ba68458,770529fd-b90e-438e-96c9-e0b0fae08c7b,is-it-consulted,2025-01-20 10:05:51.625492,,,"{""choice"": ""Yes""}",
1d88db32-cf6a-4a5d-b7c8-de86b6acdd78,d0c8d988-27b8-4d10-ac3e-6d3957efe430,what-is-the-driver,2024-05-23 14:38:42.589315,,,"{""choice"": ""Existing planning requirement""}",
337eecdd-8177-4837-8163-e836c7fb3659,d0c8d988-27b8-4d10-ac3e-6d3957efe430,which-focus-area-does-it-support,2024-05-23 14:38:48.201698,,,"{""choice"": ""Modern planning software""}",
6522d68c-8f95-4475-ba11-3063003a06c1,d0c8d988-27b8-4d10-ac3e-6d3957efe430,what-is-the-planning-consideration,2024-05-23 14:39:57.20235,,,"{""text"": ""A guarantee that a building or buildings will not be newly listed or given a building preservation notice for the next 5 years.""}",
12707b18-bcfb-44a7-9f0f-f4be0390050a,d0c8d988-27b8-4d10-ac3e-6d3957efe430,is-there-legislation,2024-05-23 14:40:10.796736,,,"{""choice"": ""Yes""}",
debdde85-1156-4151-a785-0fb7eb70784a,d0c8d988-27b8-4d10-ac3e-6d3957efe430,what-is-the-legislation-that-defines,2024-05-23 14:40:36.057871,,,"{""text"": ""[Planning (Listed Buildings and Conservation Areas) Act 1990, Section 6](https://www.legislation.gov.uk/ukpga/1990/9/section/6) - “Issue of certificate that building not intended to be listed”\r\n\r\n“The Secretary of State may, on the application of any person, issue a certificate stating that the Secretary of State does not intend to list a building situated in England.]\r\n. . . . . . . . . . . . . . . . . . . . . . . . . . . . . . . .\r\nThe issue of [a certificate under subsection (A1).] in respect of a building shall—\r\npreclude the Secretary of State for a period of 5 years from the date of issue from exercising in relation to that building any of the powers conferred on him by section 1; and\r\npreclude the local planning authority for that period from serving a building preservation notice in relation to it.”\r\n""}",
20760663-09b1-4cdd-bbe1-34e70f8bc274,d0c8d988-27b8-4d10-ac3e-6d3957efe430,what-is-the-legislation-that-defines-designation,2024-05-23 14:41:56.32497,,,"{""text"": ""[Planning (Listed Buildings and Conservation Areas) Act 1990, Section 6](https://www.legislation.gov.uk/ukpga/1990/9/section/6) - \r\n“The Secretary of State may, on the application of any person, issue a certificate stating that the Secretary of State does not intend to list a building situated in England.”\r\n\r\n[Enterprise and Regulatory Reform Act 2013, Explanatory Note 438](https://www.legislation.gov.uk/ukpga/2013/24/notes/division/5/4/2/5) - \r\n“a COI can be applied for at any time for a building situated in England.”""}",
ad8076f6-dce9-4877-8903-408be4afb988,d0c8d988-27b8-4d10-ac3e-6d3957efe430,what-is-the-legislation-for-publication,2024-05-23 14:42:06.958508,,,"{""text"": ""There is no legislation which requires the publication of this data.""}",
a1ada836-179a-4054-8891-fb6eeee1070e,d0c8d988-27b8-4d10-ac3e-6d3957efe430,who-in-law-is-responsible-for-it,2024-05-23 14:42:25.621632,,,"{""text"": ""[SoS DCMS](https://www.legislation.gov.uk/ukpga/1990/9/section/6 )""}",
fb9bcd87-1f1a-4847-b64a-6d5bc17f9f65,2eb8ef61-d4ad-4903-b6cf-24239184b3a8,how-is-data-created,2024-06-21 15:50:43.090527,,,"{""text"": ""N/A""}",
3904dc39-8127-4742-910d-2043049422a5,d0c8d988-27b8-4d10-ac3e-6d3957efe430,is-it-consulted,2024-05-23 14:43:26.839619,,,"{""choice"": ""Yes""}",
fed3fbc0-5dc3-424a-9b43-c8bfb55890db,d0c8d988-27b8-4d10-ac3e-6d3957efe430,is-consulted,2024-05-23 14:43:38.829319,,,"{""text"": ""Further research is required to assess what certificates of immunity might help consult. ""}",
349ae463-0a6c-4a70-bed6-65451f731e83,d0c8d988-27b8-4d10-ac3e-6d3957efe430,existing-data,2024-05-23 14:43:52.832707,,,"{""choice"": ""Yes""}",
c8c6e80d-0916-4be4-8d70-9ca513d91c5a,d0c8d988-27b8-4d10-ac3e-6d3957efe430,is-it-a-trigger,2024-05-23 14:43:16.213851,2024-05-23 14:45:50.035695,,"{""choice"": ""Yes""}",
b1ec6637-9394-457c-84de-c7a037f24c96,2eb8ef61-d4ad-4903-b6cf-24239184b3a8,where-is-data-used,2024-06-21 15:50:48.607468,,,"{""text"": ""N/A""}",
126a0b6a-80ef-42c5-9d73-a6b6f6c3315a,2eb8ef61-d4ad-4903-b6cf-24239184b3a8,related-planning-considerations,2024-06-21 15:52:52.782947,,,"{""text"": ""N/A""}",
2b944fb7-de47-4a0a-9ef8-646df7de8153,d0c8d988-27b8-4d10-ac3e-6d3957efe430,existing-data-examples,2024-05-23 14:45:14.111608,,,,"[{""url"": ""https://opendata-historicengland.hub.arcgis.com/datasets/historicengland::national-heritage-list-for-england-nhle/about?layer=2"", ""fields"": ""ListEntry;Name;Certificate of Immunity start date;Certificate of Immunity expiry date;Capture scale;NHLE link;National Grid Reference;Easting;Northing"", ""licence"": ""[OGL](https://historicengland.org.uk/terms/website-terms-conditions/open-data-hub/ )"", ""coverage"": ""National"", ""position"": ""0"", ""publisher"": ""Historic England"", ""csrf_token"": ""ImNjZWRhOTYxOGNhZTE3MDhkNDgwNTk3YjM1NThkMjU3M2I1OWNmNDQi.Zk9WKA.YxoyTheIBiyVlKF6l-kBhjE9IDI"", ""attribution"": ""Unknown""}]"
fea80de7-0a16-47e8-b764-e31d1f8b5cad,d0c8d988-27b8-4d10-ac3e-6d3957efe430,single-source,2024-05-23 14:45:17.829058,,,"{""text"": ""N / A""}",
915f6570-720f-4de9-8cb3-94fa5ea67584,d0c8d988-27b8-4d10-ac3e-6d3957efe430,is-a-data-standard-required,2024-05-23 14:45:19.29877,,,"{""choice"": ""No""}",
9f13ea90-e8f8-4440-928f-39ff834eeac6,dcbe489d-3928-4f0b-9f89-721fb3215488,existing-data,2025-02-04 18:00:58.093419,,,"{""choice"": ""Yes""}",
cb5a357e-6fb5-4250-bf26-c49c34a7701a,d0c8d988-27b8-4d10-ac3e-6d3957efe430,what-is-triggered,2024-05-23 14:45:55.492453,,,"{""text"": ""Further research is required to pinpoint what certificates of immunity might trigger. Initial research points towards it not triggering anything.""}",
91f0b55c-57a4-4629-aba4-8507fdc89e81,d0c8d988-27b8-4d10-ac3e-6d3957efe430,lifecycle,2024-05-23 14:52:51.762769,,,"{""choice"": ""Yes""}",
92c54f3f-ec77-48a5-98d7-6fa25163d889,c3727f3f-d514-451c-a666-9eaffdce6e70,user-and-data-needs,2024-06-20 14:30:17.372489,,,"{""text"": ""Agricultural Land Classification is an important consideration for developers to understand any potential restrictions or complications associated with land. It is important to know use class also. Developers and LPAs will need to refer to national and local policies related to agricultural land when considering potential development proposals affecting agricultural land and soils, to protect Best and Most Versatile (BMV) agricultural land from significant, innappropriate or unsustainable development proposals, as well as all soils by managing them in a sustainable way. Natural England will need to be consulted as a Statutory Consultee.""}",
cdb178c5-0d14-4cf5-ac50-ac9c9fbe6b2b,d0c8d988-27b8-4d10-ac3e-6d3957efe430,lifecycle-stages,2024-05-23 14:53:10.97622,2024-05-23 14:54:12.115059,,,"[{""name"": "" Application"", ""actors"": ""Applicant"", ""impact"": """", ""output"": ""Application for a COI"", ""position"": ""0"", ""csrf_token"": ""ImNjZWRhOTYxOGNhZTE3MDhkNDgwNTk3YjM1NThkMjU3M2I1OWNmNDQi.Zk9YQw.7fbA9pgq8lQeepOTNpWwn6hjTHo"", ""description"": """"}, {""name"": ""Decision"", ""actors"": ""SoS DCMS"", ""impact"": ""The building is exempt from listing for 5 years OR the building is typically listed"", ""output"": ""COI"", ""position"": ""1"", ""csrf_token"": ""ImNjZWRhOTYxOGNhZTE3MDhkNDgwNTk3YjM1NThkMjU3M2I1OWNmNDQi.Zk9YVw.HKbPSVKJdzETiBaAEzvoo9y4SB4"", ""description"": """"}, {""name"": ""COI expires"", ""actors"": """", ""impact"": ""The COI attached to the building expires, the building is available for listing, or a further COI"", ""output"": """", ""position"": ""2"", ""csrf_token"": ""ImNjZWRhOTYxOGNhZTE3MDhkNDgwNTk3YjM1NThkMjU3M2I1OWNmNDQi.Zk9Yfg.aoXb2svctnx0395fTFkg2WlzDIo"", ""description"": """"}]"
fb956d21-dd6d-4e60-a72e-54c2baf86ebc,d0c8d988-27b8-4d10-ac3e-6d3957efe430,how-is-data-created,2024-05-23 14:54:28.556804,,,"{""text"": ""We do not know how HE produces the data, but our expectation would be that they:\r\n\r\n- used the information contained in the application to place a point\r\n- used OS basemap data to help accurately produce the polygons\r\n""}",
49cee3be-d0a0-432d-b8e1-c5d51da252bc,d0c8d988-27b8-4d10-ac3e-6d3957efe430,where-is-data-used,2024-05-23 14:54:38.747722,,,"{""text"": ""COI data will be used by LPAs to inform the completion of local plans, as a COI inhibits the LPA from applying for a property to get listed; and homeowners (both prospective and current) to assess the viability of renovation / development.""}",
29f3a5cd-477c-49f3-9722-60b997953d64,d0c8d988-27b8-4d10-ac3e-6d3957efe430,related-planning-considerations,2024-05-23 14:54:49.478585,,,"{""text"": ""- Listed buildings\r\n- Building preservation notices""}",
41a79c99-e105-4524-846a-67f9dfe8a54c,d0c8d988-27b8-4d10-ac3e-6d3957efe430,risks,2024-05-23 14:55:05.683601,,,"{""text"": ""N / A""}",
2928bfe9-0099-4279-9a2a-aff7082f6597,161b167f-ac57-4140-a680-495915508745,existing-data,2024-06-26 19:08:14.806395,,,"{""choice"": ""Yes""}",
eb198f7e-1f7c-47f4-870f-092883177bb5,6d1b245a-40e2-4eb7-b1d5-1304fcdad496,which-focus-area-does-it-support,2025-02-05 09:43:44.546124,,,"{""choice"": ""Faster local plans""}",
d20c90dd-4bb1-4669-bf66-15e6be6ecd23,6d1b245a-40e2-4eb7-b1d5-1304fcdad496,is-there-legislation,2025-02-06 10:52:56.412698,,,"{""choice"": ""Yes""}",
ab59b707-9526-4249-b8a4-58c2ae7b4b3f,8e31b7e6-87b2-4daa-8e11-26b863750bc6,existing-data-examples,2024-05-01 00:00:00,2024-05-28 09:33:47.178744,,,"[{""url"": ""https://opendata-historicengland.hub.arcgis.com/datasets/historicengland::conservation-areas/explore?location=52.126721%2C-0.634887%2C6.82"", ""fields"": ""Name;Designation Date;Update Date;Local Planning Authority;Capture Scale;Easting;Northing;UID;Shape_area;Shape_length"", ""licence"": ""OGL3 - https://historicengland.org.uk/terms/website-terms-conditions/open-data-hub/ "", ""coverage"": ""National (incomplete)"", ""position"": 0, ""publisher"": ""Historic England"", ""csrf_token"": ""ImNjZWRhOTYxOGNhZTE3MDhkNDgwNTk3YjM1NThkMjU3M2I1OWNmNDQi.ZlWkmw.O1lWhu6hqcCfk-zMz_2ftxLd4hc"", ""attribution"": ""© Historic England [year] and for spatial data only add Contains Ordnance Survey data © Crown copyright and database right [year].""}, {""url"": ""https://newcastlecity.maps.arcgis.com/apps/instant/basic/index.html?appid=e0efda2acdec4d3b85550d1a13f522bb"", ""fields"": ""Name;Geometry"", ""licence"": ""This website and its content is copyright of Newcastle City Council - © Newcastle City Council 2012. All rights reserved."", ""coverage"": ""Local"", ""position"": 1, ""publisher"": ""Newcastle City Council"", ""csrf_token"": ""ImNjZWRhOTYxOGNhZTE3MDhkNDgwNTk3YjM1NThkMjU3M2I1OWNmNDQi.ZlWkvw.13Doa3iRASg_3rCmzY_0lS7Fx9c"", ""attribution"": """"}]"
093d7142-414e-4872-a590-7ef8d40ab457,c3727f3f-d514-451c-a666-9eaffdce6e70,lifecycle,2024-06-20 14:30:30.62834,,,"{""choice"": ""No""}",
12e0ca30-6bf9-4d08-a55d-75957af7e8c1,770529fd-b90e-438e-96c9-e0b0fae08c7b,is-it-a-trigger,2025-01-20 10:06:12.087846,,,"{""choice"": ""No""}",
93653588-d2f6-4525-a3e8-6498937e98fa,c3727f3f-d514-451c-a666-9eaffdce6e70,where-is-data-used,2024-06-20 14:30:43.788199,,,"{""text"": ""N/A""}",
3fcbbddf-1ac8-4045-a308-407089cb86c5,c3727f3f-d514-451c-a666-9eaffdce6e70,primary-users,2024-06-20 14:30:55.640312,,,"{""text"": ""N/A""}",
a664327b-08ae-406d-9238-44c9d287d8d1,c3727f3f-d514-451c-a666-9eaffdce6e70,additional-users,2024-06-20 14:31:08.621449,,,"{""text"": ""As per above""}",
a99518b5-6638-47ac-8369-9d0792dc0143,c3727f3f-d514-451c-a666-9eaffdce6e70,use-cases,2024-06-20 14:31:15.354225,,,"{""text"": ""As per above""}",
1327dabf-3c25-4ac5-a8d7-bf803372c0e2,c3727f3f-d514-451c-a666-9eaffdce6e70,value-to-platform,2024-06-20 14:31:21.313462,,,"{""text"": ""As per above""}",
707b8b6d-fcf0-46b9-bce4-5c7425b7101f,c3727f3f-d514-451c-a666-9eaffdce6e70,risks,2024-06-20 14:31:32.241672,,,"{""text"": ""N/A""}",
228bbb62-1d92-4651-b60f-be2ff9af1fea,c3727f3f-d514-451c-a666-9eaffdce6e70,related-planning-considerations,2024-06-20 14:30:49.631218,2024-06-20 14:31:53.534559,,"{""text"": ""Best and Most Versatile Agricultural Land""}",
98724e77-3efd-421a-afc4-eed198577ff3,2eb8ef61-d4ad-4903-b6cf-24239184b3a8,primary-users,2024-06-21 15:53:09.18973,,,"{""text"": ""N/A""}",
208980ed-fd98-45b5-b061-42e1d1bc7edb,2eb8ef61-d4ad-4903-b6cf-24239184b3a8,risks,2024-06-21 15:53:24.225668,,,"{""text"": ""N/A""}",
79517b98-b16f-418d-8dc2-0c4f3047d43b,c3727f3f-d514-451c-a666-9eaffdce6e70,single-source,2024-06-20 14:35:15.875096,,,"{""text"": ""Yes Natural England""}",
6409c8d3-32ec-426c-9a3a-33fef66e6617,c3727f3f-d514-451c-a666-9eaffdce6e70,existing-data-examples,2024-06-20 14:30:20.058504,2024-06-20 14:40:58.750804,,,"[{""url"": ""https://naturalengland-defra.opendata.arcgis.com/datasets/Defra::provisional-agricultural-land-classification-alc-england/about"", ""fields"": ""GEOGEXT;\tAREA;\tALC_GRADE;\tPERIMETER;\tShape__Area;\tShape__Length"", ""licence"": ""OGL version 3"", ""coverage"": ""England"", ""position"": 0, ""publisher"": ""Natural England"", ""csrf_token"": ""IjYwMjkxYjY2ZDY0MTlmZTY3NTI2MDEzNWQ5MjE0ODUxODQ5NGQwNDAi.ZnQ8Ng.qRLgZAgEYdVCYC4KufMmCAp59i4"", ""attribution"": ""-> SPECIFIC NAME - Provisional Agricultural Land Classification (ALC) (England)""}, {""url"": ""https://www.data.gov.uk/dataset/c002ceea-d650-4408-b302-939e9b88eb0b/agricultural-land-classification-alc-grades-post-1988-survey-polygons"", ""fields"": ""OBJECTID\tGEOGEXT\tJOB_NUMBER\tRPT\tALC_GRADE\tHECTARES\tRPT_JOBNUM\tPublished_\tShape__Area\tShape__Length"", ""licence"": ""OGL version 3"", ""coverage"": ""England"", ""position"": ""1"", ""publisher"": ""Natural England"", ""csrf_token"": ""IjYwMjkxYjY2ZDY0MTlmZTY3NTI2MDEzNWQ5MjE0ODUxODQ5NGQwNDAi.ZnQ9_Q.VIX28SoVMsagSYNDsdyT91EUt3U"", ""attribution"": ""NAME -> Agricultural Land Classification (ALC) Grades - Post 1988 Survey (polygons)""}, {""url"": ""https://www.data.gov.uk/dataset/3870e82c-265e-4566-be9b-e6b3f1eb78a3/agricultural-land-classification-alc-grades-pre-1988"", ""fields"": """", ""licence"": ""https://www.gov.uk/how-to-access-natural-englands-maps-and-data#terms-and-conditions-for-use-of-data"", ""coverage"": ""England"", ""position"": 2, ""publisher"": ""Natural England"", ""csrf_token"": ""IjYwMjkxYjY2ZDY0MTlmZTY3NTI2MDEzNWQ5MjE0ODUxODQ5NGQwNDAi.ZnQ-Ow.FQ53nFrNczC3Pufo7PyM1HCXkAU"", ""attribution"": """"}]"
77cce9c3-e825-4568-853c-a677e2fa55b3,c3727f3f-d514-451c-a666-9eaffdce6e70,what-is-the-legislation-that-defines,2024-06-20 14:40:53.409817,2024-06-20 14:41:19.991702,,"{""text"": ""NOT LEGISLATION\r\n\r\n[Planning Guidance](https://www.gov.uk/government/publications/agricultural-land-assess-proposals-for-development/guide-to-assessing-development-proposals-on-agricultural-land) - \r\nPlanning authorities must consult Natural England on all non-agricultural applications that result in the loss of more than 20 hectares (ha) of BMV land if the land is not included in a development plan. For example, this includes the likely cumulative loss of BMV land from the proposed development if it’s part of a phased development.\r\n\r\nThis is required by [schedule 4(y) of the Order](https://www.legislation.gov.uk/uksi/2015/595/schedule/4/made).""}",
2b3ccc2f-987e-47d0-a3b0-b6e845168562,c3727f3f-d514-451c-a666-9eaffdce6e70,who-in-law-is-responsible-for-it,2024-06-20 14:41:27.948895,,,"{""text"": ""Natural England""}",
98156837-1a85-4cd9-82c1-b61a45839cc1,c3727f3f-d514-451c-a666-9eaffdce6e70,what-is-the-legislation-that-defines-designation,2024-06-20 14:41:29.684467,,,"{""text"": ""N/A""}",
838c870f-fb8b-4847-9877-9f5f8152bfa7,c3727f3f-d514-451c-a666-9eaffdce6e70,what-is-the-legislation-for-publication,2024-06-20 14:41:35.577997,,,"{""text"": ""N/A""}",
82fd4715-39d0-4777-8867-668a4d7d4f9b,c3727f3f-d514-451c-a666-9eaffdce6e70,is-it-a-trigger,2024-06-20 14:45:40.066545,,,"{""choice"": ""Yes""}",
bcca12a6-f918-48c6-9a25-89c2e979bec4,c3727f3f-d514-451c-a666-9eaffdce6e70,what-is-triggered,2024-06-20 14:45:50.286039,,,"{""text"": ""Agricultural Land Assessment""}",
842fcc11-b3b7-4cde-bc5b-5a5df1ed4253,c3727f3f-d514-451c-a666-9eaffdce6e70,is-a-data-standard-required,2024-06-20 14:46:12.557364,,,"{""choice"": ""No""}",
96b94a81-b2ff-4802-8e5b-007849edd570,c3727f3f-d514-451c-a666-9eaffdce6e70,is-it-consulted,2024-06-20 14:47:09.500082,,,"{""choice"": ""No""}",
8fc7e617-c299-4153-bb65-286ac55006b8,2eb8ef61-d4ad-4903-b6cf-24239184b3a8,existing-data,2024-06-20 14:49:36.213848,,,"{""choice"": ""Yes""}",
583e680b-ae38-45b1-9d32-2d99e68e885a,2eb8ef61-d4ad-4903-b6cf-24239184b3a8,single-source,2024-06-20 14:55:59.163454,,,"{""text"": ""ONS""}",
fdf8a478-2888-4f4a-be2c-b8996cb4f0e3,2eb8ef61-d4ad-4903-b6cf-24239184b3a8,existing-data-examples,2024-06-20 14:55:42.848421,2024-06-21 15:49:39.109294,,,"[{""url"": ""https://www.data.gov.uk/dataset/15e3be7f-66ed-416c-b0f2-241e87668642/built-up-areas-december-2011-boundaries-v2"", ""fields"": """", ""licence"": """", ""coverage"": """", ""position"": 0, ""publisher"": """", ""csrf_token"": ""Ijc5ODUxNDlkNzdiMWRhNjdjNzJiZTFkOTU0ZDY1YmE4ZjhjZTJiM2Qi.ZnRC0g.ObezgpidsvtpFLoHsIlhqZrdg5M"", ""attribution"": ""ALL DATA LINKS ARE DEAD""}, {""url"": ""https://geoportal.statistics.gov.uk/datasets/ons::built-up-areas-2024-boundaries-ew-bgg-2/about"", ""name"": ""Built Up Areas (2024) Boundaries EW BGG"", ""fields"": ""OBJECTID;gsscode;BUA24CD;BUA24NM;BUA24NMW;geometry_a;areahectar;Shape_Area;Shape_Length"", ""licence"": ""OGL"", ""coverage"": ""National"", ""position"": 1, ""publisher"": ""ONS"", ""csrf_token"": ""ImNhYTQ5NWQyMWI2ZmNmOGYxZWIwOWFhOGUxYjExMThkNGUzMzUyMjUi.ZnWfeQ.OiW_XI_45-JqBGbQ5guEFEZdvSM"", ""attribution"": ""\t\r\nSource: Office for National Statistics licensed under the Open Government Licence v.3.0 Contains OS data © Crown copyright and database right 2024"", ""metadata_url"": """"}, {""url"": ""https://www.ordnancesurvey.co.uk/products/os-open-built-up-areas"", ""name"": ""OS Open Built Up Areas"", ""fields"": """", ""licence"": ""OGL"", ""coverage"": ""National"", ""position"": 2, ""publisher"": ""OS"", ""csrf_token"": ""ImNhYTQ5NWQyMWI2ZmNmOGYxZWIwOWFhOGUxYjExMThkNGUzMzUyMjUi.ZnWgWw.l5pjZwHSz_xJVrbYVas2rWaZq2M"", ""attribution"": ""Contains OS data © Crown Copyright and\r\ndatabase rights (2022)"", ""metadata_url"": """"}]"
4854c8d8-7e06-4aab-95a2-a1ab63717f27,3c6c44ed-b57c-4faf-ac23-8dc3ff172aae,statutory-consultees,2024-06-27 12:38:36.019822,,,"{""text"": ""N/A""}",
369c45c0-9ef3-480b-bb6a-75e45f434d25,2eb8ef61-d4ad-4903-b6cf-24239184b3a8,what-is-the-planning-consideration,2024-06-21 14:47:52.765699,2024-06-21 14:48:03.411695,,"{""text"": ""[Built-up areas (BUAs)](https://www.ons.gov.uk/peoplepopulationandcommunity/housing/articles/townsandcitiescharacteristicsofbuiltupareasenglandandwales/census2021) are a geography based on the physical built environment, using Ordnance Survey topographic data to recognise developed land, such as cities, towns, and villages. This allows economic and social statistics to be investigated based on actual settlements where most people live.\r\n\r\nBUAs are classified by population size as minor, small, medium, large or major, and characteristics are explored using Census 2021 data.""}",
5adbed5b-6b14-424f-a3db-6893f4553f44,2eb8ef61-d4ad-4903-b6cf-24239184b3a8,is-there-legislation,2024-06-21 14:53:10.730209,,,"{""choice"": ""No""}",
631484b6-9edb-4b7a-8251-d0360bc1bc6a,2eb8ef61-d4ad-4903-b6cf-24239184b3a8,who-in-law-is-responsible-for-it,2024-06-21 14:53:20.158047,,,"{""text"": ""ONS""}",
b0d0433c-1832-43a6-8297-5c8b83760863,2eb8ef61-d4ad-4903-b6cf-24239184b3a8,publishing-organisations,2024-06-21 14:53:26.430772,2024-09-03 14:33:54.851174,,"{""choice"": ""Office for National Statistics""}",
f863b300-2069-4ecc-a235-234db9515e80,0ee51c1b-cc3f-44c5-9409-2d31b2e1b517,what-is-the-planning-consideration,2025-01-13 11:26:22.978061,,,"{""text"": ""These provisions give communities a right to identify a building or other land that they believe to be of importance to their community’s social well-being. If the nominated asset meets the definition of an asset of community value, the local authority will list it. - [Communities and Local Government PDF, Assets of Community Value - Policy Statement, 2011](https://assets.publishing.service.gov.uk/media/5a7959cfed915d0422067b06/1987150.pdf)""}",
e703bee4-6656-48ca-a31a-871d0eaf4ccd,8da71a60-a503-4b22-9e6b-2ea6e9265580,what-is-the-planning-consideration,2024-12-10 17:00:06.16918,2024-12-10 17:00:46.482409,,"{""text"": ""A public right of way (PRoW) is a legal right for the public to pass along a specific route across land, even if that land is privately owned. There are four categories of PROWs, each with different types of permitted transportation:\r\nFootpaths; Bridleways; Restricted byways and Byways open to all traffic (BOAT).""}",
6bd8eeae-1112-4d2a-8cef-ac6a2624bf0d,0f1cd8fe-7527-4305-ba61-1d80daefca32,existing-data-examples,2024-12-12 07:16:01.183727,,,,"[{""url"": ""https://www.data.gov.uk/dataset/7fe90245-d6e8-4d7c-a13a-65a87455f429/drinking-water-safeguard-zones-groundwater"", ""name"": ""Drinking Water Safeguard Zones (Groundwater)"", ""fields"": """", ""licence"": """", ""coverage"": """", ""position"": 0, ""publisher"": ""Environment Agency"", ""csrf_token"": ""ImU4ODU1NDBlZTAxYjUzZTRlOWUwYmU3M2M0YjQwODgyMWJkY2Q3MTgi.Z1qNgQ._rN0fy4BFORqsAbTCPdlY9uFR8k"", ""attribution"": """", ""metadata_url"": """"}]"
44293f98-35aa-4e64-b6bf-21fa60281c8c,0f1cd8fe-7527-4305-ba61-1d80daefca32,what-is-the-planning-consideration,2024-12-12 07:16:27.372776,,,"{""text"": ""Drinking Water Groundwater Safeguard Zones (SgZs) are established around public water supplies where additional pollution control measures are needed. The Water Framework Directive requires that Drinking Water Protected Areas are identified (WFD Article 7.1) and that they are given the necessary protection (WFD Article 7.3) with the aim of avoiding deterioration in their quality in order to reduce the level of purification treatment required in the production of drinking water.""}",
a7afdf9e-d20f-4e06-83ce-0d61e1849c7a,9d7b5fea-693c-4ca3-bd12-afde38e0360f,what-is-the-planning-consideration,2025-01-06 10:15:40.163635,,,"{""text"": ""Local planning authorities must publish information at least annually that shows progress with local plan preparation, reports any activity relating to the duty to cooperate, any information collected which relates to indicators in the plan, and any policies which are not being implemented. Local planning authorities can also use the Authority Monitoring Report to provide up-to-date information on the implementation of any neighbourhood plans that have been brought into force, and monitor the provision of housing for older and disabled people. It can help inform if there is a need to undertake a partial or full update of the local plan, when carrying out a review at least every 5 years from the adoption date.\r\n\r\nThis information should be made available publicly. Regulation 34 of the Town and Country Planning (Local Planning) (England) Regulations 2012 sets out what information the reports must contain. The reports can include other information, for example, the reports can draw on Infrastructure Funding Statements to highlight the contributions made by development, including section 106 planning obligations, Community Infrastructure Levy and New Homes Bonus payments, and how these have been used.""}",
1fd58619-653a-40b8-96af-125a87e3106c,9d7b5fea-693c-4ca3-bd12-afde38e0360f,is-there-legislation,2025-01-06 10:15:56.513137,,,"{""choice"": ""Yes""}",
1a1ada35-c390-4f72-a451-0e8fea8f0c52,9d7b5fea-693c-4ca3-bd12-afde38e0360f,what-is-the-legislation-that-defines-designation,2025-01-06 10:16:29.760254,,,"{""text"": ""Regulation 34 of the Town and Country Planning (Local Planning) (England) Regulations 2012""}",
e8064e0b-6b38-4e38-b2fb-ea1733d9d56c,9d7b5fea-693c-4ca3-bd12-afde38e0360f,what-is-the-legislation-for-publication,2025-01-06 10:17:04.872419,,,"{""text"": ""Part 7""}",
f0bb39ea-4e9a-49c9-8dbf-5e8e69f8a8a9,9d7b5fea-693c-4ca3-bd12-afde38e0360f,who-in-law-is-responsible-for-it,2025-01-06 10:17:20.43886,,,"{""text"": ""Local Planning Authorities""}",
2586f3cf-cbb2-43ff-8ebe-73052a512240,9d7b5fea-693c-4ca3-bd12-afde38e0360f,publishing-organisations,2025-01-06 10:17:28.75654,,,"{""choice"": ""Local authorities""}",
d1127554-b0b5-4d6f-be47-3871907d7a12,9d7b5fea-693c-4ca3-bd12-afde38e0360f,is-it-a-trigger,2025-01-06 10:17:32.051036,,,"{""choice"": ""No""}",
2616c067-662e-4d33-bf04-7876af25904d,9d7b5fea-693c-4ca3-bd12-afde38e0360f,is-it-consulted,2025-01-06 10:17:34.852663,,,"{""choice"": ""No""}",
cb4080e6-ccd3-4ec2-b01e-e16c59652185,9d7b5fea-693c-4ca3-bd12-afde38e0360f,existing-data,2025-01-06 10:17:39.462525,,,"{""choice"": ""No""}",
b155833f-7cf0-420b-8fe3-8a93abd34822,9d7b5fea-693c-4ca3-bd12-afde38e0360f,is-a-data-standard-required,2025-01-06 10:17:48.934224,,,"{""choice"": ""Yes""}",
ab94f466-01f4-4598-abc8-8763cc4f84e5,9d7b5fea-693c-4ca3-bd12-afde38e0360f,lifecycle,2025-01-06 10:20:05.575867,2025-01-06 10:20:12.393916,,"{""choice"": ""No""}",
4be1b0b7-ca49-402b-b6f9-031ce8ba5ba2,9d7b5fea-693c-4ca3-bd12-afde38e0360f,what-is-the-legislation-that-defines,2025-01-06 10:16:13.922308,2025-01-07 10:24:12.016203,,"{""text"": ""[Regulation 34 of the Town and Country Planning (Local Planning) (England) Regulations 2012](https://www.legislation.gov.uk/uksi/2012/767/regulation/34)""}",
f7f8206f-0ec4-4830-9e04-ae19121bdf9f,9d7b5fea-693c-4ca3-bd12-afde38e0360f,single-source,2025-01-06 10:17:46.524915,2025-01-07 10:28:29.406931,,"{""text"": ""No - authority monitoring reports are documents which are produced by the local authorities individually ([see Birmingham City Council as an example](https://www.birmingham.gov.uk/downloads/download/224/authority_monitoring_reports)), and so this data will need to be collated from multiple sources.""}",
f5f859f2-dd6c-4f79-adfb-df440ac8992d,0ee51c1b-cc3f-44c5-9409-2d31b2e1b517,is-there-legislation,2025-01-13 11:29:04.042713,,,"{""choice"": ""Yes""}",
ea1bebc4-bd41-460a-a070-f9017342d4e3,0ee51c1b-cc3f-44c5-9409-2d31b2e1b517,what-is-the-legislation-that-defines,2025-01-13 11:29:47.085601,2025-01-13 11:50:14.883194,,"{""text"": ""[The Assets of Community Value (England) Regulation 2012](https://www.legislation.gov.uk/uksi/2012/2421/contents/made), although there only appears to be contents on how this applies to listing land.""}",
6726106f-d143-4786-a357-8df9a265f703,6d1b245a-40e2-4eb7-b1d5-1304fcdad496,value-to-platform,2025-02-05 09:44:16.888384,,,"{""text"": ""To ensure transparency and provide clear information on how the community can participate in the planning process.""}",
244574d8-9bab-4da5-8ecf-62f717e5166e,0de006ed-cc21-44b7-a8a6-823d18ffa259,which-focus-area-does-it-support,2025-01-24 09:21:57.152176,,,"{""choice"": ""Faster local plans""}",
b4f9c860-6f81-4596-b1d5-895d01382ae6,770529fd-b90e-438e-96c9-e0b0fae08c7b,who-asked-for-it,2025-01-24 09:52:08.821831,,,"{""text"": ""NSIT""}",
ecd80934-4c4f-46b0-8a6b-760448e5ab1b,770529fd-b90e-438e-96c9-e0b0fae08c7b,what-is-the-driver,2025-01-24 09:52:18.135026,,,"{""choice"": ""Specific user requirement""}",
f5cf690e-2bfa-4a74-807a-53d20abb9e8f,770529fd-b90e-438e-96c9-e0b0fae08c7b,which-focus-area-does-it-support,2025-01-24 09:52:23.420037,,,"{""choice"": ""Other""}",
bec1d74c-7bb6-4888-b56f-2149fccba584,6d1b245a-40e2-4eb7-b1d5-1304fcdad496,publishing-organisations,2025-02-05 09:45:10.16554,,,"{""choice"": ""Local authorities""}",
4b08afff-5c9d-4d7e-8c82-c939730e5635,cb165f53-e61a-48ce-801f-51a132a7957f,what-is-the-planning-consideration,2024-06-25 11:44:03.527271,,,"{""text"": ""The Flood Map for Planning (Rivers and Sea) includes several layers of information. This dataset covers Flood Storage Areas. It shows those areas that act as a balancing reservoir, storage basin or balancing pond. Their purpose is to attenuate an incoming flood peak to a flow level that can be accepted by the downstream channel. It may also delay the timing of a flood peak so that its volume is discharged over a longer time interval. We have assumed that flood storage areas act perfectly and give the same level of protection as when our assessment of the area was carried out. Flood storage areas do not completely remove the chance of flooding and can be overtopped or fail in extreme weather conditions.\r\n\r\nThis dataset is designed to raise awareness of the likelihood of flooding and to encourage people living and working in areas prone to flooding to find out more and take appropriate action.""}",
3bacc128-8b9d-4fb0-9dc1-50f089ada458,cb165f53-e61a-48ce-801f-51a132a7957f,who-in-law-is-responsible-for-it,2024-06-25 11:44:26.474592,,,"{""text"": ""The Environment Agency""}",
b8b44934-a310-4200-946f-3dc928a32065,cb165f53-e61a-48ce-801f-51a132a7957f,existing-data,2024-06-25 11:44:47.247601,,,"{""choice"": ""Yes""}",
a68ac781-2291-40a9-bfb0-33177cc97404,cb165f53-e61a-48ce-801f-51a132a7957f,single-source,2024-06-25 11:45:04.340839,,,"{""text"": ""Yes, the Environment Agency""}",
d687e6b9-1805-476f-bc7b-6e569ed0097b,cb165f53-e61a-48ce-801f-51a132a7957f,is-a-data-standard-required,2024-06-25 11:45:09.874772,,,"{""choice"": ""No""}",
e1d52644-a6ef-4c22-ad4c-b7112a9d320d,cb165f53-e61a-48ce-801f-51a132a7957f,lifecycle,2024-06-25 11:45:26.163911,,,"{""choice"": ""No""}",
8a8b06e4-5584-4b65-b5c7-e6d763c585d2,cb165f53-e61a-48ce-801f-51a132a7957f,how-is-data-created,2024-06-25 11:45:33.667871,,,"{""text"": ""N/A""}",
e8dddaf3-8052-4c29-8845-ab35b0552d0f,cb165f53-e61a-48ce-801f-51a132a7957f,related-planning-considerations,2024-06-25 11:46:17.752962,,,"{""text"": ""It is part of the 'Flood Map for Planning (Rivers and Sea)' data that the Environment Agency shares""}",
86042abd-d06e-4b08-b52b-19d92095017d,cb165f53-e61a-48ce-801f-51a132a7957f,statutory-consultees,2024-06-25 11:46:30.450274,,,"{""text"": ""The Environment Agency""}",
3ed9890e-b012-4628-ab4b-5d9a11caf728,cb165f53-e61a-48ce-801f-51a132a7957f,existing-data-examples,2024-06-25 11:51:26.975212,2024-06-25 11:51:50.37699,,,"[{""url"": ""https://www.data.gov.uk/dataset/cae4e24c-0342-48aa-8a93-d727ce582b3c/flood-map-for-planning-rivers-and-sea-flood-storage-areas"", ""name"": ""Flood Map for Planning (Rivers and Sea) Flood Storage Areas"", ""fields"": ""FID; Shape; Layer"", ""licence"": ""OGL version 3"", ""coverage"": ""England"", ""position"": ""0"", ""publisher"": ""The Environment Agency"", ""csrf_token"": ""ImM5NjI4ZGZkNGY5ODAxYjNjYTcxZmFjYTY0ZWI0NDgzZTU4ZDk2MzYi.ZnqvSA.8koe0MQTkPJDJ0RbWGQ9rNvwluE"", ""attribution"": ""Some features of this map are based on digital spatial data from the Centre for Ecology & Hydrology, © NERC (CEH)\r\n\r\n© Crown Copyright and Database Rights 2023 OS AC0000807064."", ""metadata_url"": ""https://www.data.gov.uk/dataset/cae4e24c-0342-48aa-8a93-d727ce582b3c/flood-map-for-planning-rivers-and-sea-flood-storage-areas""}]"
5d9b3c31-d155-426a-8d03-f34e7a249ba0,fe2f0756-2423-4959-bb71-4879a7197bef,what-is-the-planning-consideration,2024-06-25 11:54:14.546183,,,"{""text"": ""Flood Zone 1 is everywhere that is not designated flood zone 2 or 3. There is no dataset for it.""}",
6f7e41fc-5927-46ed-8f85-98df462d016e,fe2f0756-2423-4959-bb71-4879a7197bef,who-in-law-is-responsible-for-it,2024-06-25 11:54:39.612929,,,"{""text"": ""N/A""}",
0ac209d4-edd3-48dc-9105-4b1b25bb4127,fe2f0756-2423-4959-bb71-4879a7197bef,is-it-consulted,2024-06-25 11:54:57.873581,,,"{""choice"": ""No""}",
ff04a2ae-df4a-4edb-b0c8-a3e3b04eb5b4,fe2f0756-2423-4959-bb71-4879a7197bef,existing-data,2024-06-25 11:55:02.755758,,,"{""choice"": ""No""}",
526ab35b-2f73-45ad-94de-1a4978ca0c91,fe2f0756-2423-4959-bb71-4879a7197bef,single-source,2024-06-25 11:55:10.236424,,,"{""text"": ""N/A""}",
ab4f806c-fc49-4bc3-b80b-f7cac1ff9e76,fe2f0756-2423-4959-bb71-4879a7197bef,is-a-data-standard-required,2024-06-25 11:55:15.035218,,,"{""choice"": ""No""}",
f02c2ca0-73b5-4bd7-aee1-7440fc777021,fe2f0756-2423-4959-bb71-4879a7197bef,lifecycle,2024-06-25 11:55:21.444859,,,"{""choice"": ""No""}",
67fb8be7-6105-49ae-94ed-76714423ef59,fe2f0756-2423-4959-bb71-4879a7197bef,how-is-data-created,2024-06-25 11:55:26.548163,,,"{""text"": ""N/A""}",
2df6ac06-1f7b-49f5-afcd-0369903f9b79,fe2f0756-2423-4959-bb71-4879a7197bef,where-is-data-used,2024-06-25 11:55:31.883493,,,"{""text"": ""N/A""}",
932ab289-aef9-4d00-8c83-cd931961c8ac,fe2f0756-2423-4959-bb71-4879a7197bef,related-planning-considerations,2024-06-25 11:55:37.659192,,,"{""text"": ""N/A""}",
e65cd3d9-4975-44e0-af16-bb9dc3c2aebf,fe2f0756-2423-4959-bb71-4879a7197bef,statutory-consultees,2024-06-25 11:55:42.903617,,,"{""text"": ""N/A""}",
6d3386e2-c33d-474f-8148-e949cffe8413,fe2f0756-2423-4959-bb71-4879a7197bef,primary-users,2024-06-25 11:55:48.665949,,,"{""text"": ""N/A""}",
bec7be53-6085-449c-8fcd-3d8ee1edeb6d,fe2f0756-2423-4959-bb71-4879a7197bef,user-and-data-needs,2024-06-25 11:55:54.223815,,,"{""text"": ""N/A""}",
88c5ac27-208b-4c2c-8936-037e0e44faee,fe2f0756-2423-4959-bb71-4879a7197bef,additional-users,2024-06-25 11:57:27.527482,,,"{""text"": ""N/A""}",
a88784da-8f22-4a9e-b504-2357f7d463a1,fe2f0756-2423-4959-bb71-4879a7197bef,use-cases,2024-06-25 11:57:33.101244,,,"{""text"": ""N/A""}",
b9276cd2-e2a7-46fd-bbe4-2c70c4d3838d,fe2f0756-2423-4959-bb71-4879a7197bef,value-to-platform,2024-06-25 11:57:39.615004,,,"{""text"": ""N/A""}",
1c1bc8da-c01c-4a4c-9caa-4ae39e8eb89a,fe2f0756-2423-4959-bb71-4879a7197bef,risks,2024-06-25 11:57:46.187772,,,"{""text"": ""N/A""}",
1818d432-ede1-43cc-85be-407759fbc2e4,9c7bca75-c414-4584-8f6f-64aa03e798cb,what-is-the-planning-consideration,2024-06-25 12:06:17.892074,,,"{""text"": ""Main Rivers are a legal designation relating to watercourses.\r\n\r\nMain rivers are usually larger rivers and streams. They are designated as such, and shown on the Main River Map. The Environment Agency carries out maintenance, improvement or construction work on main rivers to manage flood risk. Other rivers are called ‘ordinary watercourses’. Lead local flood authorities, district councils and internal drainage boards carry out flood risk management work on ordinary watercourses.\r\n\r\n""}",
b23aee9c-4f06-4e53-a58d-9c4ea9b87efb,9c7bca75-c414-4584-8f6f-64aa03e798cb,is-there-legislation,2024-06-25 12:06:22.915211,,,"{""choice"": ""Yes""}",
a2f77487-9670-48be-9385-4968be368288,9c7bca75-c414-4584-8f6f-64aa03e798cb,what-is-the-legislation-that-defines,2024-06-25 12:07:52.338322,,,"{""text"": ""Water Resources Act 1991""}",
9f8a3f79-cf59-4a9f-9651-2552b84cdaed,9d7b5fea-693c-4ca3-bd12-afde38e0360f,where-is-data-used,2025-01-06 10:27:36.411938,,,"{""text"": ""The AMR will be used to understand the progress of the implementation of the Local Plan, or preparation of the Local Plan. It will also be used by the Planning Inspector during the examination of the Local Plan to determine whether the duty to cooperate has been satisfied.""}",
99bf755e-728f-464d-8efd-4dea45b4c03c,9c7bca75-c414-4584-8f6f-64aa03e798cb,who-in-law-is-responsible-for-it,2024-06-25 12:09:21.882217,,,"{""text"": ""The Environment Agency""}",
ac5e2ebc-e9e8-4907-845b-d16f3ff6e549,9c7bca75-c414-4584-8f6f-64aa03e798cb,existing-data,2024-06-25 12:09:41.706419,,,"{""choice"": ""Yes""}",
7e13d3e0-bf13-48a1-ab39-5a75e09b9f44,9c7bca75-c414-4584-8f6f-64aa03e798cb,existing-data-examples,2024-06-25 12:14:12.019906,,,,"[{""url"": ""https://www.data.gov.uk/dataset/4ae8ba46-f9a4-47d0-8d93-0f93eb494540/statutory-main-river-map"", ""name"": ""The Statutory Main River Map"", ""fields"": """", ""licence"": ""OGL version 3"", ""coverage"": ""England"", ""position"": 0, ""publisher"": ""The Environment Agency"", ""csrf_token"": ""ImM5NjI4ZGZkNGY5ODAxYjNjYTcxZmFjYTY0ZWI0NDgzZTU4ZDk2MzYi.Znqziw.P7W-5IqfyVoeE3RzQcFnhA5pOeM"", ""attribution"": ""Attribution statement: © Environment Agency copyright and/or database right. Contains OS data © Crown copyright and database right (2023)"", ""metadata_url"": ""https://www.data.gov.uk/dataset/4ae8ba46-f9a4-47d0-8d93-0f93eb494540/statutory-main-river-map""}]"
74984b98-db7d-4f7e-b4d5-3b5372d1494f,9c7bca75-c414-4584-8f6f-64aa03e798cb,single-source,2024-06-25 12:14:32.420323,,,"{""text"": ""The Environment Agency""}",
0bb3f6d2-c6a2-4822-a826-419de4eae10e,9c7bca75-c414-4584-8f6f-64aa03e798cb,is-a-data-standard-required,2024-06-25 12:14:37.094812,,,"{""choice"": ""No""}",
40ab5500-1041-4e24-b373-f1f651c59971,9c7bca75-c414-4584-8f6f-64aa03e798cb,lifecycle,2024-06-25 12:14:45.150253,,,"{""choice"": ""No""}",
2476cf44-cc0e-4c93-817f-6ed3ba93057d,fe2f0756-2423-4959-bb71-4879a7197bef,publishing-organisations,2024-06-25 11:54:47.2933,,,"{""choice"": ""Unknown""}",
b10d8882-0bf2-41c7-89c0-e101eb6f14e2,cb165f53-e61a-48ce-801f-51a132a7957f,publishing-organisations,2024-06-25 11:44:38.388553,2024-09-03 14:34:25.807956,,"{""choice"": ""Environment Agency""}",
d73988ac-176d-498c-82ee-321c19453313,b8c8a909-5fd2-49cb-b586-518221cf19ad,what-is-the-planning-consideration,2024-06-25 15:56:24.692286,,,"{""text"": ""Postcodes is not the dataset name ->\r\nCode-Point Open\r\nCode-Point with Polygons""}",
206b3b60-cf6c-4a49-ae4b-9734367130a2,b8c8a909-5fd2-49cb-b586-518221cf19ad,who-in-law-is-responsible-for-it,2024-06-25 15:57:20.529927,,,"{""text"": ""Ordnance Survey and Royal Mail""}",
19741032-0710-442b-ac24-e8e737e9f299,b8c8a909-5fd2-49cb-b586-518221cf19ad,existing-data,2024-06-25 15:57:41.005202,,,"{""choice"": ""Yes""}",
3aef99ff-2e3d-41e5-9317-72f3f40ca8c7,9d7b5fea-693c-4ca3-bd12-afde38e0360f,related-planning-considerations,2025-01-06 10:32:54.258362,,,"{""text"": ""The Local Plan / Development Plan - as it reports on the preparation or implementation of the Local Plan and it's policies.\r\n\r\nNeighbourhood Plans - Local planning authorities can also use the Authority Monitoring Report to provide up-to-date information on the implementation of any neighbourhood plans that have been brought into force\r\n\r\nLocal Development Schemes - The AMR may draw on the Local Development Scheme, to identify the progress that has been made on the preparation of the Local Plan against the timetable set out within the Local Development Scheme.\r\n\r\nCommunity Infrastructure Levy / Infrastructure Funding Statement - AMRs can report on Infrastructure Funding Statements to highlight the contributions made by development, including section 106 planning obligations, and Community Infrastructure Levy payments, and how these have been used.""}",
f460b1c5-4cf2-4150-9ae1-e73e50173b74,3c6c44ed-b57c-4faf-ac23-8dc3ff172aae,primary-users,2024-06-27 12:38:42.132011,,,"{""text"": ""N/A""}",
c0b83541-e49f-472c-856a-c82d5057e556,b8c8a909-5fd2-49cb-b586-518221cf19ad,single-source,2024-06-25 16:04:31.896634,,,"{""text"": ""Ordnance Survey""}",
09bd832a-7841-4483-ad82-bdf89170b270,b8c8a909-5fd2-49cb-b586-518221cf19ad,is-a-data-standard-required,2024-06-25 16:04:37.425321,,,"{""choice"": ""No""}",
05743fb7-c731-44ca-b7a0-df9a286c0615,b8c8a909-5fd2-49cb-b586-518221cf19ad,lifecycle,2024-06-25 16:04:47.677976,,,"{""choice"": ""No""}",
80bdf610-69be-4478-bfa6-81b5fe8f40fd,f3a62905-f923-4c74-a101-6e8b810f197a,what-is-the-planning-consideration,2024-06-25 16:13:56.548277,,,"{""text"": ""OS Open UPRN\r\n\r\nUPRNs are the authoritative identifier used to uniquely identify addressable locations in Great Britain. Essential for bringing property and address information together.""}",
82909074-14b1-4371-ac79-aac9953e6753,f3a62905-f923-4c74-a101-6e8b810f197a,who-in-law-is-responsible-for-it,2024-06-25 16:14:09.727309,,,"{""text"": ""Ordnance Survey""}",
56104e1b-4058-4702-b4ae-f53ad0674240,f3a62905-f923-4c74-a101-6e8b810f197a,is-it-a-trigger,2024-06-25 16:14:25.483333,,,"{""choice"": ""No""}",
c05958a9-c84c-4cdd-ae14-ba6d37c8952c,f3a62905-f923-4c74-a101-6e8b810f197a,existing-data,2024-06-25 16:14:33.579597,,,"{""choice"": ""Yes""}",
43e67141-64e4-43bf-a74a-dd7ccc165cdd,9d7b5fea-693c-4ca3-bd12-afde38e0360f,primary-users,2025-01-06 10:33:42.40261,,,"{""text"": ""LPA planning officers, councillors, local stakeholders and communities, developers/landowners/site promotors.""}",
a9490d0e-68b8-47e4-a0c2-ac3b643698c1,64be84b1-b5ee-4acf-89f0-04666e38d7d3,what-is-the-planning-consideration,2024-06-25 16:21:12.148833,,,"{""text"": ""OS Open USRN\r\n\r\nA Unique Street Reference Number (USRN) is a unique and persistent identifier for every street, road, track, path, cycle track or cycle way in Great Britain.""}",
77cce084-5db1-4bfc-9e8a-2226b79a6b1e,64be84b1-b5ee-4acf-89f0-04666e38d7d3,who-in-law-is-responsible-for-it,2024-06-25 16:21:20.23245,,,"{""text"": ""Ordnance Survey""}",
00624eb5-4b5c-40dc-953b-d678718a00b1,64be84b1-b5ee-4acf-89f0-04666e38d7d3,existing-data,2024-06-25 16:21:42.594354,,,"{""choice"": ""Yes""}",
71c9185b-d76b-4323-ac9c-2873f32202ac,64be84b1-b5ee-4acf-89f0-04666e38d7d3,single-source,2024-06-25 16:23:19.83934,,,"{""text"": ""Ordnance Survey""}",
3acfe914-da01-4b92-a489-b4aa8615a809,64be84b1-b5ee-4acf-89f0-04666e38d7d3,is-a-data-standard-required,2024-06-25 16:23:25.910491,,,"{""choice"": ""No""}",
a408374d-2c14-4d9a-b20d-21d67364a4b0,64be84b1-b5ee-4acf-89f0-04666e38d7d3,lifecycle,2024-06-25 16:24:12.892913,,,"{""choice"": ""Yes""}",
fe49a3c8-4669-43a3-a636-ddd071580018,c066a7f8-fd53-422a-a9d6-79290c819e05,who-asked-for-it,2025-01-24 10:00:31.687963,,,"{""text"": ""Data design - candidate for collecting documents""}",
e861065d-14d8-4f9e-942b-4f7bb25cef34,f3a62905-f923-4c74-a101-6e8b810f197a,lifecycle,2024-06-25 16:25:27.430947,,,"{""choice"": ""Yes""}",
e3ff2164-9903-434a-9529-5196b56aade2,f3a62905-f923-4c74-a101-6e8b810f197a,how-is-data-created,2024-06-25 16:25:50.484481,,,"{""text"": ""A UPRN is a unique numeric identifier for every addressable location in Great Britain. The UPRN is the\r\npersistent identifier providing consistency across the AddressBase product range.\r\n\r\nEach address record has a UPRN, assigned by Local Authorities in England, Wales and Scotland or Ordnance\r\nSurvey depending on the type of address. This is the primary key of the AddressBase Core product.\r\nThroughout its lifecycle, information on the address of a property can change. This may be due to a change\r\nof name, change of use, or the eventual demolition of the property. Independent of any changes being made\r\n\r\nthe UPRN associated to an address is never changed, meaning the unique identifier remains persistent and\r\nreliable.""}",
19c6a4c6-2a7f-4884-b6f5-9391605cc04d,64be84b1-b5ee-4acf-89f0-04666e38d7d3,existing-data-examples,2024-06-25 16:23:03.976315,2024-06-25 16:32:02.359779,,,"[{""url"": ""https://www.ordnancesurvey.co.uk/products/os-open-usrn#technical"", ""name"": ""OS Open USRN"", ""fields"": ""id; USRN; street_type; geometry"", ""licence"": ""OGL version 3"", ""coverage"": ""GB"", ""position"": ""0"", ""publisher"": ""Ordnance Survey"", ""csrf_token"": ""ImM5NjI4ZGZkNGY5ODAxYjNjYTcxZmFjYTY0ZWI0NDgzZTU4ZDk2MzYi.Znrw_Q.lD3VEcZXJaX7oMlpV5JfOXpivKI"", ""attribution"": ""Contains OS data © Crown copyright [and database right] [year]."", ""metadata_url"": ""https://www.ordnancesurvey.co.uk/documents/product-support/release-notes/open-usrn-techspec-v1.2.pdf""}]"
aff815ef-8a82-473c-b315-394e8ac68461,3c6c44ed-b57c-4faf-ac23-8dc3ff172aae,user-and-data-needs,2024-06-27 12:50:02.579403,,,"{""text"": ""Depending on the area of planning, the planning authority varies. Having this dataset will help display these bodies.""}",
92363c67-7ce8-4339-8105-a54964e13ea0,3c6c44ed-b57c-4faf-ac23-8dc3ff172aae,additional-users,2024-06-27 12:50:14.2553,,,"{""text"": ""N/A""}",
be71abf1-2345-46b9-abad-b68c204a9b83,3c6c44ed-b57c-4faf-ac23-8dc3ff172aae,value-to-platform,2024-06-27 12:50:20.938763,,,"{""text"": ""N/A""}",
9ac10aaa-1aeb-4f42-89e7-751c36900469,3c6c44ed-b57c-4faf-ac23-8dc3ff172aae,risks,2024-06-27 12:50:22.762034,,,"{""text"": ""N/A""}",
d1c5ed92-6e69-4a4d-806e-048234294f02,53a06540-d97c-49da-a976-af2f2bf7af2d,lifecycle,2024-06-27 12:51:20.256198,,,"{""choice"": ""No""}",
046e390c-bd77-40b5-b541-c730ff5a1648,53a06540-d97c-49da-a976-af2f2bf7af2d,how-is-data-created,2024-06-27 12:51:22.258046,,,"{""text"": ""N/A""}",
35276614-958d-4237-b9ed-e52eda46da97,53a06540-d97c-49da-a976-af2f2bf7af2d,where-is-data-used,2024-06-27 12:51:24.057839,,,"{""text"": ""N/A""}",
f13c2689-13a9-4c15-a45c-181d432e3896,53a06540-d97c-49da-a976-af2f2bf7af2d,related-planning-considerations,2024-06-27 12:51:26.013923,,,"{""text"": ""N/A""}",
f066ce94-aefb-401b-a76c-041ad3abeab1,53a06540-d97c-49da-a976-af2f2bf7af2d,statutory-consultees,2024-06-27 12:51:28.263622,,,"{""text"": ""N/A""}",
a55e272a-7aec-49a9-b519-a5e2fafff72f,53a06540-d97c-49da-a976-af2f2bf7af2d,primary-users,2024-06-27 12:51:30.506358,,,"{""text"": ""N/A""}",
6ef7430e-b1e1-4de5-8744-72928090d026,53a06540-d97c-49da-a976-af2f2bf7af2d,user-and-data-needs,2024-06-27 13:01:07.87392,,,"{""text"": ""Defra introduced a new Environmental Stewardship Scheme on 3 March 2005 which supersedes (with enhancements) the Environmentally Sensitive Areas and Countryside Stewardship Schemes. Therefore this dataset does not need to progress onto the platform.""}",
9bc48007-b938-4c72-b53b-934dd77d8686,53a06540-d97c-49da-a976-af2f2bf7af2d,additional-users,2024-06-27 13:01:12.793755,,,"{""text"": ""N/A""}",
5d722bf4-b104-41fb-b8f7-511a87c04913,53a06540-d97c-49da-a976-af2f2bf7af2d,use-cases,2024-06-27 13:01:16.554327,,,"{""text"": ""N/A""}",
55278f0d-9389-4597-8a1e-c6d511277c52,53a06540-d97c-49da-a976-af2f2bf7af2d,value-to-platform,2024-06-27 13:01:20.236227,,,"{""text"": ""N/A""}",
dedbb3e9-f53b-47f1-9fcd-34e32dae2080,53a06540-d97c-49da-a976-af2f2bf7af2d,risks,2024-06-27 13:01:24.318538,,,"{""text"": ""N/A""}",
784f3a29-02fe-4844-9e4d-b16afcc1312e,cb165f53-e61a-48ce-801f-51a132a7957f,primary-users,2024-06-28 07:24:35.237594,,,"{""text"": ""N/A""}",
09d8b42f-1f3b-4a3d-94c4-04fe4a259637,f3a62905-f923-4c74-a101-6e8b810f197a,publishing-organisations,2024-06-25 16:14:19.337474,,,"{""choice"": ""Ordnance Survey""}",
63e2ae68-35b9-42a1-a10e-77f1d957d337,64be84b1-b5ee-4acf-89f0-04666e38d7d3,publishing-organisations,2024-06-25 16:21:34.826907,,,"{""choice"": ""Ordnance Survey""}",
ac0b7b92-f12b-4a3c-98f0-d2f0f9450d55,b8c8a909-5fd2-49cb-b586-518221cf19ad,publishing-organisations,2024-06-25 15:57:34.249676,,,"{""choice"": ""Ordnance Survey;Royal Mail""}",
094bcdbb-ca97-460a-996e-9b67d04426c7,f3a62905-f923-4c74-a101-6e8b810f197a,existing-data-examples,2024-06-25 16:16:44.124854,2024-06-25 16:31:41.82552,,,"[{""url"": ""https://www.ordnancesurvey.co.uk/products/os-open-uprn"", ""name"": ""OS Open UPRN"", ""fields"": ""FID; UPRN; X_Coordinate; Y_Coordinate; Latitude; longitude"", ""licence"": ""OGL version 3"", ""coverage"": ""GB"", ""position"": ""0"", ""publisher"": ""Ordnance Survey"", ""csrf_token"": ""ImM5NjI4ZGZkNGY5ODAxYjNjYTcxZmFjYTY0ZWI0NDgzZTU4ZDk2MzYi.Znrw5w.SPBZAXGM2doRmQthiHNj_zxfPVU"", ""attribution"": ""Contains OS data © Crown copyright [and database right] [year]."", ""metadata_url"": ""https://www.ordnancesurvey.co.uk/documents/product-support/tech-spec/open-uprn-techspec-v1.pdf""}]"
12d373cc-926d-46f3-85fa-42e543205d2a,cb165f53-e61a-48ce-801f-51a132a7957f,what-is-the-driver,2024-06-26 15:51:41.58369,,,"{""choice"": ""Other""}",
e0c6943b-6e8a-4313-8189-6bf8422db785,b8c8a909-5fd2-49cb-b586-518221cf19ad,existing-data-examples,2024-06-25 16:00:56.925244,2024-06-25 16:39:32.284437,,,"[{""url"": ""https://www.ordnancesurvey.co.uk/products/code-point-polygons#technical"", ""name"": ""Code-Point with Polygons"", ""fields"": ""FID; Shape; POSTCODE; UPP; PC_AREA"", ""licence"": ""PSGA to Government. Need to consider what platform needs it for in more detail"", ""coverage"": ""GB"", ""position"": ""0"", ""publisher"": ""Ordnance Survey"", ""csrf_token"": ""ImM5NjI4ZGZkNGY5ODAxYjNjYTcxZmFjYTY0ZWI0NDgzZTU4ZDk2MzYi.ZnrxHg.2MifmmLwcHrq_Icy21WGuwMk9k0"", ""attribution"": ""© Crown copyright and database rights [Member inserts year] OS [Member inserts their licence number]"", ""metadata_url"": ""https://www.ordnancesurvey.co.uk/documents/product-support/tech-spec/code-point-with-polygons-technical-specification-v1.2.pdf""}, {""url"": ""https://beta.ordnancesurvey.co.uk/products/code-point-open#overview"", ""name"": ""Code-Point OPEN"", ""fields"": ""postcode; PQI; Easting; Northing; Country Code; NHS regional health authority code; administrative county code; administrative district code; administrative ward code"", ""licence"": ""OGL version 3"", ""coverage"": ""GB"", ""position"": ""1"", ""publisher"": ""Ordnance Survey"", ""csrf_token"": ""ImM5NjI4ZGZkNGY5ODAxYjNjYTcxZmFjYTY0ZWI0NDgzZTU4ZDk2MzYi.ZnrxNg.I7UZuzRngPzU7-GQZwpYsVJ5ArM"", ""attribution"": ""Contains OS data © Crown copyright [and database right] [year]."", ""metadata_url"": ""https://www.ordnancesurvey.co.uk/documents/product-support/tech-spec/code-point-open-technical-specification-v3.2.pdf""}, {""url"": ""https://www.ordnancesurvey.co.uk/products/code-point#technical"", ""name"": ""Code-Point"", ""fields"": ""Postcode; Positional quality indicator (PQI); PO Box indicator; Total delivery points; Delivery points; Domestic delivery points; Non-domestic delivery; PO Box domestic delivery points; Matched addressed premises; Unmatched delivery points; Easting; Northing; Country code; NHS regional health authority code; NHS health authority code; Administrative county code; Administrative district code; Administrative ward code; Postcode type"", ""licence"": ""PSGA to Government. Need to consider what platform needs it for in more detail"", ""coverage"": ""GB"", ""position"": 2, ""publisher"": ""Ordnance Survey"", ""csrf_token"": ""ImM5NjI4ZGZkNGY5ODAxYjNjYTcxZmFjYTY0ZWI0NDgzZTU4ZDk2MzYi.ZnrxkQ.Ek28Q55TJi3F7VtiNw_19xdx4-8"", ""attribution"": ""© Crown copyright and database rights [Member inserts year] OS [Member inserts their licence number]"", ""metadata_url"": ""https://www.ordnancesurvey.co.uk/documents/product-support/tech-spec/code-point-technical-specification-v3.1.pdf""}]"
d97e299d-64e2-46b9-bc6e-e95a71f696a7,c27465d3-68c5-4a25-9337-96d3d194f9b4,existing-data,2024-06-25 17:53:56.71986,,,"{""choice"": ""Yes""}",
fee5faf0-40e1-4b80-b32c-d1d8debdd28a,9d7b5fea-693c-4ca3-bd12-afde38e0360f,user-and-data-needs,2025-01-06 10:34:36.265125,,,"{""text"": ""The AMR is a useful tool for planners as it is published annually to report on the progress and implementation of the Local Plan, including how policies are being delivered.""}",
2fe513c1-ddd3-43d2-a9a1-5095d9cf7b3e,c27465d3-68c5-4a25-9337-96d3d194f9b4,what-is-the-planning-consideration,2024-06-25 18:02:45.486767,,,"{""text"": ""Boundary-Line is updated twice a year, in spring and autumn. \r\n\r\nThe updated product is a full replacement for\r\nall the listed administrative and electoral boundaries. The represented boundaries and administrative unit\r\nnames are defined and modified by Orders, Acts and Statutory Instruments (SIs). Changes that are\r\noperative from the first week of May in the current year of release will be included. Changes to\r\nWestminster constituencies that are effective from the date of the next general election will be included as\r\nseparate files.""}",
b2d01045-0707-48d0-9b75-0ef753659726,c27465d3-68c5-4a25-9337-96d3d194f9b4,is-a-data-standard-required,2024-06-25 18:03:24.828478,,,"{""choice"": ""No""}",
1eb45b4d-faae-4e07-8156-9b64a55dd5d8,2eb8ef61-d4ad-4903-b6cf-24239184b3a8,user-and-data-needs,2024-06-26 08:08:38.692288,,,"{""text"": ""In order to support analysis into land use, statistical data such as built up areas can be used. Using this dataset, we are able to see what land is not built-up, and which can contribute towards understanding what land is available for development. While this is a useful statistical dataset, a more precise source will be required for site selection purposes.""}",
c73e6da2-b137-4b9f-8bff-9d4e5fe9324e,2eb8ef61-d4ad-4903-b6cf-24239184b3a8,is-it-consulted,2024-06-24 15:14:11.152258,2024-06-26 08:09:38.504169,,"{""choice"": ""No""}",
821958ac-5a54-4b4c-86db-48c7462090f8,cb165f53-e61a-48ce-801f-51a132a7957f,who-asked-for-it,2024-06-26 15:51:35.094355,,,"{""text"": ""The Geospatial Commission has published a list of 65 open datasets that they believe are used during the housing and planning process. This includes Flood Storage areas.""}",
a0d4d077-b835-41de-a3d5-e93c003a218a,cb165f53-e61a-48ce-801f-51a132a7957f,which-focus-area-does-it-support,2024-06-26 15:52:41.713573,,,"{""choice"": ""Modern planning software""}",
dc49ca81-0258-4ac5-ad1f-f991267fda87,9c7bca75-c414-4584-8f6f-64aa03e798cb,who-asked-for-it,2024-06-26 15:53:36.835914,,,"{""text"": ""The Geospatial Commission has published a list of 65 open datasets that they believe are used during the housing and planning process. This includes Main rivers""}",
3d338f9a-f26f-4d3c-af46-7de616445df4,9c7bca75-c414-4584-8f6f-64aa03e798cb,what-is-the-driver,2024-06-26 15:53:41.89851,,,"{""choice"": ""Other""}",
09de722d-64b9-4b93-9439-03887f6420d0,9c7bca75-c414-4584-8f6f-64aa03e798cb,which-focus-area-does-it-support,2024-06-26 15:53:46.668927,,,"{""choice"": ""Modern planning software""}",
f49b152a-3537-4dc3-9cc1-bcf08dc9d16c,b8c8a909-5fd2-49cb-b586-518221cf19ad,who-asked-for-it,2024-06-26 15:54:30.33014,,,"{""text"": ""The Geospatial Commission has published a list of 65 open datasets that they believe are used during the housing and planning process. This includes Postcodes""}",
a16a04ab-3a3a-4e92-9f9d-d03cbeace981,b8c8a909-5fd2-49cb-b586-518221cf19ad,what-is-the-driver,2024-06-26 15:54:34.453681,,,"{""choice"": ""Other""}",
3f582d84-efd7-45b1-b38a-c065d0d092ca,b8c8a909-5fd2-49cb-b586-518221cf19ad,which-focus-area-does-it-support,2024-06-26 15:54:38.163011,,,"{""choice"": ""Other""}",
e9ec5ce6-bcbb-4037-a541-5f1f1815e2ca,f3a62905-f923-4c74-a101-6e8b810f197a,who-asked-for-it,2024-06-26 15:57:27.437907,,,"{""text"": ""The Geospatial Commission has published a list of 65 open datasets that they believe are used during the housing and planning process. This includes UPRNs""}",
27470f8d-85b0-4e51-970c-9dc12ac61df7,f3a62905-f923-4c74-a101-6e8b810f197a,what-is-the-driver,2024-06-26 15:57:32.004006,,,"{""choice"": ""Other""}",
dafcd837-d269-476b-96dc-4cf92763d7ca,f3a62905-f923-4c74-a101-6e8b810f197a,which-focus-area-does-it-support,2024-06-26 15:57:48.09571,2024-06-26 15:57:54.478936,,"{""choice"": ""Modern planning software""}",
800be20c-0cda-4404-a930-680167611456,f3a62905-f923-4c74-a101-6e8b810f197a,single-source,2024-06-26 15:58:23.391303,,,"{""text"": ""Yes - Ordnance Survey""}",
fc22ff19-6ef3-4b8f-a28a-a4929ba2fbe2,f3a62905-f923-4c74-a101-6e8b810f197a,is-a-data-standard-required,2024-06-26 15:58:27.950211,,,"{""choice"": ""No""}",
dce439f4-3c87-4420-9d35-6b3c5dbd39d0,64be84b1-b5ee-4acf-89f0-04666e38d7d3,who-asked-for-it,2024-06-26 16:00:28.423408,,,"{""text"": ""The Geospatial Commission has published a list of 65 open datasets that they believe are used during the housing and planning process. This includes USRNs""}",
0adaf596-f0be-42f9-b6a8-1dc281db5309,64be84b1-b5ee-4acf-89f0-04666e38d7d3,what-is-the-driver,2024-06-26 16:00:32.104653,,,"{""choice"": ""Other""}",
4856969d-c24e-4b95-a270-4b2ffa79553f,64be84b1-b5ee-4acf-89f0-04666e38d7d3,which-focus-area-does-it-support,2024-06-26 16:00:35.732815,,,"{""choice"": ""Modern planning software""}",
6e656dbd-2efe-4770-bd80-33fa2ed0093a,c27465d3-68c5-4a25-9337-96d3d194f9b4,who-asked-for-it,2024-06-26 16:02:34.008169,,,"{""text"": ""The Geospatial Commission has published a list of 65 open datasets that they believe are used during the housing and planning process. This includes Council Wards""}",
5c560fbe-e289-457c-810f-65e6623b6063,c27465d3-68c5-4a25-9337-96d3d194f9b4,what-is-the-driver,2024-06-26 16:02:37.094381,,,"{""choice"": ""Other""}",
fccee559-e1ed-46c6-b7f3-bdcba6ff107f,c27465d3-68c5-4a25-9337-96d3d194f9b4,which-focus-area-does-it-support,2024-06-26 16:02:41.465991,,,"{""choice"": ""Modern planning software""}",
c59efb7f-bf42-4dfa-97ed-e6a143a55c8d,9c7bca75-c414-4584-8f6f-64aa03e798cb,what-is-the-legislation-that-defines-designation,2024-06-25 12:09:04.176689,2024-06-26 17:00:35.523404,,"{""text"": ""[Guidance under S193E outlines how Environment Agency designates Main River](https://www.gov.uk/government/publications/designation-of-main-rivers-guidance-to-the-environment-agency/designation-of-main-rivers-guidance-to-the-environment-agency)\r\n\r\n""}",
e7e41657-065c-49d5-bb8a-f99812a0c146,c27465d3-68c5-4a25-9337-96d3d194f9b4,is-there-legislation,2024-06-25 18:02:53.044405,2024-06-27 11:13:14.352697,,"{""choice"": ""No""}",
dcba7d74-8510-45f7-9b0e-12088dc03cc7,9d7b5fea-693c-4ca3-bd12-afde38e0360f,additional-users,2025-01-06 10:35:08.103138,,,"{""text"": ""LPA planning officers, councillors, local stakeholders and communities, developers/landowners/site promotors.""}",
aa5a4a1b-37d8-43fa-8fc8-069fda07bce0,d6af1726-f5e6-49df-8808-80b4449a97d3,is-it-consulted,2024-06-27 07:31:29.953787,,,"{""choice"": ""No""}",
6f3ed323-e692-4f2d-88f3-aa3af2355426,d6af1726-f5e6-49df-8808-80b4449a97d3,lifecycle,2024-06-27 07:31:42.64708,,,"{""choice"": ""No""}",
c3ca43a8-49ae-4ab6-97ed-09d1e49e971b,d6af1726-f5e6-49df-8808-80b4449a97d3,how-is-data-created,2024-06-27 07:31:49.37384,,,"{""text"": ""N/A""}",
3be9ef56-c7cf-4f3a-bfb8-d6f2bb7f05a3,d6af1726-f5e6-49df-8808-80b4449a97d3,where-is-data-used,2024-06-27 07:31:51.599846,,,"{""text"": ""N/A""}",
133d2ec2-f0b9-486d-a19f-64e9f4072eed,d6af1726-f5e6-49df-8808-80b4449a97d3,related-planning-considerations,2024-06-27 07:31:53.461298,,,"{""text"": ""N/A""}",
faaa43e9-9344-4b59-80d9-823fe557038e,d6af1726-f5e6-49df-8808-80b4449a97d3,statutory-consultees,2024-06-27 07:31:55.105291,,,"{""text"": ""N/A""}",
eb5044d4-272e-4501-b587-2eefd20ce042,d6af1726-f5e6-49df-8808-80b4449a97d3,primary-users,2024-06-27 07:31:57.464732,,,"{""text"": ""N/A""}",
af642b6f-74b6-4f28-aac6-911d2a6fa7dd,d6af1726-f5e6-49df-8808-80b4449a97d3,user-and-data-needs,2024-06-27 07:38:46.656852,,,"{""text"": ""This dataset presents the characteristics of different habitats, through CASI and LiDAR data. This dataset allows us to identify the presence of different types of habitats through airbourne data, allowing planning and land use decisions to be made in a sensitive way to the site.""}",
15a8e781-eb01-47f3-a9be-bd0886e915d0,d6af1726-f5e6-49df-8808-80b4449a97d3,additional-users,2024-06-27 07:38:58.404246,,,"{""text"": ""N/A""}",
c08d4fec-3787-4ae5-b13f-3779f283fcc2,d6af1726-f5e6-49df-8808-80b4449a97d3,use-cases,2024-06-27 07:39:01.054553,,,"{""text"": ""N/A""}",
4f07da30-b925-4ead-8ab5-a99f15d78fc5,d6af1726-f5e6-49df-8808-80b4449a97d3,value-to-platform,2024-06-27 07:39:02.818376,,,"{""text"": ""N/A""}",
de4a3a56-80cc-4c7a-b9fd-f451d8d92924,d6af1726-f5e6-49df-8808-80b4449a97d3,risks,2024-06-27 07:39:05.058152,,,"{""text"": ""N/A""}",
a6d0797a-39b6-4fcf-8a6a-b5c93aee5794,c27465d3-68c5-4a25-9337-96d3d194f9b4,is-it-a-trigger,2024-06-27 07:41:06.730942,,,"{""choice"": ""No""}",
d7c78c28-27ea-4b43-9425-d93a798be63a,c27465d3-68c5-4a25-9337-96d3d194f9b4,is-it-consulted,2024-06-27 07:41:08.161736,,,"{""choice"": ""No""}",
a0257ecd-f93c-4139-95e2-29b878edd144,9d7b5fea-693c-4ca3-bd12-afde38e0360f,use-cases,2025-01-06 10:37:43.921668,,,"{""text"": ""Comparing the information set out within the Local Development Scheme vs the Authority Monitoring Report to understand how well these align, and whether timetables are being met.\r\n\r\nUnderstanding the progress of the preparation of the Local Plan.\r\n\r\nUnderstanding the progress on implementing the policies set out within the Local Plan. \r\n\r\nUnderstanding the level of engagement with neighbouring authorities through the reporting on the duty to cooperate.\r\n\r\nUnderstanding the level of developer contributions collected, allocated, spent or unspend, and the mechanism which was used to collect these.""}",
7034da36-b767-4889-a3bf-dc91fc3c0cd7,c27465d3-68c5-4a25-9337-96d3d194f9b4,lifecycle,2024-06-27 07:41:25.261049,,,"{""choice"": ""No""}",
7ac950d1-42d6-4ea5-9fe5-a94b337ad6d7,c27465d3-68c5-4a25-9337-96d3d194f9b4,how-is-data-created,2024-06-27 07:41:27.81567,,,"{""text"": ""N/A""}",
53da9ef6-eb1c-4660-a4c3-ca64e77e1509,c27465d3-68c5-4a25-9337-96d3d194f9b4,where-is-data-used,2024-06-27 07:41:29.337637,,,"{""text"": ""N/A""}",
be086bdf-f155-4d20-a6ac-a3a73b597c2b,c27465d3-68c5-4a25-9337-96d3d194f9b4,related-planning-considerations,2024-06-27 07:41:31.14066,,,"{""text"": ""N/A""}",
148034dd-e271-4849-915e-2a4c338aba11,c27465d3-68c5-4a25-9337-96d3d194f9b4,statutory-consultees,2024-06-27 07:41:33.340963,,,"{""text"": ""N/A""}",
3a2c2a2b-6a95-4908-b18a-ba0114dd7dff,c27465d3-68c5-4a25-9337-96d3d194f9b4,primary-users,2024-06-27 07:41:35.400718,,,"{""text"": ""N/A""}",
54b3e4b5-9ab5-4fc5-abaf-7688215d9e19,c27465d3-68c5-4a25-9337-96d3d194f9b4,user-and-data-needs,2024-06-27 08:29:03.224396,,,"{""text"": ""Council wards are an important dataset for planning, as often neighbourhood plan areas are split by ward - or sometimes multiple wards. Planning applications are also often mapped against ward, and this allows LPAs to consider homes coming forward / completed against housing targets through the authrority monitoring report.""}",
56bc29ba-af4a-4955-8e25-d25adaa82e2b,c27465d3-68c5-4a25-9337-96d3d194f9b4,additional-users,2024-06-27 08:29:13.633546,,,"{""text"": ""N/A""}",
929c5dae-b310-4b70-81f5-5536a6cd8e96,c27465d3-68c5-4a25-9337-96d3d194f9b4,use-cases,2024-06-27 08:29:18.472939,,,"{""text"": ""N/A""}",
c2179624-096b-4c8e-87f3-bc26043e92e1,c27465d3-68c5-4a25-9337-96d3d194f9b4,value-to-platform,2024-06-27 08:29:22.778893,,,"{""text"": ""N/A""}",
ce1fd030-c12d-4e59-b3dd-e4a96a0539fc,c27465d3-68c5-4a25-9337-96d3d194f9b4,risks,2024-06-27 08:29:26.917992,,,"{""text"": ""N/A""}",
828ebc3e-4663-4d71-8b8d-8ad0b3ac8871,1f220f71-ecf0-4813-ad3b-f58cad6e7429,user-and-data-needs,2024-06-27 10:57:19.314122,,,"{""text"": ""Country Parks are public green spaces often at the edge of urban areas which provide places to enjoy the outdoors and experience nature in an informal semi-rural park setting. Most are owned and managed by Local Authorities. \r\n\r\nMany Country Parks were designated in the 1970s by the then Countryside Commission, under the Countryside Act 1968, however, recently Country Parks have been created under a less formal arrangement and Natural England is working with partners to encourage a renaissance and accreditation of parks which meet certain criteria. \r\n\r\nCountry Parks no longer seem to be a universally adopted designation in planning terms, and therefore having this dataset on the platform may become confusing. (e.g. where a park was originally designated as a Country Park, but now falls under a different designation, or where the designation is no longer used by LPAs).""}",
ac962d86-e0f5-4782-b0a5-ff87dff97259,1f220f71-ecf0-4813-ad3b-f58cad6e7429,lifecycle,2024-06-27 10:57:45.144647,,,"{""choice"": ""No""}",
6b022ad9-da06-4d34-9789-73cbdb675362,1f220f71-ecf0-4813-ad3b-f58cad6e7429,how-is-data-created,2024-06-27 10:57:51.16036,,,"{""text"": ""N/A""}",
66c2ac72-a187-4487-8d4b-4cd9dc97bafd,1f220f71-ecf0-4813-ad3b-f58cad6e7429,where-is-data-used,2024-06-27 10:57:54.298438,,,"{""text"": ""N/A""}",
4fe83b37-68fd-4a4b-8d6a-9ac5a3bc746d,1f220f71-ecf0-4813-ad3b-f58cad6e7429,related-planning-considerations,2024-06-27 10:57:57.775184,,,"{""text"": ""N/A""}",
edd176ff-3013-4fcb-b1fe-cc57c8c91c62,1f220f71-ecf0-4813-ad3b-f58cad6e7429,statutory-consultees,2024-06-27 10:58:03.365759,,,"{""text"": ""N/A""}",
f6bd7919-ae39-48a3-8775-8d1678601779,1f220f71-ecf0-4813-ad3b-f58cad6e7429,primary-users,2024-06-27 10:58:07.335244,,,"{""text"": ""N/A""}",
710a0f97-f16e-41dc-a5b4-6da6d9e2353b,1f220f71-ecf0-4813-ad3b-f58cad6e7429,additional-users,2024-06-27 10:58:13.134151,,,"{""text"": ""N/A""}",
1d5a04e5-0b3c-4a0b-a326-b957d8acdc7a,1f220f71-ecf0-4813-ad3b-f58cad6e7429,use-cases,2024-06-27 10:58:17.440358,,,"{""text"": ""N/A""}",
aaabd67d-2c0b-4c13-a72e-728588c34895,1f220f71-ecf0-4813-ad3b-f58cad6e7429,value-to-platform,2024-06-27 10:58:21.901812,,,"{""text"": ""N/A""}",
250b2391-f791-4734-a830-2d2b88a88167,1f220f71-ecf0-4813-ad3b-f58cad6e7429,risks,2024-06-27 10:58:26.416423,,,"{""text"": ""N/A""}",
57211828-ad91-4d7f-8876-a688eb920f5f,c27465d3-68c5-4a25-9337-96d3d194f9b4,who-in-law-is-responsible-for-it,2024-06-27 11:15:21.47003,,,"{""text"": ""Unknown""}",
c851b9e8-7fe0-4888-b891-1dfbdf11f8de,3c6c44ed-b57c-4faf-ac23-8dc3ff172aae,who-asked-for-it,2024-06-27 11:34:50.815538,,,"{""text"": ""The Geospatial Commission published a list of 65 datasets to help the planning process. Within this list,  Council Wards was recommended, but a national dataset was found through OS which captured council wards alongside other, being \""Boundary Lines.\""""}",
0545de69-30a1-458c-a87e-1444a9ef250b,3c6c44ed-b57c-4faf-ac23-8dc3ff172aae,what-is-the-driver,2024-06-27 11:34:54.565336,,,"{""choice"": ""Other""}",
eb644b3d-974a-4cb3-b34d-205e23350209,3c6c44ed-b57c-4faf-ac23-8dc3ff172aae,which-focus-area-does-it-support,2024-06-27 11:35:07.875524,,,"{""choice"": ""Modern planning software""}",
00481e47-87f3-4077-aa92-3185173eaaac,3c6c44ed-b57c-4faf-ac23-8dc3ff172aae,lifecycle,2024-06-27 12:38:18.929637,,,"{""choice"": ""No""}",
58eeb5d0-3b92-43e7-885c-1181eb81bb2e,3c6c44ed-b57c-4faf-ac23-8dc3ff172aae,how-is-data-created,2024-06-27 12:38:30.275525,,,"{""text"": ""N/A""}",
7a6d4514-f6eb-43a2-acdd-8feba479d306,3c6c44ed-b57c-4faf-ac23-8dc3ff172aae,where-is-data-used,2024-06-27 12:38:33.173717,,,"{""text"": ""N/A""}",
9f61fdbf-24d1-430f-98b5-c1ee46047521,c27465d3-68c5-4a25-9337-96d3d194f9b4,publishing-organisations,2024-06-27 11:15:48.092625,2024-09-03 14:37:55.055666,,"{""choice"": ""Local authorities;Ordnance Survey""}",
a02cd954-bf60-4476-9be0-bb0fb7c4bdbe,cb165f53-e61a-48ce-801f-51a132a7957f,user-and-data-needs,2024-06-28 07:27:38.586628,,,"{""text"": ""This dataset is useful to understand existing land use of a flood storage area, as well as the presence of this type of flood defence, when considering development.""}",
4a38e684-ab86-4ff1-b4b0-e7d373308403,cb165f53-e61a-48ce-801f-51a132a7957f,additional-users,2024-06-28 07:27:48.586937,,,"{""text"": ""N/A""}",
06df2764-132e-478a-af95-74720d9fa9e9,cb165f53-e61a-48ce-801f-51a132a7957f,use-cases,2024-06-28 07:27:54.672234,,,"{""text"": ""N/A""}",
24e9f625-36fa-42db-a50b-21db797438ee,cb165f53-e61a-48ce-801f-51a132a7957f,value-to-platform,2024-06-28 07:28:00.303826,,,"{""text"": ""N/A""}",
beaebab6-2666-4391-85bc-6e752edf0bba,cb165f53-e61a-48ce-801f-51a132a7957f,risks,2024-06-28 07:28:05.580832,,,"{""text"": ""N/A""}",
4a02c119-48f4-4eb1-b280-36e2da1f38d4,2e4f5dc7-5941-4975-a1c5-46c05b99d626,what-is-the-planning-consideration,2024-06-28 07:32:09.437131,,,"{""text"": ""N/A""}",
608ca3de-9131-48c4-aae2-429d898c64a0,2e4f5dc7-5941-4975-a1c5-46c05b99d626,is-it-a-trigger,2024-06-28 07:35:42.123191,,,"{""choice"": ""No""}",
8e4fef0d-39f6-4fd4-9a97-5e1effc50380,2e4f5dc7-5941-4975-a1c5-46c05b99d626,is-it-consulted,2024-06-28 07:35:45.214028,,,"{""choice"": ""No""}",
064bb016-775e-4e61-98b5-cb1f425283a2,2e4f5dc7-5941-4975-a1c5-46c05b99d626,lifecycle,2024-06-28 07:35:56.695644,,,"{""choice"": ""No""}",
ce5d6951-72ae-4e2f-a2ba-dd28c76f2cbf,2e4f5dc7-5941-4975-a1c5-46c05b99d626,how-is-data-created,2024-06-28 07:36:01.700519,,,"{""text"": ""N/A""}",
5f46d152-0325-4816-bbea-7c19b47b3e95,2e4f5dc7-5941-4975-a1c5-46c05b99d626,where-is-data-used,2024-06-28 07:36:06.59556,,,"{""text"": ""N/A""}",
88ecb5bc-14e3-45f3-a0f0-37cbb27ee5c4,2e4f5dc7-5941-4975-a1c5-46c05b99d626,related-planning-considerations,2024-06-28 07:36:08.551357,,,"{""text"": ""N/A""}",
7c315a7e-fd1d-4757-b6d4-f1a217df03f2,2e4f5dc7-5941-4975-a1c5-46c05b99d626,statutory-consultees,2024-06-28 07:36:10.497768,,,"{""text"": ""N/A""}",
76de75a1-d541-48e4-9867-58322240fbc2,2e4f5dc7-5941-4975-a1c5-46c05b99d626,primary-users,2024-06-28 07:36:13.572968,,,"{""text"": ""N/A""}",
9d1cfaf3-94dc-488f-bd64-68613b95433e,2e4f5dc7-5941-4975-a1c5-46c05b99d626,user-and-data-needs,2024-06-28 07:38:03.453333,,,"{""text"": ""This dataset identifies Important Bird Areas (IBA), which have been designated to upport conservation of IBA habitats. This dataset will be useful when plan-making to identify suitable sites for development, in terms of biodiversity, as well as through decision making on planning applications.""}",
f40bfce8-dc54-47dd-a297-c807a257fd45,2e4f5dc7-5941-4975-a1c5-46c05b99d626,additional-users,2024-06-28 07:38:05.944209,,,"{""text"": ""N/A""}",
e6ed9872-167f-4c6e-8f67-7740dc64f43d,2e4f5dc7-5941-4975-a1c5-46c05b99d626,use-cases,2024-06-28 07:38:07.918834,,,"{""text"": ""N/A""}",
760d070d-4e88-425e-baf1-f43dac10d940,2e4f5dc7-5941-4975-a1c5-46c05b99d626,value-to-platform,2024-06-28 07:38:10.091497,,,"{""text"": ""N/A""}",
3ead97be-0179-4320-b6b6-2dc70f93216b,c066a7f8-fd53-422a-a9d6-79290c819e05,what-is-the-driver,2025-01-24 10:00:36.167989,,,"{""choice"": ""Specific user requirement""}",
32c43544-90a9-42b7-92a3-72da5c38ae2e,9c7bca75-c414-4584-8f6f-64aa03e798cb,how-is-data-created,2024-06-25 12:14:50.474998,2024-06-28 07:39:00.881534,,"{""text"": ""N/A""}",
145fa0f2-3127-4f45-bc7e-63c7225182a4,9c7bca75-c414-4584-8f6f-64aa03e798cb,where-is-data-used,2024-06-28 07:39:02.666377,,,"{""text"": ""N/A""}",
9b29ff21-721d-45b5-bb34-92267ae06690,9c7bca75-c414-4584-8f6f-64aa03e798cb,related-planning-considerations,2024-06-28 07:39:04.173728,,,"{""text"": ""N/A""}",
1f81f3f4-b531-4498-84a8-0b48cf570da2,9c7bca75-c414-4584-8f6f-64aa03e798cb,statutory-consultees,2024-06-28 07:39:05.685318,,,"{""text"": ""N/A""}",
381230b3-6942-4790-b251-a160f74fe331,9c7bca75-c414-4584-8f6f-64aa03e798cb,primary-users,2024-06-28 07:39:07.919031,,,"{""text"": ""N/A""}",
fd7209b7-102e-4993-b0aa-ecb71db5a881,9c7bca75-c414-4584-8f6f-64aa03e798cb,additional-users,2024-06-28 07:50:24.29929,,,"{""text"": ""N/A""}",
414cbbd7-5f56-449e-b1ae-e5e479392f71,9c7bca75-c414-4584-8f6f-64aa03e798cb,use-cases,2024-06-28 07:50:26.391642,,,"{""text"": ""N/A""}",
8409ef1f-85b3-4fd1-aeab-3f177a3da31b,9c7bca75-c414-4584-8f6f-64aa03e798cb,value-to-platform,2024-06-28 07:50:28.508135,,,"{""text"": ""N/A""}",
9a27aa44-8384-4674-9d1f-9e996c3b4efb,e4e02faf-ad80-4373-b344-6c93be1c36b0,lifecycle,2024-06-28 07:52:06.141952,,,"{""choice"": ""No""}",
59fe7555-38b7-4728-a0fa-0608460865b7,e4e02faf-ad80-4373-b344-6c93be1c36b0,how-is-data-created,2024-06-28 07:52:08.282412,,,"{""text"": ""N/A""}",
9cff3e32-8125-4b88-a8db-f7adc2e0001c,e4e02faf-ad80-4373-b344-6c93be1c36b0,where-is-data-used,2024-06-28 07:52:09.974501,,,"{""text"": ""N/A""}",
14dae33f-9f93-47b4-8053-71f721d55ae9,e4e02faf-ad80-4373-b344-6c93be1c36b0,related-planning-considerations,2024-06-28 07:52:11.949377,,,"{""text"": ""N/A""}",
de1d8ae6-4458-47e9-a507-d1e69d9b28d5,e4e02faf-ad80-4373-b344-6c93be1c36b0,statutory-consultees,2024-06-28 07:52:14.011291,,,"{""text"": ""N/A""}",
b4345dc5-d617-406d-adaa-0cbbe01228cc,e4e02faf-ad80-4373-b344-6c93be1c36b0,primary-users,2024-06-28 07:52:16.885949,,,"{""text"": ""N/A""}",
fa65a466-fcfa-400a-bc64-542b43fe0e98,e4e02faf-ad80-4373-b344-6c93be1c36b0,user-and-data-needs,2024-06-28 07:56:16.81157,,,"{""text"": ""This dataset allows both homeowners, and developers to identify if properties, or sites are affected by coal mining, in a high risk area, or whether coal and mine entries on or near the surface.""}",
85970bf2-5edf-48ce-a469-641b2666be3a,e4e02faf-ad80-4373-b344-6c93be1c36b0,additional-users,2024-06-28 07:56:26.669797,,,"{""text"": ""N/A""}",
7e62bacc-6c15-4b21-8544-dc95b92de373,e4e02faf-ad80-4373-b344-6c93be1c36b0,use-cases,2024-06-28 07:56:28.860262,,,"{""text"": ""N/A""}",
82c18a0d-2ec5-40a6-95c2-1b8a080ee2ad,e4e02faf-ad80-4373-b344-6c93be1c36b0,value-to-platform,2024-06-28 07:56:30.783852,,,"{""text"": ""N/A""}",
051b4dd2-2fa2-4022-8e0b-08999983bad4,e4e02faf-ad80-4373-b344-6c93be1c36b0,risks,2024-06-28 07:56:32.473864,,,"{""text"": ""N/A""}",
bd818096-4e96-4291-9a4e-666c93941034,f0b7c670-b91a-499a-8d1c-01580f95b01b,lifecycle,2024-06-28 08:01:34.101653,,,"{""choice"": ""No""}",
169203a6-cb47-4b76-a714-69ff38e38009,f0b7c670-b91a-499a-8d1c-01580f95b01b,how-is-data-created,2024-06-28 08:01:41.375934,,,"{""text"": ""N/A""}",
c072e6c1-eeb4-43c1-8ae1-f03879cd5181,f0b7c670-b91a-499a-8d1c-01580f95b01b,where-is-data-used,2024-06-28 08:01:43.1775,,,"{""text"": ""N/A""}",
6396ad05-057a-4813-bce8-fe15796146ca,f0b7c670-b91a-499a-8d1c-01580f95b01b,related-planning-considerations,2024-06-28 08:01:44.835696,,,"{""text"": ""N/A""}",
cd8a06b3-bfa1-48b0-a6d2-5d7ab0c62832,f0b7c670-b91a-499a-8d1c-01580f95b01b,statutory-consultees,2024-06-28 08:01:46.436816,,,"{""text"": ""N/A""}",
f38f357e-eae1-4809-b7ab-f274ab5eb7a4,f0b7c670-b91a-499a-8d1c-01580f95b01b,primary-users,2024-06-28 08:01:48.895042,,,"{""text"": ""N/A""}",
f8821f97-3b94-4943-9138-db3ce5e872fa,f0b7c670-b91a-499a-8d1c-01580f95b01b,user-and-data-needs,2024-06-28 08:03:26.77748,,,"{""text"": ""This dataset allows users to identify areas of woodland, which will be useful in understanding existing land use, habitats, and potentially BNG implications.""}",
1578a85d-1024-40df-a393-9f56694b8559,f0b7c670-b91a-499a-8d1c-01580f95b01b,additional-users,2024-06-28 08:03:29.381442,,,"{""text"": ""N/A""}",
8506ad85-4905-4bc8-a94c-fb081c825151,f0b7c670-b91a-499a-8d1c-01580f95b01b,use-cases,2024-06-28 08:03:30.957556,,,"{""text"": ""N/A""}",
d290bc4d-c020-4770-9f28-87f8cfef1c40,f0b7c670-b91a-499a-8d1c-01580f95b01b,value-to-platform,2024-06-28 08:03:32.767582,,,"{""text"": ""N/A""}",
a1df1049-41f4-43ea-8eea-425f28bb0ee3,f0b7c670-b91a-499a-8d1c-01580f95b01b,risks,2024-06-28 08:03:34.539742,,,"{""text"": ""N/A""}",
8ed5cf87-f3c5-4a63-a500-b347c7a623a0,f0b7c670-b91a-499a-8d1c-01580f95b01b,is-it-a-trigger,2024-06-28 08:03:49.219303,,,"{""choice"": ""No""}",
6e751225-d99a-4049-8b7a-015000a8144b,f0b7c670-b91a-499a-8d1c-01580f95b01b,is-it-consulted,2024-06-28 08:03:55.91627,,,"{""choice"": ""No""}",
a82ea961-ca75-47b9-b5d1-d8c6a7cc79cb,6a5351d2-5a62-4358-8419-51306b978120,user-and-data-needs,2024-06-28 08:07:42.785433,,,"{""text"": ""These datasets are for indicative purposes only. They can only be used for emergency and land use planning and cannot be used for commercial purposes. If planning to undertake ground works, National Grid should be contacted directly. ""}",
40514d26-b006-4d73-9c90-53c7394461e5,6a5351d2-5a62-4358-8419-51306b978120,lifecycle,2024-06-28 08:07:48.724136,,,"{""choice"": ""No""}",
312c135d-9e29-4654-9b1d-550e5a10f3f0,6a5351d2-5a62-4358-8419-51306b978120,how-is-data-created,2024-06-28 08:07:57.860648,,,"{""text"": ""N/A""}",
c3f7db0a-ea36-4c34-a245-23949638a092,6a5351d2-5a62-4358-8419-51306b978120,where-is-data-used,2024-06-28 08:08:02.662724,,,"{""text"": ""N/A""}",
0734fe7c-f59a-4942-be4b-cb3deed05aec,6a5351d2-5a62-4358-8419-51306b978120,related-planning-considerations,2024-06-28 08:08:06.26859,,,"{""text"": ""N/A""}",
a80e07d0-87a9-46e4-a9e6-f897ba638007,6a5351d2-5a62-4358-8419-51306b978120,statutory-consultees,2024-06-28 08:08:11.468451,,,"{""text"": ""N/A""}",
c48de6e3-a2ee-408e-b38e-1a448d85a184,6a5351d2-5a62-4358-8419-51306b978120,primary-users,2024-06-28 08:08:15.785664,,,"{""text"": ""N/A""}",
fedc7720-22b5-46b5-95fa-77c8917b93e3,6a5351d2-5a62-4358-8419-51306b978120,additional-users,2024-06-28 08:08:20.138876,,,"{""text"": ""N/A""}",
fc7bb65a-fbe6-4bcd-bbf8-d57eb95c7027,6a5351d2-5a62-4358-8419-51306b978120,use-cases,2024-06-28 08:08:24.780918,,,"{""text"": ""N/A""}",
129bd9a6-03b7-4199-830d-e583eb79cc04,c8dd083f-978f-49f1-a7d1-08a11d012c84,who-asked-for-it,2025-01-24 10:02:40.586055,,,"{""text"": ""Historical consideration - first looked at in 2020""}",
8d358743-e189-4359-9172-ddc043f562b4,6a5351d2-5a62-4358-8419-51306b978120,value-to-platform,2024-06-28 08:08:28.964682,,,"{""text"": ""N/A""}",
7fd6decc-eee4-4d92-b61e-df44ae0b8b85,6a5351d2-5a62-4358-8419-51306b978120,risks,2024-06-28 08:08:33.566762,,,"{""text"": ""N/A""}",
ff415fe6-3b57-4bb6-a958-cdff05c011e8,b587e9b5-18b9-4a54-baea-f5303429e6ad,lifecycle,2024-06-28 08:09:59.121447,,,"{""choice"": ""No""}",
3bd74044-215d-47a0-936f-6bf0ad273e2c,b587e9b5-18b9-4a54-baea-f5303429e6ad,how-is-data-created,2024-06-28 08:10:01.055687,,,"{""text"": ""N/A""}",
9771f87f-2b7e-41c6-ba9d-5c6cccbcb019,b587e9b5-18b9-4a54-baea-f5303429e6ad,where-is-data-used,2024-06-28 08:10:02.708592,,,"{""text"": ""N/A""}",
c4446bf3-a696-4e54-b606-7582f8b0e767,b587e9b5-18b9-4a54-baea-f5303429e6ad,related-planning-considerations,2024-06-28 08:10:03.997551,,,"{""text"": ""N/A""}",
986986e5-3ef6-4e72-9aab-d3c05755a919,b587e9b5-18b9-4a54-baea-f5303429e6ad,statutory-consultees,2024-06-28 08:10:05.53807,,,"{""text"": ""N/A""}",
f0c56da7-b23f-483d-be59-dd8385140dd6,b587e9b5-18b9-4a54-baea-f5303429e6ad,primary-users,2024-06-28 08:10:07.24846,,,"{""text"": ""N/A""}",
664a84d9-f0fa-4bfe-a751-4734193e6f40,b587e9b5-18b9-4a54-baea-f5303429e6ad,additional-users,2024-06-28 08:11:09.023998,,,"{""text"": ""N/A""}",
142e7e7b-a0e3-47c0-8617-6ccc132455f1,b587e9b5-18b9-4a54-baea-f5303429e6ad,use-cases,2024-06-28 08:11:10.918951,,,"{""text"": ""N/A""}",
fb03d574-759e-45bd-ad10-49986c7c6ac9,b587e9b5-18b9-4a54-baea-f5303429e6ad,value-to-platform,2024-06-28 08:11:12.506319,,,"{""text"": ""N/A""}",
d15de0b0-b1d5-4e57-b303-03ab0cc3b97d,b587e9b5-18b9-4a54-baea-f5303429e6ad,risks,2024-06-28 08:11:14.301301,,,"{""text"": ""N/A""}",
d994db33-097d-4ff4-a1d1-d36a6ec38b89,ebe2c55e-d790-4ca5-a764-35624c66e632,lifecycle,2024-06-28 08:11:47.396804,,,"{""choice"": ""No""}",
c58b8731-45c2-4383-ae6f-6c31fdd0c4d9,ebe2c55e-d790-4ca5-a764-35624c66e632,how-is-data-created,2024-06-28 08:11:49.366363,,,"{""text"": ""N/A""}",
fadd363b-08db-49fd-b1f5-6e4c9bbbb6c4,ebe2c55e-d790-4ca5-a764-35624c66e632,where-is-data-used,2024-06-28 08:11:51.279776,,,"{""text"": ""N/A""}",
9ba8f3ea-9159-4e93-8205-d41cf3c47b7e,ebe2c55e-d790-4ca5-a764-35624c66e632,related-planning-considerations,2024-06-28 08:11:53.215447,,,"{""text"": ""N/A""}",
6e642210-e9c2-4c24-9a0c-774ad0b1f149,ebe2c55e-d790-4ca5-a764-35624c66e632,statutory-consultees,2024-06-28 08:11:54.756528,,,"{""text"": ""N/A""}",
80718740-d116-48e8-a209-b4817b630459,ebe2c55e-d790-4ca5-a764-35624c66e632,primary-users,2024-06-28 08:11:57.234942,,,"{""text"": ""N/A""}",
52bfae83-f24d-433c-8b0f-d99d10e1295b,b587e9b5-18b9-4a54-baea-f5303429e6ad,user-and-data-needs,2024-06-28 08:11:02.581015,2024-06-28 08:13:01.598388,,"{""text"": ""This dataset shows the approximate location of national electricity transmission network. These datasets are for indicative purposes only. They can only be used for emergency and land use planning and cannot be used for commercial purposes. If planning to undertake ground works, National Grid should be contacted directly""}",
2e5bcd77-7c14-4ed1-977f-dfd24eccf360,ebe2c55e-d790-4ca5-a764-35624c66e632,user-and-data-needs,2024-06-28 08:13:07.344041,,,"{""text"": ""These datasets are for indicative purposes only. They can only be used for emergency and land use planning and cannot be used for commercial purposes. If planning to undertake ground works, National Grid should be contacted directly""}",
085a98bd-cff5-4759-9f1d-ab79c85b7c38,ebe2c55e-d790-4ca5-a764-35624c66e632,additional-users,2024-06-28 08:13:14.058024,,,"{""text"": ""N/A""}",
9ba15dc8-70b1-4da1-9dd2-d50ad33d7641,ebe2c55e-d790-4ca5-a764-35624c66e632,use-cases,2024-06-28 08:13:15.582155,,,"{""text"": ""N/A""}",
8c32dfc9-1edf-4a22-a901-8df6305c1790,ebe2c55e-d790-4ca5-a764-35624c66e632,value-to-platform,2024-06-28 08:13:17.031736,,,"{""text"": ""N/A""}",
7770795c-4486-4800-97d0-516d21f59731,ebe2c55e-d790-4ca5-a764-35624c66e632,risks,2024-06-28 08:13:18.661774,,,"{""text"": ""N/A""}",
ae1d55cb-79fd-401c-af0d-0de988eddd49,3ccfca0f-c556-4435-b3f6-a334304dbefa,lifecycle,2024-06-28 08:13:43.55963,,,"{""choice"": ""No""}",
6aac2ee5-1f70-4297-9ba8-73a0e99d78bb,3ccfca0f-c556-4435-b3f6-a334304dbefa,how-is-data-created,2024-06-28 08:13:45.663073,,,"{""text"": ""N/A""}",
c9f0a801-9f12-4cf8-8215-932259d315d8,3ccfca0f-c556-4435-b3f6-a334304dbefa,where-is-data-used,2024-06-28 08:13:46.895216,,,"{""text"": ""N/A""}",
b0c35659-1fed-4473-8f4b-c7addf222c2c,3ccfca0f-c556-4435-b3f6-a334304dbefa,related-planning-considerations,2024-06-28 08:13:48.61226,,,"{""text"": ""N/A""}",
464421fa-d7b0-490f-8275-c13edea27b08,3ccfca0f-c556-4435-b3f6-a334304dbefa,statutory-consultees,2024-06-28 08:13:49.921026,,,"{""text"": ""N/A""}",
7dea5bed-3cd7-444b-a445-74a36b8c2fc8,3ccfca0f-c556-4435-b3f6-a334304dbefa,primary-users,2024-06-28 08:13:51.605124,,,"{""text"": ""N/A""}",
b9e22e90-66c7-4aac-b6fc-60295b8675f5,3ccfca0f-c556-4435-b3f6-a334304dbefa,user-and-data-needs,2024-06-28 08:14:16.989765,,,"{""text"": ""These datasets are for indicative purposes only. They can only be used for emergency and land use planning and cannot be used for commercial purposes. If planning to undertake ground works, National Grid should be contacted directly.""}",
658da4ff-2c44-46a8-a85d-63c777bb0733,3ccfca0f-c556-4435-b3f6-a334304dbefa,additional-users,2024-06-28 08:14:23.171222,,,"{""text"": ""N/A""}",
d7b0ed64-b4a5-40d0-bb87-d8846e9fab79,3ccfca0f-c556-4435-b3f6-a334304dbefa,use-cases,2024-06-28 08:14:24.914466,,,"{""text"": ""N/A""}",
5167d8b1-71f2-40af-83fe-70eec7d97573,3ccfca0f-c556-4435-b3f6-a334304dbefa,value-to-platform,2024-06-28 08:14:26.635969,,,"{""text"": ""N/A""}",
36140892-39ae-4d28-b6bd-d9ffbb622f12,9d7b5fea-693c-4ca3-bd12-afde38e0360f,value-to-platform,2025-01-06 10:38:30.250041,,,"{""text"": ""Authority monitoring reports are valuable as they report on a multitude of different planning indicators.""}",
07f876f5-855a-4c0e-a787-8ca97f53ad95,35dcd0cb-a4ad-4972-81d5-34c4e86b9313,lifecycle,2024-06-28 10:22:33.239721,,,"{""choice"": ""No""}",
2584cc2f-f5b6-4ade-887c-dafb665c4cbb,35dcd0cb-a4ad-4972-81d5-34c4e86b9313,how-is-data-created,2024-06-28 10:22:42.322886,,,"{""text"": ""N/A""}",
82e0a953-76fb-482f-8cd5-962ad8203328,35dcd0cb-a4ad-4972-81d5-34c4e86b9313,where-is-data-used,2024-06-28 10:22:44.399166,,,"{""text"": ""N/A""}",
c1605de3-30b1-4f5d-9b70-e19a67f2fb10,35dcd0cb-a4ad-4972-81d5-34c4e86b9313,related-planning-considerations,2024-06-28 10:22:45.69957,,,"{""text"": ""N/A""}",
d3726105-65cd-4af9-a44d-c3d8e27908f0,35dcd0cb-a4ad-4972-81d5-34c4e86b9313,statutory-consultees,2024-06-28 10:22:47.524359,,,"{""text"": ""N/A""}",
acd04f54-b597-4ebc-aeee-53a32cb2d7ab,35dcd0cb-a4ad-4972-81d5-34c4e86b9313,primary-users,2024-06-28 10:22:49.951943,,,"{""text"": ""N/A""}",
d66aea4e-6770-4f1d-a0ab-b480b7899dfc,9c7bca75-c414-4584-8f6f-64aa03e798cb,is-it-consulted,2024-06-28 10:24:03.314966,,,"{""choice"": ""Yes""}",
21647032-7938-466c-be5d-d56d0737b787,9c7bca75-c414-4584-8f6f-64aa03e798cb,is-consulted,2024-06-28 10:24:24.49256,,,"{""text"": ""The main rivers dataset will be consulted during plan-making and decision making in planning.\r\n\r\n""}",
05471456-5895-4667-9950-a9d2220e2054,35dcd0cb-a4ad-4972-81d5-34c4e86b9313,user-and-data-needs,2024-06-28 10:25:22.090524,,,"{""text"": ""Nature Improvement Areas (NIA) were established to create joined up and resilient ecological networks at a landscape scale. This dataset displays these, allowing their presence to be taken into consideration when plan-making and decision making.""}",
a6d8595f-a371-451b-a9d3-06f98c0b97de,35dcd0cb-a4ad-4972-81d5-34c4e86b9313,additional-users,2024-06-28 10:25:29.827805,,,"{""text"": ""N/A""}",
1df2a0fe-2ac1-4520-afbe-f2ed3d65690b,35dcd0cb-a4ad-4972-81d5-34c4e86b9313,use-cases,2024-06-28 10:25:32.157591,,,"{""text"": ""N/A""}",
e5edfa76-5265-4359-82f7-4b41dcacae28,35dcd0cb-a4ad-4972-81d5-34c4e86b9313,value-to-platform,2024-06-28 10:25:33.57594,,,"{""text"": ""N/A""}",
b8d157fd-73e1-4b97-9455-673a131d7bd5,35dcd0cb-a4ad-4972-81d5-34c4e86b9313,risks,2024-06-28 10:25:34.957954,,,"{""text"": ""N/A""}",
06b1647d-eaf6-442d-9d51-b4c237d509ed,603f9f05-a061-4aac-9794-b8fcd5ea06c0,lifecycle,2024-06-28 10:26:11.714985,,,"{""choice"": ""No""}",
060391c2-751f-4e20-b37d-18da2694bc16,603f9f05-a061-4aac-9794-b8fcd5ea06c0,how-is-data-created,2024-06-28 10:26:13.555875,,,"{""text"": ""N/A""}",
f4448868-307b-414f-af7b-d7042290ed6a,603f9f05-a061-4aac-9794-b8fcd5ea06c0,where-is-data-used,2024-06-28 10:26:16.14718,,,"{""text"": ""N/A""}",
81c15c0f-6ab5-45df-971c-b87db6b25d23,603f9f05-a061-4aac-9794-b8fcd5ea06c0,related-planning-considerations,2024-06-28 10:26:17.750331,,,"{""text"": ""N/A""}",
69fce8eb-3c20-4650-9a1b-5fbd97de1002,603f9f05-a061-4aac-9794-b8fcd5ea06c0,statutory-consultees,2024-06-28 10:26:19.195257,,,"{""text"": ""N/A""}",
177df9c1-eb0b-43b3-9280-b838065881f9,603f9f05-a061-4aac-9794-b8fcd5ea06c0,primary-users,2024-06-28 10:26:21.117124,,,"{""text"": ""N/A""}",
baa43aa7-cc0e-40f6-9c57-3b0f6eccd4ca,9c7bca75-c414-4584-8f6f-64aa03e798cb,what-is-the-legislation-for-publication,2024-06-28 10:27:42.358316,2024-06-28 10:28:02.782993,,"{""text"": ""The [Water Resources Act 1991, Section 193A](https://www.legislation.gov.uk/ukpga/1991/57/part/VIII/crossheading/main-river-map-for-england) states that \""The Agency must provide reasonable facilities for inspecting the main river map for England in electronic form.\""""}",
c4c210c9-59e4-41ee-9162-697e62a661e5,cb165f53-e61a-48ce-801f-51a132a7957f,is-it-consulted,2024-06-28 10:33:43.782406,,,"{""choice"": ""Yes""}",
c06391ee-a80d-4c49-b759-eeb0a4565edb,cb165f53-e61a-48ce-801f-51a132a7957f,is-consulted,2024-06-28 10:34:35.95092,2024-06-28 10:39:05.255029,,"{""text"": ""This dataset may be consulted when considering development.""}",
342f88d9-f834-40d7-b55b-9bcd2651c4e8,64be84b1-b5ee-4acf-89f0-04666e38d7d3,risks,2024-06-28 11:20:01.93197,,,"{""text"": ""N/A""}",
35fb3508-5a29-4b79-a6cc-a0386048949d,603f9f05-a061-4aac-9794-b8fcd5ea06c0,user-and-data-needs,2024-06-28 10:35:13.071341,,,"{""text"": ""This dataset displays the existing road network, which will inform the preparation of planning applications, as well as the decision making of these. This can also be used for plan-making when considering access to sites, or any required improvement schemes to support growth.""}",
7843d9c9-412c-4dc5-980a-c81b7fdbfc59,603f9f05-a061-4aac-9794-b8fcd5ea06c0,additional-users,2024-06-28 10:35:16.304653,,,"{""text"": ""N/A""}",
e74edfd3-0683-45e8-a7cb-74cd854199a1,603f9f05-a061-4aac-9794-b8fcd5ea06c0,use-cases,2024-06-28 10:35:18.367015,,,"{""text"": ""N/A""}",
fb569b01-2f79-44fa-b24f-aff617dac2fe,603f9f05-a061-4aac-9794-b8fcd5ea06c0,value-to-platform,2024-06-28 10:35:19.889997,,,"{""text"": ""N/A""}",
f9509b03-b1bd-406a-bd88-07178ef919d7,603f9f05-a061-4aac-9794-b8fcd5ea06c0,risks,2024-06-28 10:35:21.911129,,,"{""text"": ""N/A""}",
e12d6f5d-8077-4efa-b7fe-4baf59431df2,603f9f05-a061-4aac-9794-b8fcd5ea06c0,is-it-consulted,2024-06-28 10:35:29.944656,,,"{""choice"": ""Yes""}",
09e332f8-9125-4c2f-8834-65b0e6cef3e0,603f9f05-a061-4aac-9794-b8fcd5ea06c0,is-consulted,2024-06-28 10:36:42.030746,,,"{""text"": ""This will be a consideration when assessing the suitability of sites, in terms of their access. It will also be a useful dataset when developing transport assessments, or travel plans, considering any required improvements to existing roads to support planned growth.""}",
ffbc04cb-cd46-439b-9b0f-5fa228689da4,4fb5070c-6968-472a-b638-3bc18d5ce11d,lifecycle,2024-06-28 10:38:00.476205,,,"{""choice"": ""No""}",
21974a5a-be0f-4e42-8141-c74317c5c463,4fb5070c-6968-472a-b638-3bc18d5ce11d,how-is-data-created,2024-06-28 10:38:02.386703,,,"{""text"": ""N/A""}",
f024fec9-b682-4c18-9c11-8a1489e76e48,4fb5070c-6968-472a-b638-3bc18d5ce11d,where-is-data-used,2024-06-28 10:38:03.813272,,,"{""text"": ""N/A""}",
f5e3e05c-a1af-4da9-bee0-f04ce65fd81b,4fb5070c-6968-472a-b638-3bc18d5ce11d,related-planning-considerations,2024-06-28 10:38:05.171985,,,"{""text"": ""N/A""}",
e404672a-0ec4-4ae1-880a-a3851ebe7910,4fb5070c-6968-472a-b638-3bc18d5ce11d,statutory-consultees,2024-06-28 10:38:06.631091,,,"{""text"": ""N/A""}",
758c2ed6-7d0a-4cb3-9169-eebe12de2694,4fb5070c-6968-472a-b638-3bc18d5ce11d,primary-users,2024-06-28 10:38:09.480373,,,"{""text"": ""N/A""}",
78532235-7754-4d9f-b88f-30d4fe8f7c02,57c13c12-f198-4313-8518-9465182e706e,lifecycle,2024-06-28 11:01:14.217082,,,"{""choice"": ""No""}",
a4597e6c-3a6c-469d-bb9e-0a7f7cc0207e,57c13c12-f198-4313-8518-9465182e706e,how-is-data-created,2024-06-28 11:01:22.537732,,,"{""text"": ""N/A""}",
512e3f51-c78a-4d01-b0a2-65fe7d2a668c,c8dd083f-978f-49f1-a7d1-08a11d012c84,what-is-the-driver,2025-01-24 10:02:58.390758,,,"{""choice"": ""Existing planning requirement""}",
4fa1da25-99aa-4f55-8055-6aa07f897875,57c13c12-f198-4313-8518-9465182e706e,statutory-consultees,2024-06-28 11:01:27.619541,,,"{""text"": ""N/A""}",
f4754e98-ec53-412f-baa6-6b8d41fca143,57c13c12-f198-4313-8518-9465182e706e,primary-users,2024-06-28 11:01:29.634432,,,"{""text"": ""N/A""}",
461d414d-a159-4c1d-a402-e1c9da1e8eba,57c13c12-f198-4313-8518-9465182e706e,user-and-data-needs,2024-06-28 11:02:07.962635,,,"{""text"": ""Understanding the presence of radon is essential for homeowners, landowners and developers, to ensure that sufficient mitigation is taken to prevent any harmful effects.""}",
ae2c3ad8-c1c0-48e5-87fc-fbf293747fa7,6d1b245a-40e2-4eb7-b1d5-1304fcdad496,is-it-a-trigger,2025-02-06 15:29:44.398678,,,"{""choice"": ""No""}",
3727e29d-2376-4d76-b4e1-2d5827870886,57c13c12-f198-4313-8518-9465182e706e,risks,2024-06-28 11:02:17.826579,,,"{""text"": ""N/A""}",
0cdabd9d-546f-456e-b1c1-c76773d0dab1,57c13c12-f198-4313-8518-9465182e706e,is-it-consulted,2024-06-28 11:02:27.575321,,,"{""choice"": ""Yes""}",
6894c162-43fb-4232-aa1b-d887b7d48c7f,57c13c12-f198-4313-8518-9465182e706e,is-consulted,2024-06-28 11:03:43.713857,,,"{""text"": ""This dataset should be consulted by LPAs to ensure that sufficient mitigation is being taken during development.""}",
4f6ff82b-8e05-4a0c-a0c7-2b0d7a4b1f52,f9ca36e4-fcee-4b1d-96ee-fb319d9a005b,is-it-consulted,2024-06-28 11:05:18.178114,,,"{""choice"": ""Yes""}",
7e92abf8-232a-46fd-87d1-9c7ffc1dc6af,f9ca36e4-fcee-4b1d-96ee-fb319d9a005b,is-consulted,2024-06-28 11:06:08.450341,2024-06-28 11:06:47.959408,,"{""text"": ""This dataset should be consulted by LPAs to ensure that development plan policies capture the presence of the smoke controle area, and that sufficient mitigation is being taken during development.""}",
a989a28d-b73a-4589-b7a9-3ee28170281a,f9ca36e4-fcee-4b1d-96ee-fb319d9a005b,lifecycle,2024-06-28 11:06:57.482724,,,"{""choice"": ""No""}",
cbe9dd92-3fbd-4441-b21e-f51141f8ad9c,f9ca36e4-fcee-4b1d-96ee-fb319d9a005b,how-is-data-created,2024-06-28 11:07:02.643304,,,"{""text"": ""N/A""}",
2b61d70a-b569-4561-b62e-cfab81b6db8b,f9ca36e4-fcee-4b1d-96ee-fb319d9a005b,where-is-data-used,2024-06-28 11:07:04.346336,,,"{""text"": ""N/A""}",
69938e5c-675c-4dcf-97c9-9d74a3d74ad6,f9ca36e4-fcee-4b1d-96ee-fb319d9a005b,related-planning-considerations,2024-06-28 11:07:06.115099,,,"{""text"": ""N/A""}",
bd1b7b6d-8554-4758-a7b2-b8ebfc88abd6,f9ca36e4-fcee-4b1d-96ee-fb319d9a005b,statutory-consultees,2024-06-28 11:07:07.502382,,,"{""text"": ""N/A""}",
6f3ce8ec-d84d-47b6-8eda-8fc32d88e354,f9ca36e4-fcee-4b1d-96ee-fb319d9a005b,primary-users,2024-06-28 11:07:09.4562,,,"{""text"": ""N/A""}",
0e84e53e-4c3a-4247-bac0-a3f9f0e94f3b,f9ca36e4-fcee-4b1d-96ee-fb319d9a005b,user-and-data-needs,2024-06-28 11:08:25.575543,,,"{""text"": ""Understanding the presence of a smoke control is essential for homeowners, landowners and developers, to ensure that actions are in line with the designation, and sufficient mitigation is taken to prevent any harmful effects.""}",
b3b6a278-ec2f-498a-bfc5-8f397f0bd6e8,f9ca36e4-fcee-4b1d-96ee-fb319d9a005b,additional-users,2024-06-28 11:08:33.060644,,,"{""text"": ""N/A""}",
0002cfb3-42d6-46a3-9143-ded8da779d4c,f9ca36e4-fcee-4b1d-96ee-fb319d9a005b,use-cases,2024-06-28 11:08:36.894561,,,"{""text"": ""N/A""}",
4938a96f-be3e-453f-9932-f2ddc24efc14,f9ca36e4-fcee-4b1d-96ee-fb319d9a005b,value-to-platform,2024-06-28 11:08:42.236284,,,"{""text"": ""N/A""}",
4e14ebd9-f704-4017-ab2b-e95067223452,f3a62905-f923-4c74-a101-6e8b810f197a,primary-users,2024-06-28 11:14:41.043657,,,"{""text"": ""N/A""}",
ccdd65a5-ccb6-418e-85eb-0dc3279b87ec,f3a62905-f923-4c74-a101-6e8b810f197a,risks,2024-06-28 11:19:23.08412,2024-07-18 13:58:13.319607,,"{""text"": "" ""}",
b2b292a1-9a6a-411f-b186-8f16715ee59c,f3a62905-f923-4c74-a101-6e8b810f197a,lifecycle-stages,2024-06-28 11:14:33.955242,2024-06-28 11:19:07.338215,,,"[{""name"": """", ""actors"": """", ""impact"": """", ""output"": """", ""position"": ""0"", ""csrf_token"": ""IjI1ODIzNzVkMzNkOTBiZDMzZWRiYmM2Y2M3NTI0NzNjYTVjMDM4ZDQi.Zn6cKQ.o8B3WG19asm_ljkeFktXPB9LTwg"", ""description"": """"}]"
17d79b27-6b0e-464e-bf4c-39b0a73e7f8a,f3a62905-f923-4c74-a101-6e8b810f197a,additional-users,2024-06-28 11:19:17.429256,,,"{""text"": ""N/A""}",
ed3a60e1-b442-4dc7-85bd-040a4d9b4812,64be84b1-b5ee-4acf-89f0-04666e38d7d3,lifecycle-stages,2024-06-28 11:19:39.551355,,,,"[{""name"": """", ""actors"": """", ""impact"": """", ""output"": """", ""position"": ""0"", ""csrf_token"": ""IjI1ODIzNzVkMzNkOTBiZDMzZWRiYmM2Y2M3NTI0NzNjYTVjMDM4ZDQi.Zn6cSg.Vat6tYntO8oVRehhf94PkwkEl20"", ""description"": """"}]"
1698d29e-2479-4eb9-a9f5-97d941293730,64be84b1-b5ee-4acf-89f0-04666e38d7d3,where-is-data-used,2024-06-28 11:19:42.829612,,,"{""text"": ""N/A""}",
277f5ec7-d035-45dc-97a7-173d3ec2dd0e,64be84b1-b5ee-4acf-89f0-04666e38d7d3,related-planning-considerations,2024-06-28 11:19:44.607234,,,"{""text"": ""N/A""}",
450c0b12-d8b7-46be-ad11-16488ac06fda,64be84b1-b5ee-4acf-89f0-04666e38d7d3,statutory-consultees,2024-06-28 11:19:46.406195,,,"{""text"": ""N/A""}",
3fbbb2a4-d9ed-459a-bc2a-e6d476b1e2f6,64be84b1-b5ee-4acf-89f0-04666e38d7d3,primary-users,2024-06-28 11:19:48.069056,,,"{""text"": ""N/A""}",
e6aff183-d795-4b21-bdae-cdf70c961acd,64be84b1-b5ee-4acf-89f0-04666e38d7d3,user-and-data-needs,2024-06-28 11:19:55.630656,,,"{""text"": ""Planning need is unclear""}",
cd70154a-fd64-4759-815e-8e64714e78ff,f3a62905-f923-4c74-a101-6e8b810f197a,where-is-data-used,2024-06-28 11:14:29.221052,2024-07-18 13:53:27.492939,,"{""text"": ""UPRNs are used in lots of datasets so would be useful to link datasets together""}",
c3f93a8e-5e67-455f-a356-dc27b322dfe9,f3a62905-f923-4c74-a101-6e8b810f197a,statutory-consultees,2024-06-28 11:14:39.241163,2024-07-18 13:57:09.539318,,"{""text"": "" ""}",
4ac63499-4a11-4067-812b-1a94c5a46ee5,f3a62905-f923-4c74-a101-6e8b810f197a,user-and-data-needs,2024-06-28 11:14:42.873884,2024-07-18 13:57:36.190286,,"{""text"": ""A specific planning need is unclear""}",
55e75ba5-90ec-4c2b-b4d2-8799a3b593cd,57c13c12-f198-4313-8518-9465182e706e,where-is-data-used,2024-06-28 11:01:24.682231,2024-10-28 08:21:09.40575,,"{""text"": ""During the assessment of a site.\r\n\r\nWhilst developing a proposal for a site.\r\n\r\nDuring the \""searches\"" process in conveyancing.""}",
3a38e9dc-df19-4f30-bf74-5b906e01d494,64be84b1-b5ee-4acf-89f0-04666e38d7d3,use-cases,2024-06-28 11:19:59.154252,2024-07-18 16:50:30.201728,,"{""text"": ""The USRN is key to ensuring works on streets can be planned effectively.\r\n\r\nThey can facilitate better insights into traffic patterns, infrastructure utilisation, planning, and development, leading to informed decision-making and resource allocation""}",
d0b098f4-8838-47ad-af7d-a7206c419d2c,57c13c12-f198-4313-8518-9465182e706e,value-to-platform,2024-06-28 11:02:14.663231,2024-10-28 08:22:36.117648,,"{""text"": ""It could be built into services helping developers to assess and prepare proposals for a site""}",
9b47be92-2310-43ef-9a16-fa837937a94c,b8c8a909-5fd2-49cb-b586-518221cf19ad,how-is-data-created,2024-06-28 11:21:01.670698,,,"{""text"": ""N/A""}",
4053b621-107a-4b01-8017-115de2c08974,b8c8a909-5fd2-49cb-b586-518221cf19ad,where-is-data-used,2024-06-28 11:21:03.286064,,,"{""text"": ""N/A""}",
27d72db4-acc8-44c3-803c-ce2d78d56598,b8c8a909-5fd2-49cb-b586-518221cf19ad,related-planning-considerations,2024-06-28 11:21:04.574508,,,"{""text"": ""N/A""}",
e492cdb5-2be4-4f59-85cd-77d572ab7fb5,b8c8a909-5fd2-49cb-b586-518221cf19ad,statutory-consultees,2024-06-28 11:21:06.085612,,,"{""text"": ""N/A""}",
099b3935-0dc8-49b2-9c0a-5713d92b30e3,b8c8a909-5fd2-49cb-b586-518221cf19ad,primary-users,2024-06-28 11:21:07.846005,,,"{""text"": ""N/A""}",
94094c55-f83a-4a36-aa53-0e5fac27aeeb,b8c8a909-5fd2-49cb-b586-518221cf19ad,user-and-data-needs,2024-06-28 11:21:15.428215,,,"{""text"": ""Planning need is unclear""}",
c65cb887-4184-4c24-9337-68684ad0945a,b8c8a909-5fd2-49cb-b586-518221cf19ad,risks,2024-06-28 11:21:22.469615,,,"{""text"": ""N/A""}",
a89cebd9-e293-4fca-ae8c-0322e5955599,8ac76668-bc27-47f6-9702-6838ee66625c,lifecycle,2024-06-28 11:24:33.521248,,,"{""choice"": ""No""}",
601a395d-9cef-4505-bfd5-424b847e12ba,8ac76668-bc27-47f6-9702-6838ee66625c,how-is-data-created,2024-06-28 11:24:44.090829,,,"{""text"": ""N/A""}",
47b5ddd7-4eae-42ca-bff1-e037e95c7d5a,8ac76668-bc27-47f6-9702-6838ee66625c,where-is-data-used,2024-06-28 11:24:45.693632,,,"{""text"": ""N/A""}",
6fb6c8e8-c3c5-402b-809b-7666e54384f9,8ac76668-bc27-47f6-9702-6838ee66625c,related-planning-considerations,2024-06-28 11:24:47.316866,,,"{""text"": ""N/A""}",
2eba6f3c-208f-457b-83a9-d943f5ac8d6f,8ac76668-bc27-47f6-9702-6838ee66625c,statutory-consultees,2024-06-28 11:24:48.683709,,,"{""text"": ""N/A""}",
a70ca806-9a1a-45be-8c44-c90a2965b636,8ac76668-bc27-47f6-9702-6838ee66625c,primary-users,2024-06-28 11:24:51.404652,,,"{""text"": ""N/A""}",
85962562-4ffa-4894-a21c-e0ba7649bcba,8ac76668-bc27-47f6-9702-6838ee66625c,user-and-data-needs,2024-06-28 11:25:54.637184,,,"{""text"": ""This dataset will display the presence of managed tips, which will be useful to know the presence of in plan making, as well as any impacts of growth on the facility.""}",
90de413f-c13b-40fe-9292-0e174e7801c8,8ac76668-bc27-47f6-9702-6838ee66625c,additional-users,2024-06-28 11:25:57.039192,,,"{""text"": ""N/A""}",
e0e4ca8f-44d6-4d15-83f5-65a0a1a016e8,8ac76668-bc27-47f6-9702-6838ee66625c,use-cases,2024-06-28 11:25:58.68038,,,"{""text"": ""N/A""}",
7120e85a-4314-4fda-980e-608f5e8f82fc,8ac76668-bc27-47f6-9702-6838ee66625c,value-to-platform,2024-06-28 11:26:00.025823,,,"{""text"": ""N/A""}",
ff621f76-0ebc-4bb6-bf33-0002681ce1b9,8ac76668-bc27-47f6-9702-6838ee66625c,risks,2024-06-28 11:26:01.451626,,,"{""text"": ""N/A""}",
5e935c65-a8c4-444d-b446-68d317c776be,8ac76668-bc27-47f6-9702-6838ee66625c,is-it-a-trigger,2024-06-28 11:26:09.893047,,,"{""choice"": ""No""}",
9d028e78-52c5-4cdb-8e3c-b0f27f1a920f,8ac76668-bc27-47f6-9702-6838ee66625c,is-it-consulted,2024-06-28 11:26:14.633049,,,"{""choice"": ""No""}",
91fe9b19-c272-4433-9c70-172a7bbad474,2e4f5dc7-5941-4975-a1c5-46c05b99d626,what-is-the-driver,2024-06-28 15:55:43.943244,,,"{""choice"": ""Other""}",
c266048c-588d-4aeb-bd2d-6ec349e202dd,3c6c44ed-b57c-4faf-ac23-8dc3ff172aae,existing-data,2024-07-01 07:54:45.725906,,,"{""choice"": ""Yes""}",
4be50b3c-9889-428c-a058-7eff62325e32,3c6c44ed-b57c-4faf-ac23-8dc3ff172aae,existing-data-examples,2024-07-01 07:59:52.743535,,,,"[{""url"": ""https://beta.ordnancesurvey.co.uk/products/boundary-line"", ""name"": ""Boundary-Line"", ""fields"": ""SHAPE;NAME;AREA_CODE;DESCRIPTIO;FILE_NAME;NUMBER;NUMBER0;POLYGON_ID;UNIT_ID;CODE;HECTARES;AREA;TYPE_CODE;DESCRIPT0;TRPE_COD0;DESCRIPT1"", ""licence"": ""OGL"", ""coverage"": ""National"", ""position"": 0, ""publisher"": ""Ordnance Survey"", ""csrf_token"": ""IjY2MzhhMjRlNTA5OTBjZDY1MThlZjdiMDI5YzBkMzVjZGRjMDlhMmQi.ZoJgyA.S0szgam4QrNmBKr6pL3vA3X3Pbw"", ""attribution"": ""Contains OS data © Crown Copyright [and database right] (2021)"", ""metadata_url"": ""https://www.ordnancesurvey.co.uk/documents/product-support/tech-spec/boundary-line-technical-specification-v4.3.pdf?_gl=1*wfrngg*_gcl_au*NDk3MTg0MTYwLjE3MTQwNTU1NjI.*_ga*MTY5NDU4OTQ3My4xNzE0MDU1NTQ3*_ga_59ZBN7DVBG*MTcxOTgxODkyMi4xNC4xLjE3MTk4MjA1MzYuMjIuMC4w""}]"
ed3f58be-ca16-43f4-a840-a16f903aebc4,2e4f5dc7-5941-4975-a1c5-46c05b99d626,who-asked-for-it,2024-06-28 15:55:41.429329,2024-06-28 15:57:34.483049,,"{""text"": ""The Geospatial Commission has published a list of 65 open datasets that they believe are used during the housing and planning process. This includes Important bird areas.""}",
c3828630-87c1-433e-8e86-c9d7a90572e0,2e4f5dc7-5941-4975-a1c5-46c05b99d626,which-focus-area-does-it-support,2024-06-28 15:57:54.006613,,,"{""choice"": ""Modern planning software;Faster local plans""}",
1858a641-f870-4967-bc45-e149f10b4872,2e4f5dc7-5941-4975-a1c5-46c05b99d626,is-there-legislation,2024-06-28 16:05:42.027076,,,"{""choice"": ""No""}",
dc2d2718-d7b3-40f9-903b-453dfd562394,2e4f5dc7-5941-4975-a1c5-46c05b99d626,who-in-law-is-responsible-for-it,2024-06-28 16:06:48.404823,,,"{""text"": ""N/A""}",
46528cf0-ad69-4e7d-b18f-51c884f55cbf,2e4f5dc7-5941-4975-a1c5-46c05b99d626,existing-data,2024-06-28 16:08:31.277764,,,"{""choice"": ""Yes""}",
907468a2-c2d1-4cfb-9509-c4679a745d7b,770529fd-b90e-438e-96c9-e0b0fae08c7b,what-is-the-planning-consideration,2025-01-17 14:05:11.766155,,,"{""text"": ""There are 14 licensed Distribution Network Operators (DNOs) in Britain and each is responsible for a regional distribution services area. DNO Licence Areas are sometimes referred to as GSP Groups and historically have also been known as Public Electricity Supplier (PES) regions, though the latter name is no longer widely used. - [National Energy System Operator (NESO)](https://www.neso.energy/data-portal/gis-boundaries-gb-dno-license-areas)""}",
a945f395-2468-402b-ac2b-98330d1bd83e,2e4f5dc7-5941-4975-a1c5-46c05b99d626,is-a-data-standard-required,2024-06-28 16:12:34.09776,,,"{""choice"": ""No""}",
cfbdc841-84b2-4ac1-910e-466c25bc1ed1,2e4f5dc7-5941-4975-a1c5-46c05b99d626,single-source,2024-06-28 16:12:31.376079,2024-06-28 16:12:39.917323,,"{""text"": ""Yes - RSPB""}",
aff407d8-001b-4260-a047-0acc21fe7797,3c6c44ed-b57c-4faf-ac23-8dc3ff172aae,what-is-the-planning-consideration,2024-07-01 07:31:28.756138,,,"{""text"": ""Boundary-Line lets you show on a map where the line's being drawn, right down to the level of individual properties.""}",
083969d9-72f6-4579-b284-2780bb6ba7ba,3c6c44ed-b57c-4faf-ac23-8dc3ff172aae,who-in-law-is-responsible-for-it,2024-07-01 07:51:00.92884,,,"{""text"": ""Local Government""}",
4439a00a-d96d-4f58-9471-a557b320406c,3c6c44ed-b57c-4faf-ac23-8dc3ff172aae,single-source,2024-07-01 08:00:07.393893,,,"{""text"": ""Yes - Ordnance Survey""}",
60b6363d-0fba-4df2-8b74-db406f38dea3,2e4f5dc7-5941-4975-a1c5-46c05b99d626,publishing-organisations,2024-06-28 16:07:12.905012,2024-09-03 14:38:45.478506,,"{""choice"": ""RSPB""}",
ef5beded-02d3-4d02-9c62-f984d8f8d35c,3c6c44ed-b57c-4faf-ac23-8dc3ff172aae,is-it-a-trigger,2024-07-01 07:53:39.206638,,,"{""choice"": ""No""}",
f089b696-f5d3-4e8b-8a7f-bf1087f2e2f4,3c6c44ed-b57c-4faf-ac23-8dc3ff172aae,is-it-consulted,2024-07-01 07:54:01.620697,2024-07-01 07:54:40.596642,,"{""choice"": ""No""}",
66d0c4e4-a36a-422b-9f81-b5c582799987,3c6c44ed-b57c-4faf-ac23-8dc3ff172aae,is-a-data-standard-required,2024-07-01 08:00:12.166328,,,"{""choice"": ""No""}",
1707b127-b873-4323-bd57-473d6da299f9,3c6c44ed-b57c-4faf-ac23-8dc3ff172aae,is-there-legislation,2024-07-01 09:32:51.680741,,,"{""choice"": ""No""}",
84a84250-b05b-482e-b577-c096513a3c7b,57c13c12-f198-4313-8518-9465182e706e,who-asked-for-it,2024-07-01 10:02:16.553001,,,"{""text"": ""The Geospatial Commission has published a list of 65 open datasets that they believe are used during the housing and planning process. This includes Radon""}",
1a2b4a01-5101-45a1-9c71-8c21b12b9d90,57c13c12-f198-4313-8518-9465182e706e,what-is-the-driver,2024-07-01 10:02:20.546393,,,"{""choice"": ""Other""}",
807f31bb-6217-48c1-b966-2fa6e23ac856,57c13c12-f198-4313-8518-9465182e706e,which-focus-area-does-it-support,2024-07-01 10:02:39.3989,,,"{""choice"": ""Modern planning software""}",
067cd5be-ceb3-4b35-bc5e-27d91bac41bf,6a5351d2-5a62-4358-8419-51306b978120,who-in-law-is-responsible-for-it,2024-07-02 07:06:36.789464,,,"{""text"": ""National Grid""}",
4e24544b-5acf-477a-9966-6e10ea85f46e,6a5351d2-5a62-4358-8419-51306b978120,existing-data,2024-07-02 07:06:58.785082,,,"{""choice"": ""Yes""}",
69437314-23e7-4a91-9e89-9725f887ebf1,b8c8a909-5fd2-49cb-b586-518221cf19ad,additional-users,2024-06-28 11:21:17.511455,2024-07-23 13:52:44.443504,,"{""text"": ""* service builders\r\n* proptech companies""}",
b47b8a88-4ed8-40ab-bb1a-abdbfb4979de,b8c8a909-5fd2-49cb-b586-518221cf19ad,value-to-platform,2024-06-28 11:21:20.790971,2024-07-23 13:59:22.709877,,"{""text"": ""Making postcodes available through the platform means service builders can use them in their services. This would help their users because it is common for people to know and use post codes to find or refer to an area.""}",
6c689bec-94a3-491d-8f4d-b15875c09d74,b8c8a909-5fd2-49cb-b586-518221cf19ad,use-cases,2024-06-28 11:21:19.241119,2024-07-23 13:57:47.352063,,"{""text"": ""#### Searching for an area\r\n\r\nMost people know their post code and use it to refer to or specify a geographic area.\r\n\r\nIt is usually the first thing people use to narrow down an area they are concerned with.\r\n\r\n#### Statistics\r\n\r\nPost codes can be used to group data together for research and statistical analysis.\r\n""}",
be99fcbc-002e-4c2f-b7ab-bccf0ff45bd2,57c13c12-f198-4313-8518-9465182e706e,what-is-the-planning-consideration,2024-07-01 10:27:27.966711,2024-07-01 10:27:42.850024,,"{""text"": ""\""Radon is a radioactive gas, we can't see, smell or taste it: you need special equipment to detect it. It comes from the rocks and soil found everywhere in the UK. The radon level in the air we breathe outside is very low but can be higher inside buildings.\"" - [UKRadon](https://www.ukradon.org/information/)""}",
96ac3e18-6921-406d-8a6c-a41ab39eec5c,57c13c12-f198-4313-8518-9465182e706e,is-there-legislation,2024-07-01 10:46:01.391647,,,"{""choice"": ""Yes""}",
77ba8441-0c59-463a-b126-a7d8f0bd3524,57c13c12-f198-4313-8518-9465182e706e,what-is-the-legislation-that-defines-designation,2024-07-01 10:50:26.29236,,,"{""text"": ""[Building Regulations 2004](https://assets.publishing.service.gov.uk/government/uploads/system/uploads/attachment_data/file/431943/BR_PDF_AD_C_2013.pdf) - \""BR 211 provides guidance on basic radon protective measures appropriate in areas where 3% - 10% of homes and full radon protective measures in areas where more than 10% of homes are predicted to have radon at or above the Radon Action Level of 200Bq/m3.\""""}",
4a8fa677-d250-4f3e-8504-3d4d09d71a92,57c13c12-f198-4313-8518-9465182e706e,what-is-the-legislation-that-defines,2024-07-01 10:49:25.699553,2024-07-01 10:50:36.183289,,"{""text"": ""NOT LEGISLATION - [Building Regulations 2004](https://assets.publishing.service.gov.uk/government/uploads/system/uploads/attachment_data/file/431943/BR_PDF_AD_C_2013.pdf), paragraps 2.39 and 2.40.""}",
9b6eabe2-63a5-438a-9d6f-d9281230aacd,0ee51c1b-cc3f-44c5-9409-2d31b2e1b517,what-is-the-legislation-that-defines-designation,2025-01-13 11:54:38.965125,,,"{""text"": ""In the above legislation there is nothing about adding an asset of community to a list other than land, but [this document](https://assets.publishing.service.gov.uk/media/5a797ea4e5274a6846909fcd/Community_Right_to_Bid_-_Non-statutory_advice_note_for_local_authorities.pdf), being a non-statutory advice note, covers to procedure when considering listing in section 6. This is not a fixed step-by-step process on how an asset of community value gets designated, but it covers key people who need notifying and a timeframe (8 weeks from receiving the nomination).""}",
d0ba7b9f-66f7-48dd-88ce-7638ef4a1183,57c13c12-f198-4313-8518-9465182e706e,who-in-law-is-responsible-for-it,2024-07-01 10:51:20.410025,2024-07-01 10:52:46.996865,,"{""text"": ""- UKRadon\r\n- Public Health England\r\n- BGS (British Geological Survey)""}",
25775e67-efeb-4165-9a0d-8d9ccf00d5c9,57c13c12-f198-4313-8518-9465182e706e,what-is-the-legislation-for-publication,2024-07-01 10:52:55.86621,,,"{""text"": ""N / A""}",
bc931ac0-73be-45d3-ac4c-9ccfb6e123fd,57c13c12-f198-4313-8518-9465182e706e,is-it-a-trigger,2024-07-01 10:53:27.928606,,,"{""choice"": ""No""}",
a5a7584e-65bd-427d-9243-c78a7f49d665,57c13c12-f198-4313-8518-9465182e706e,existing-data,2024-07-01 10:53:34.591583,,,"{""choice"": ""Yes""}",
0fcfeb89-2b49-4bde-b65c-242ddb5dbeed,57c13c12-f198-4313-8518-9465182e706e,existing-data-examples,2024-07-01 10:58:28.177606,,,,"[{""url"": ""https://www.bgs.ac.uk/datasets/radon-data-indicative-atlas-of-radon/"", ""name"": ""Radon data: Indicative Atlas of Radon"", ""fields"": ""TILE;CLASS_MAX;Potential;VERSION"", ""licence"": ""OGL"", ""coverage"": ""National - GB"", ""position"": 0, ""publisher"": ""British Geological Survey"", ""csrf_token"": ""IjY2MzhhMjRlNTA5OTBjZDY1MThlZjdiMDI5YzBkMzVjZGRjMDlhMmQi.ZoKK0Q.JO5HWAK05Z6dZdki5hXdGuEDKpM"", ""attribution"": ""THEY USED - The National Grid and other\r\nOrdnance Survey data\r\n© Crown Copyright and\r\ndatabase rights 2021.\r\nOrdnance Survey Licence\r\nNo. 100021290 EUL."", ""metadata_url"": ""https://nora.nerc.ac.uk/id/eprint/537367/1/OR24026.pdf""}]"
c4e434af-7645-4777-848a-a60148594412,57c13c12-f198-4313-8518-9465182e706e,single-source,2024-07-01 11:52:14.793832,,,"{""text"": ""Yes - BGS""}",
81bf9582-0edb-4918-959a-dda5277b26cd,57c13c12-f198-4313-8518-9465182e706e,is-a-data-standard-required,2024-07-01 11:52:16.74256,,,"{""choice"": ""No""}",
b264e651-0473-4338-ad7e-c0509c89f94a,6a5351d2-5a62-4358-8419-51306b978120,existing-data-examples,2024-07-02 07:07:38.640636,2024-07-02 07:10:03.48283,,,"[{""url"": ""https://www.nationalgrid.com/electricity-transmission/network-and-infrastructure/network-route-maps"", ""name"": ""Cables"", ""fields"": """", ""licence"": ""RESTRICTIVE - non-commercial only. These datasets are for indicative purposes only. They can only be used for emergency and land use planning and cannot be used for commercial purposes. "", ""coverage"": ""GB"", ""position"": ""0"", ""publisher"": ""National Grid"", ""csrf_token"": ""IjI3YTdlNDAwODU5NDQ4NjU2OWY5ZjljODZiMmZhZjJlYThmZTViMWEi.ZoOnPQ.rJosftnMJ5e0J4ZzLaiLWQzipd4"", ""attribution"": ""They are owned by National Grid and you are required to acknowledge us in your product or application using \""© National Grid UK\"""", ""metadata_url"": """"}]"
6b8754ce-fcc0-4d69-9be8-b4df092a3dce,b587e9b5-18b9-4a54-baea-f5303429e6ad,what-is-the-planning-consideration,2024-07-02 07:19:33.146469,,,"{""text"": ""The approximate location of OVERHEAD LINES in the national electricity transmission network""}",
1453892b-ed5f-493f-b1f5-915895fd4f76,b587e9b5-18b9-4a54-baea-f5303429e6ad,who-in-law-is-responsible-for-it,2024-07-02 07:19:47.566411,,,"{""text"": ""National Grid""}",
93600170-7491-4492-81bc-09cc2ea74ffd,b587e9b5-18b9-4a54-baea-f5303429e6ad,existing-data,2024-07-02 07:19:59.667443,,,"{""choice"": ""Yes""}",
ba26f2a2-26e0-4ade-ad20-ce8eeb8c663d,b587e9b5-18b9-4a54-baea-f5303429e6ad,existing-data-examples,2024-07-02 07:20:55.538816,,,,"[{""url"": ""https://www.nationalgrid.com/electricity-transmission/network-and-infrastructure/network-route-maps"", ""name"": ""Overhead Lines"", ""fields"": """", ""licence"": ""\tRESTRICTIVE - non-commercial only. These datasets are for indicative purposes only. They can only be used for emergency and land use planning and cannot be used for commercial purposes."", ""coverage"": ""GB"", ""position"": 0, ""publisher"": ""National Grid"", ""csrf_token"": ""IjI3YTdlNDAwODU5NDQ4NjU2OWY5ZjljODZiMmZhZjJlYThmZTViMWEi.ZoOqIg.V5lG_KS_trwLtgZeB6XLypUyxmU"", ""attribution"": ""\tThey are owned by National Grid and you are required to acknowledge us in your product or application using \""© National Grid UK\"""", ""metadata_url"": """"}]"
61e9a90f-bb2e-4675-a7a0-dddcef50df08,b587e9b5-18b9-4a54-baea-f5303429e6ad,single-source,2024-07-02 07:21:59.400429,,,"{""text"": ""Yes - National Grid""}",
f387847d-ecaa-45f7-b944-149a3300a945,b587e9b5-18b9-4a54-baea-f5303429e6ad,is-a-data-standard-required,2024-07-02 07:22:03.426501,,,"{""choice"": ""No""}",
ad98493f-826c-47cc-9427-39a8f9249979,6a5351d2-5a62-4358-8419-51306b978120,single-source,2024-07-02 07:22:15.636897,,,"{""text"": ""Yes - National Grid""}",
83f34555-a818-407d-81d6-ecda37016f5b,6a5351d2-5a62-4358-8419-51306b978120,is-a-data-standard-required,2024-07-02 07:22:19.808511,,,"{""choice"": ""No""}",
4ae96a06-1efd-4b97-82c9-051916d27059,ebe2c55e-d790-4ca5-a764-35624c66e632,what-is-the-planning-consideration,2024-07-02 07:28:12.067453,,,"{""text"": ""The approximate location of SUBSTATION SITES in the national electricity transmission network""}",
fff3467f-76a5-43be-827f-8dfb20b8e9f2,ebe2c55e-d790-4ca5-a764-35624c66e632,existing-data,2024-07-02 07:28:36.07233,,,"{""choice"": ""Yes""}",
132dd2ac-11db-406c-ae09-95507420f5ee,ebe2c55e-d790-4ca5-a764-35624c66e632,existing-data-examples,2024-07-02 07:29:41.70336,,,,"[{""url"": ""https://www.nationalgrid.com/electricity-transmission/network-and-infrastructure/network-route-maps"", ""name"": ""substation site"", ""fields"": """", ""licence"": ""RESTRICTIVE - non-commercial only. These datasets are for indicative purposes only. They can only be used for emergency and land use planning and cannot be used for commercial purposes. "", ""coverage"": ""GB"", ""position"": 0, ""publisher"": ""National Grid"", ""csrf_token"": ""IjI3YTdlNDAwODU5NDQ4NjU2OWY5ZjljODZiMmZhZjJlYThmZTViMWEi.ZoOsJw.OhZVAUfllyFTMgtwDjoDyJ-gVR8"", ""attribution"": ""They are owned by National Grid and you are required to acknowledge us in your product or application using \""© National Grid UK\"""", ""metadata_url"": """"}]"
16e603c2-3b29-4ed0-bedc-cf438f5b30e2,ebe2c55e-d790-4ca5-a764-35624c66e632,is-a-data-standard-required,2024-07-02 07:35:40.633635,,,"{""choice"": ""No""}",
dca7d74e-1b82-4a9a-801d-cfbba3ce1a2c,ebe2c55e-d790-4ca5-a764-35624c66e632,single-source,2024-07-02 07:35:49.21957,,,"{""text"": ""Yes - National Grid""}",
3d117f61-6dc8-4266-b3bf-c71c7b9f5264,3ccfca0f-c556-4435-b3f6-a334304dbefa,what-is-the-planning-consideration,2024-07-02 07:39:05.052008,,,"{""text"": ""The approximate location of TOWERS / PYLONS in the national electricity transmission network""}",
4cac1b22-4e93-48e3-af46-837222591ef1,3ccfca0f-c556-4435-b3f6-a334304dbefa,existing-data,2024-07-02 07:39:24.713607,,,"{""choice"": ""Yes""}",
d494c934-52f0-4e21-8dd8-047991f023c6,9a26b3ea-d3ad-4487-ba07-4ec3c276b31f,is-it-a-trigger,2024-07-24 11:10:25.125886,,,"{""choice"": ""No""}",
60581562-3289-4170-bb96-3c9528a36428,f9ca36e4-fcee-4b1d-96ee-fb319d9a005b,is-there-legislation,2024-07-01 15:23:04.795608,,,"{""choice"": ""Yes""}",
bb84fde7-875d-4f6e-95df-93f29a7da0f9,3c6c44ed-b57c-4faf-ac23-8dc3ff172aae,related-planning-considerations,2024-06-27 12:38:34.697347,2024-07-01 11:59:50.667508,,"{""text"": ""[Boundary-Line-Product-Information](https://www.ordnancesurvey.co.uk/documents/product-support/user-guide/boundary-line-product-information-v5.0.pdf?_gl=1*1xj03pq*_gcl_au*NDk3MTg0MTYwLjE3MTQwNTU1NjI.*_ga*MTY5NDU4OTQ3My4xNzE0MDU1NTQ3*_ga_59ZBN7DVBG*MTcxOTgzNDc5OS4xNS4xLjE3MTk4MzQ4MDIuNTcuMC4w)\r\n\r\n- Area measurements\r\n- Civil parish (England) and community (Wales)\r\n- County\r\n- Distinctive names\r\n- District\r\n- Electoral division (county and unitary)\r\n- English region\r\n- Extent of the realm (EOR): either mean low water mark (England and Wales), mean low water springs\r\nmark (Scotland) or seaward boundary extensions\r\n- Greater London Authority\r\n- Greater London Authority Assembly constituencies (the London proportional representation voting\r\nareas)\r\n- GSS codes in England, Wales and Scotland for all units, with the exception of Greater London\r\nAuthority, county electoral divisions and non-civil-parish areas\r\n- London borough (including the county of the City of London)\r\n- Mean high water mark (England and Wales) and / or mean high water springs mark (Scotland): both are\r\nabbreviated to MHW in product documentation\r\n- Metropolitan district\r\n- Scottish Parliament constituency and electoral region\r\n- Unitary authority\r\n- Unique administrative unit, link and polygon identifiers\r\n- [Ward (district, unitary, metropolitan and London borough)](https://design.planning.data.gov.uk/planning-consideration/council-wards)\r\n- Welsh Parliament constituency and electoral region\r\n- [Westminster (parliamentary) constituency](https://design.planning.data.gov.uk/planning-consideration/parliamentary-constituencies)""}",
ee993770-cc46-4aa8-9750-b91c1b3b7222,3c6c44ed-b57c-4faf-ac23-8dc3ff172aae,use-cases,2024-06-27 12:50:18.939966,2024-07-01 13:30:20.176007,,"{""text"": ""Boundary Lines might be useful for statistical purposes, when looking at population and demographic changes.""}",
8c7bce2d-9c28-499c-b533-3591e9d827fb,f3a62905-f923-4c74-a101-6e8b810f197a,use-cases,2024-06-28 11:19:27.693283,2024-07-01 13:42:05.079832,,"{""text"": ""Use of UPRN data can reduce any nature of ambiguity in identifying correct properties, whether this be for emergency, logistics or domestic reason.\r\nAn example could be for someone selling their home. A user would be able to find out the UPRN of their property through the platform, so that there would never be any confusion over which property is up for sale, potentially in a tight cluster.""}",
52c43f57-be51-4380-bab8-2db2ee309fa5,d6af1726-f5e6-49df-8808-80b4449a97d3,existing-data-examples,2024-06-24 16:14:38.678534,2024-07-01 14:02:12.966763,,,"[{""url"": ""https://www.data.gov.uk/dataset/1707e638-6a2d-48f5-a534-1db0b240cc37/casi-and-lidar-habitat-map#:~:text=A%20habitat%20map%20derived%20from,of%20limits%20in%20data%20available."", ""name"": ""CASI and LiDAR habitat map - LIDAR_Composite_2m_Last_Return_DSM_2022_extents"", ""fields"": ""fid;tilename;sd_flown;ed_flown;year;resolution;polygon_id;filename;od_dsm_fn;gdb_geomattr_data"", ""licence"": ""OGL"", ""coverage"": ""National"", ""position"": ""0"", ""publisher"": ""Environment Agency"", ""csrf_token"": ""IjY2MzhhMjRlNTA5OTBjZDY1MThlZjdiMDI5YzBkMzVjZGRjMDlhMmQi.ZoK20A.ynLBbH9E3Wkeq_JjBJ1nIy3fBPQ"", ""attribution"": ""Unknown"", ""metadata_url"": """"}]"
cb450d82-2a2b-41e4-bfec-636136352448,f9ca36e4-fcee-4b1d-96ee-fb319d9a005b,who-asked-for-it,2024-07-01 14:27:02.517853,,,"{""text"": ""The Geospatial Commission has published a list of 65 open datasets that they believe are used during the housing and planning process. This includes Smoke Control Areas""}",
b6a08956-8743-4bf5-966b-ab60065131e7,f9ca36e4-fcee-4b1d-96ee-fb319d9a005b,what-is-the-driver,2024-07-01 14:27:06.168657,,,"{""choice"": ""Other""}",
6cdcbc84-3c2a-456e-91cb-b769eb52edc9,f9ca36e4-fcee-4b1d-96ee-fb319d9a005b,which-focus-area-does-it-support,2024-07-01 14:27:16.457336,,,"{""choice"": ""Modern planning software""}",
bc76800a-1663-4d51-ab79-50cfd06dd781,f9ca36e4-fcee-4b1d-96ee-fb319d9a005b,what-is-the-planning-consideration,2024-07-01 15:00:37.616465,,,"{""text"": ""A smoke control area (defined by [UK Air (DEFRA)](https://uk-air.defra.gov.uk/sca/))is an area where people and businesses must not:\r\n\r\n- Emit smoke from a chimney\r\n- Buy or sell unauthorised fuel for use in a smoke control area unless it’s used in an ‘exempt’ appliance (appliances which are approved to use in smoke control areas)""}",
f26ef2d3-6d50-419a-82a7-bbc541c13b4d,f9ca36e4-fcee-4b1d-96ee-fb319d9a005b,what-is-the-legislation-that-defines-designation,2024-07-01 15:24:34.967037,,,"{""text"": ""[Clean Air Act 1993, Sections 18 and 19](https://www.legislation.gov.uk/ukpga/1993/11/part/III/crossheading/creation-of-smoke-control-areas) - \r\n\""Creation of Smoke Control Areas\""""}",
6630d1cb-1ab0-4240-99c9-80df8df8a74c,f9ca36e4-fcee-4b1d-96ee-fb319d9a005b,what-is-the-legislation-for-publication,2024-07-01 15:29:49.906993,,,"{""text"": ""N / A""}",
78132a13-f36b-4024-a547-9b4925d135dc,f9ca36e4-fcee-4b1d-96ee-fb319d9a005b,what-is-the-legislation-that-defines,2024-07-01 15:32:05.138513,,,"{""text"": ""[Clean Air Act 1956, section 11](https://www.legislation.gov.uk/ukpga/Eliz2/4-5/52/section/11/enacted) - \""(2) - Subject to any exemptions and limitations for the time being in force under this section, if, on any day, smoke is emitted from a chimney of any building within a smoke control area, the occupier of that building shall be guilty of an offence:\""""}",
a7ea741e-1d8a-4a83-bdb4-4ed8c207e798,f9ca36e4-fcee-4b1d-96ee-fb319d9a005b,who-in-law-is-responsible-for-it,2024-07-01 15:33:02.312081,,,"{""text"": ""- Local Authority\r\n- Secretary of State (DEFRA)""}",
541f9056-c95e-4d88-8e85-9bea71ccb294,f9ca36e4-fcee-4b1d-96ee-fb319d9a005b,is-it-a-trigger,2024-07-01 15:33:42.973531,,,"{""choice"": ""No""}",
33d6650e-8f34-47b5-a463-b19ed8c0ca1c,f9ca36e4-fcee-4b1d-96ee-fb319d9a005b,existing-data,2024-07-01 15:33:48.820392,,,"{""choice"": ""Yes""}",
efc3faa2-b81b-4261-a2c6-31f2acedf647,f9ca36e4-fcee-4b1d-96ee-fb319d9a005b,single-source,2024-07-01 15:40:42.251523,,,"{""text"": ""Yes - UK Air""}",
dbd5cdac-19c7-4b3f-bba7-10ed01e2ee2a,f9ca36e4-fcee-4b1d-96ee-fb319d9a005b,is-a-data-standard-required,2024-07-01 15:40:48.389775,,,"{""choice"": ""No""}",
682869b6-1b2b-46cb-a7e6-ed04dd7acccc,0ee51c1b-cc3f-44c5-9409-2d31b2e1b517,who-in-law-is-responsible-for-it,2025-01-13 11:58:52.885009,,,"{""text"": ""- The local authority \r\n- The owner has the right to challenge the 'listing'""}",
4d044143-d3bd-47d2-bc78-6d79f627c788,6a5351d2-5a62-4358-8419-51306b978120,what-is-the-planning-consideration,2024-07-02 07:06:20.883811,,,"{""text"": ""The approximate location of CABLES in the national electricity transmission network""}",
8159d800-9e55-465b-b30e-ae01aec54b10,f9ca36e4-fcee-4b1d-96ee-fb319d9a005b,existing-data-examples,2024-07-01 15:40:26.16774,2024-07-02 09:39:10.047862,,,"[{""url"": ""https://uk-air.defra.gov.uk/data/sca/"", ""name"": ""Smoke Control Areas"", ""fields"": ""Local Authority name;Local Authority code;County;Devolved Authority;SCA or Exemption;Order details;District coverage;Affected postcodes"", ""licence"": ""Uses derived data from OS (under PSGA), Royal Mail (under PSGA) and ONS - publishing rights are unclear"", ""coverage"": ""National"", ""position"": ""0"", ""publisher"": ""UK Air (DEFRA)"", ""csrf_token"": ""IjI3YTdlNDAwODU5NDQ4NjU2OWY5ZjljODZiMmZhZjJlYThmZTViMWEi.ZoPKpA.ouY14mRyOHUibG4WFWThH31f39Y"", ""attribution"": ""© Crown copyright and database rights licensed under Defra's Public Sector Mapping Agreement with Ordnance Survey (licence No. 100022861)."", ""metadata_url"": """"}]"
ec14562f-2c5d-4544-9af5-9b9e588d2039,0ee51c1b-cc3f-44c5-9409-2d31b2e1b517,publishing-organisations,2025-01-13 12:04:43.325643,,,"{""choice"": ""Local authorities""}",
3dc204d2-9087-4c2a-9d04-d53765e6d3b4,f9ca36e4-fcee-4b1d-96ee-fb319d9a005b,publishing-organisations,2024-07-01 15:33:18.928221,2024-09-03 14:39:56.382408,,"{""choice"": ""UK Air (Defra)""}",
03e6c18d-d09e-4ac0-86f3-1e13e8797283,0ee51c1b-cc3f-44c5-9409-2d31b2e1b517,is-it-a-trigger,2025-01-13 12:10:22.743772,,,"{""choice"": ""No""}",
fe3a24ab-45fc-4c37-b675-6eae2c657668,0ee51c1b-cc3f-44c5-9409-2d31b2e1b517,existing-data,2025-01-13 12:18:10.169263,,,"{""choice"": ""Yes""}",
60180672-a472-4f25-88d7-df935bdef967,770529fd-b90e-438e-96c9-e0b0fae08c7b,existing-data,2025-01-17 14:22:50.103791,,,"{""choice"": ""Yes""}",
46f414f1-c7b9-48ab-b547-81f925d74804,0ee51c1b-cc3f-44c5-9409-2d31b2e1b517,is-it-consulted,2025-01-13 12:10:34.419267,2025-01-20 09:20:53.831381,,"{""choice"": ""No""}",
d6ed5021-82b1-4ceb-a003-e3ca1a62e338,0de006ed-cc21-44b7-a8a6-823d18ffa259,publishing-organisations,2025-01-24 10:54:46.515382,,,"{""choice"": ""Local authorities""}",
79ff6fd7-0dcf-462c-bacf-32b2200e5f91,0de006ed-cc21-44b7-a8a6-823d18ffa259,is-it-a-trigger,2025-01-24 10:55:10.892607,,,"{""choice"": ""No""}",
8de0136f-4077-4c1b-8d69-b7d57d52d48e,3ccfca0f-c556-4435-b3f6-a334304dbefa,existing-data-examples,2024-07-02 07:40:16.704047,,,,"[{""url"": ""https://www.nationalgrid.com/electricity-transmission/network-and-infrastructure/network-route-maps"", ""name"": ""towers"", ""fields"": """", ""licence"": ""RESTRICTIVE - non-commercial only. These datasets are for indicative purposes only. They can only be used for emergency and land use planning and cannot be used for commercial purposes."", ""coverage"": ""GB"", ""position"": 0, ""publisher"": ""National Grid"", ""csrf_token"": ""IjI3YTdlNDAwODU5NDQ4NjU2OWY5ZjljODZiMmZhZjJlYThmZTViMWEi.ZoOusQ.M0HVS08GmK3ZquEaUcS0HDpwudw"", ""attribution"": ""They are owned by National Grid and you are required to acknowledge us in your product or application using \""© National Grid UK\"""", ""metadata_url"": """"}]"
6bb30c93-a780-435f-8f06-b68b1e910ed8,3ccfca0f-c556-4435-b3f6-a334304dbefa,is-a-data-standard-required,2024-07-02 07:40:31.068655,,,"{""choice"": ""No""}",
8ae8fee0-c815-4b40-921e-e37057d9e740,3ccfca0f-c556-4435-b3f6-a334304dbefa,single-source,2024-07-02 07:40:40.046935,,,"{""text"": ""Yes - National Grid""}",
1824b245-b845-4ad4-8565-0a079389672c,603f9f05-a061-4aac-9794-b8fcd5ea06c0,what-is-the-planning-consideration,2024-07-02 07:43:01.95331,,,"{""text"": ""OS Open Roads is a high-level view of the road network, from motorways to country lanes in Great Britain. The links represent an approximate central alignment of the road carriageway and include roads classified by the National or Local Highway authority.""}",
ef05ea9e-fdb0-4a43-bd69-ab32a7423e15,0de006ed-cc21-44b7-a8a6-823d18ffa259,is-it-consulted,2025-01-24 10:55:13.619582,,,"{""choice"": ""Yes""}",
4276a4f5-8db4-47b6-993f-1cc71808987d,603f9f05-a061-4aac-9794-b8fcd5ea06c0,existing-data,2024-07-02 07:43:25.887085,,,"{""choice"": ""Yes""}",
af4baf7e-71f1-4aa0-88f8-d028b08260d4,603f9f05-a061-4aac-9794-b8fcd5ea06c0,existing-data-examples,2024-07-02 07:46:07.668227,,,,"[{""url"": ""https://www.ordnancesurvey.co.uk/products/os-open-roads"", ""name"": ""OS Open Roads"", ""fields"": """", ""licence"": ""OGL version 3"", ""coverage"": ""GB"", ""position"": 0, ""publisher"": ""Ordnance Survey"", ""csrf_token"": ""IjI3YTdlNDAwODU5NDQ4NjU2OWY5ZjljODZiMmZhZjJlYThmZTViMWEi.ZoOvoQ.mjTfavi38aNtacS8KuiETjifs1Q"", ""attribution"": ""\tContains OS data © Crown Copyright [and database right] (YEAR)"", ""metadata_url"": ""https://www.ordnancesurvey.co.uk/documents/product-support/tech-spec/os-open-roads-technical-specification.pdf""}]"
bbcbd463-c9d6-4fac-9f15-e5a5e8d6d925,603f9f05-a061-4aac-9794-b8fcd5ea06c0,is-a-data-standard-required,2024-07-02 07:46:12.432287,,,"{""choice"": ""No""}",
32252d5e-574a-45bd-931e-6c2c5f0c1476,603f9f05-a061-4aac-9794-b8fcd5ea06c0,single-source,2024-07-02 07:46:25.050815,,,"{""text"": ""Yes - Ordnance Survey""}",
2818f947-b4bd-42d9-822d-1ce4d72e76d2,2e4f5dc7-5941-4975-a1c5-46c05b99d626,existing-data-examples,2024-06-28 16:12:25.499274,2024-07-02 09:31:25.370221,,,"[{""url"": ""https://opendata-rspb.opendata.arcgis.com/datasets/RSPB::ibas-uk/explore?location=54.568045%2C-3.452747%2C5.83"", ""name"": ""IBAs UK"", ""fields"": ""SitRecID;Region;Country;ISO3;NatName;IntName;FinCode;SitLat;SitLong;SitArea;Num_PAs;IbaStatus;KbaStatus;AzeStatus;MarineIBA;Protect;AddedDate;ChangeDate;DelTxt;DelGeom;Shape_Area;Shape_Length"", ""licence"": ""RESTRICTIVE LICENCE - See Notes"", ""coverage"": ""National"", ""position"": ""0"", ""publisher"": ""RSPB"", ""csrf_token"": ""ImZhZGYxMzM4NzliYjk4OTBiMzg3MzI5MmYxMTQxMmM5M2ZlMDZjYTgi.ZoPIiQ.F8aXyUMc9jdwy6v3_yF7M7EkYUA"", ""attribution"": ""Data reproduced with the permission of RSPB.   © Crown Copyright. Ordnance Survey licence number 100021787 ([Year])"", ""metadata_url"": """"}]"
4e3afb95-5a65-4fd7-86ee-eabc204c040c,9a26b3ea-d3ad-4487-ba07-4ec3c276b31f,is-it-consulted,2024-07-24 11:10:27.021462,,,"{""choice"": ""Yes""}",
bad14af1-8ee3-4d5c-a5fb-f5851f259ca1,2e4f5dc7-5941-4975-a1c5-46c05b99d626,risks,2024-06-28 07:38:12.104699,2024-07-02 10:46:15.528517,,"{""text"": ""The data is available, but under a restrictive licence, so this needs to be investigated further.""}",
2ab8dca5-02fa-4c17-907e-8ce224dfc006,f9ca36e4-fcee-4b1d-96ee-fb319d9a005b,risks,2024-06-28 11:08:45.772748,2024-07-02 10:48:59.221278,,"{""text"": ""The licence linked to the data is unclear / restrictive, as it relies on derived data from OS and Royal Mail, so this needs to be investigated further.""}",
641070ce-cd1a-456f-8f77-9422017229ae,c27465d3-68c5-4a25-9337-96d3d194f9b4,existing-data-examples,2024-06-25 18:00:17.358551,2024-07-02 12:55:29.73718,,,"[{""url"": ""https://beta.ordnancesurvey.co.uk/products/boundary-line"", ""name"": ""Boundary-Line"", ""fields"": """", ""licence"": ""OGL version 3"", ""coverage"": ""GB"", ""position"": ""0"", ""publisher"": ""Ordnance Survey"", ""csrf_token"": ""IjFjMWI2NTcwODQyMmEyY2I5MWFkNjg5OGE4MTcwNTM2ZGRmYzAxYTgi.Zn0Xlg.XyK9W_6K1vw63Ud6KRWYGcmWvOc"", ""attribution"": ""Contains OS data © Crown copyright [and database right] [year]"", ""metadata_url"": ""https://www.ordnancesurvey.co.uk/documents/product-support/tech-spec/boundary-line-technical-specification-v4.3.pdf""}, {""url"": ""https://geoportal.statistics.gov.uk/datasets/69b2084e13284ea59be314cb28edc41c_0/explore?location=54.660612%2C-1.891581%2C8.00"", ""name"": ""Wards (May 2024) Boundaries UK BGC"", ""fields"": ""WD24CD;WD24NM;WD24NMW;BNG_E;BNG_N;LONG;LAT;Shape_Area;Shape_Length"", ""licence"": ""OGL version 3"", ""coverage"": ""UK"", ""position"": ""1"", ""publisher"": ""ONS"", ""csrf_token"": ""IjY2MzhhMjRlNTA5OTBjZDY1MThlZjdiMDI5YzBkMzVjZGRjMDlhMmQi.ZoP4dQ.WaxLm8aVL45nAqnnJSFO_NyOPH0"", ""attribution"": ""Source: Office for National Statistics licensed under the Open Government Licence v.3.0\r\nContains OS data © Crown copyright and database right [year]"", ""metadata_url"": """"}]"
3cb902d5-cfa7-4fdc-861b-ec92e9d04c4d,3ccfca0f-c556-4435-b3f6-a334304dbefa,who-asked-for-it,2024-07-02 14:08:24.224499,,,"{""text"": ""The Geospatial Commission has published a list of 65 open datasets that they believe are used during the housing and planning process. This includes National grid towers.""}",
76541887-f2e2-416b-84ef-2f222ed58660,3ccfca0f-c556-4435-b3f6-a334304dbefa,what-is-the-driver,2024-07-02 14:08:28.076069,,,"{""choice"": ""Other""}",
30f878c3-3baf-413b-a8f4-4513b55afc9a,3ccfca0f-c556-4435-b3f6-a334304dbefa,which-focus-area-does-it-support,2024-07-02 14:08:31.473701,,,"{""choice"": ""Other""}",
b96f9c8f-afcf-4ed2-9848-5ec99be5d3fa,6a5351d2-5a62-4358-8419-51306b978120,what-is-the-driver,2024-07-02 14:14:15.26674,,,"{""choice"": ""Other""}",
bbc7c857-8f30-4562-b87b-d327542778d6,ebe2c55e-d790-4ca5-a764-35624c66e632,who-asked-for-it,2024-07-02 14:11:20.375399,,,"{""text"": ""The Geospatial Commission has published a list of 65 open datasets that they believe are used during the housing and planning process. This includes National grid substation sites.""}",
6f7879cd-0a70-4ee8-a353-96abc9abce1e,ebe2c55e-d790-4ca5-a764-35624c66e632,what-is-the-driver,2024-07-02 14:11:24.14289,,,"{""choice"": ""Other""}",
a063d56b-394a-4f71-9ccd-b722c54757b0,b587e9b5-18b9-4a54-baea-f5303429e6ad,who-asked-for-it,2024-07-02 14:12:59.340702,,,"{""text"": ""The Geospatial Commission has published a list of 65 open datasets that they believe are used during the housing and planning process. This includes National grid overhead lines.""}",
dc0752c8-5bed-4e07-ae4f-a6ae89b5ceea,b587e9b5-18b9-4a54-baea-f5303429e6ad,what-is-the-driver,2024-07-02 14:13:01.264582,,,"{""choice"": ""Other""}",
00a146af-2a4c-4c32-bfa2-8e79e56507fa,3ccfca0f-c556-4435-b3f6-a334304dbefa,risks,2024-06-28 08:14:28.408786,2024-07-02 14:13:43.403688,,"{""text"": ""N/A""}",
fe85dc68-67ff-4a14-9d2f-30d89be9d1b9,6a5351d2-5a62-4358-8419-51306b978120,who-asked-for-it,2024-07-02 14:14:12.02464,,,"{""text"": ""The Geospatial Commission has published a list of 65 open datasets that they believe are used during the housing and planning process. This includes National grid cables.""}",
b4bd9fdb-0eb4-4294-b688-9119f7d264b7,4fb5070c-6968-472a-b638-3bc18d5ce11d,who-asked-for-it,2024-07-02 14:17:37.09859,,,"{""text"": ""The Geospatial Commission has published a list of 65 open datasets that they believe are used during the housing and planning process. This includes Parliamentary constituencies.""}",
5c68c6cc-8d9a-4827-aa17-8b8d31333c99,4fb5070c-6968-472a-b638-3bc18d5ce11d,what-is-the-driver,2024-07-02 14:17:40.641747,,,"{""choice"": ""Other""}",
34fa7439-fe8a-47e4-8eab-bcbbe9cad9c6,4fb5070c-6968-472a-b638-3bc18d5ce11d,what-is-the-planning-consideration,2024-07-02 14:21:14.312038,,,"{""text"": ""[UK Parliament](https://www.parliament.uk/site-information/glossary/constituencies/)\r\n\r\n\""A constituency is the specific geographical area that is represented by each MP in the House of Commons.\r\n\r\nPeople who live in an MP's constituency are known as their constituents.\""""}",
c293e7d1-2ef7-40ec-a3da-1b97d14310a0,4fb5070c-6968-472a-b638-3bc18d5ce11d,is-there-legislation,2024-07-02 14:24:28.688845,,,"{""choice"": ""Yes""}",
c9a5f2f7-4a39-41ae-aa0b-a80bb984a1fc,603f9f05-a061-4aac-9794-b8fcd5ea06c0,is-it-a-trigger,2024-07-02 15:23:05.127388,,,"{""choice"": ""Yes""}",
9923986e-1324-41ed-8b94-52d20497cf51,4fb5070c-6968-472a-b638-3bc18d5ce11d,what-is-the-legislation-that-defines,2024-07-02 14:25:06.866018,2024-07-02 14:25:22.38337,,"{""text"": ""[Parliamentary Constituencies Act 1986](https://www.legislation.gov.uk/ukpga/1986/56/enacted) - \r\n\r\n(1)There shall for the purpose of parliamentary elections be the county and borough constituencies (or in Scotland the county and burgh constituencies), each returning a single member, which are described in Orders in Council made under this Act.\r\n\r\n(2)In this Act and, except where the context otherwise requires, in any Act passed after the [1948 c. 65.] Representation of the People Act 1948, \"" constituency \"" means an area having separate representation in the House of Commons.""}",
5c52fae5-634e-4dff-8266-1957add7c38b,4fb5070c-6968-472a-b638-3bc18d5ce11d,what-is-the-legislation-that-defines-designation,2024-07-02 14:30:00.292763,,,"{""text"": ""[Parliamentary Constituencies Act 1986 - Section 2 \""The Boundary Commissions\"" and Section 3 \""Reports of the Commissions\""](https://www.legislation.gov.uk/ukpga/1986/56/enacted)""}",
015ead12-0077-4409-8f9c-1ed4411f374b,4fb5070c-6968-472a-b638-3bc18d5ce11d,what-is-the-legislation-for-publication,2024-07-02 14:31:38.48193,,,"{""text"": ""[Parliamentary Constituencies Act 1986 - Section 5 \""Notices\""](https://www.legislation.gov.uk/ukpga/1986/56/section/5/enacted)""}",
1338efa6-1e1c-4424-babd-ab2d7e97425f,4fb5070c-6968-472a-b638-3bc18d5ce11d,who-in-law-is-responsible-for-it,2024-07-02 14:37:23.197086,,,"{""text"": ""- [Boundary Commission for England](https://boundarycommissionforengland.independent.gov.uk/)\r\n- [SoS for DLUHC](https://boundarycommissionforengland.independent.gov.uk/about-us/)""}",
299b4a1f-1b6a-4b01-84d4-0205aefe8fbb,c8dd083f-978f-49f1-a7d1-08a11d012c84,what-is-the-legislation-for-publication,2025-01-21 16:31:14.705443,,,"{""text"": ""[Regulation 121A, paragraph (3)](https://www.legislation.gov.uk/uksi/2010/948/regulation/121A) - \""A contribution receiving authority must publish each annual infrastructure funding statement on its website.\""""}",
70d1a3f6-ea47-45f0-8487-86e0e4bd57f1,4fb5070c-6968-472a-b638-3bc18d5ce11d,is-it-a-trigger,2024-07-02 14:52:58.93655,,,"{""choice"": ""No""}",
a0517d39-b9f1-4e69-9857-499c14aace1a,4fb5070c-6968-472a-b638-3bc18d5ce11d,existing-data,2024-07-02 14:53:03.907373,,,"{""choice"": ""Yes""}",
ed2ce5b8-4a2f-4ca9-a7cc-c6c3fb959f99,4fb5070c-6968-472a-b638-3bc18d5ce11d,single-source,2024-07-02 14:59:56.307359,,,"{""text"": ""Yes""}",
bfcbd2c5-623e-41c4-95b1-0c67232d31a7,4fb5070c-6968-472a-b638-3bc18d5ce11d,is-a-data-standard-required,2024-07-02 14:59:59.907728,,,"{""choice"": ""No""}",
4cb297f3-453b-42f5-b255-abae4e68cd6e,4fb5070c-6968-472a-b638-3bc18d5ce11d,additional-users,2024-07-02 15:13:14.004607,,,"{""text"": ""N/A""}",
3857ab30-6f79-47a6-995e-b0732c9a895f,4fb5070c-6968-472a-b638-3bc18d5ce11d,value-to-platform,2024-07-02 15:13:21.258496,,,"{""text"": ""N/A""}",
52367150-37f7-4747-94ef-e656dc46f72a,4fb5070c-6968-472a-b638-3bc18d5ce11d,risks,2024-07-02 15:14:07.392265,,,"{""text"": ""N/A""}",
dae3f2a8-2273-40d2-893b-52089dfc5df3,603f9f05-a061-4aac-9794-b8fcd5ea06c0,who-asked-for-it,2024-07-02 15:18:53.545231,,,"{""text"": ""The Geospatial Commission has published a list of 65 open datasets that they believe are used during the housing and planning process. This includes Open roads.""}",
22ef354a-b88f-472d-aadf-c7fabfee11bb,603f9f05-a061-4aac-9794-b8fcd5ea06c0,what-is-the-driver,2024-07-02 15:18:57.279314,,,"{""choice"": ""Other""}",
08bfa4ca-6525-450c-96c6-601ba5d0bc05,603f9f05-a061-4aac-9794-b8fcd5ea06c0,which-focus-area-does-it-support,2024-07-02 15:19:00.691491,,,"{""choice"": ""Modern planning software;Faster local plans""}",
b9b3604c-7280-48fa-9352-fd9776afe942,603f9f05-a061-4aac-9794-b8fcd5ea06c0,is-there-legislation,2024-07-02 15:21:39.711477,,,"{""choice"": ""No""}",
40f09fe2-41cb-4310-a5a0-4a0ad7e35b08,603f9f05-a061-4aac-9794-b8fcd5ea06c0,who-in-law-is-responsible-for-it,2024-07-02 15:22:03.259931,,,"{""text"": ""N/A""}",
321e8272-37c4-4a9c-84cf-4007a685efc6,603f9f05-a061-4aac-9794-b8fcd5ea06c0,what-is-triggered,2024-07-02 15:24:54.626627,2024-07-02 15:25:48.342957,,"{""text"": ""A noise impact assessment may need to be completed - this will measure both existing and predicted noise levels of a proposed development.""}",
f9af95b1-f910-4f45-a18e-53349d1ccdb7,35dcd0cb-a4ad-4972-81d5-34c4e86b9313,who-asked-for-it,2024-07-02 15:41:19.351023,,,"{""text"": ""The Geospatial Commission has published a list of 65 open datasets that they believe are used during the housing and planning process. This includes Nature Improvement Areas.""}",
3e585551-d01e-4c6b-bcae-c7b9d174a7fa,35dcd0cb-a4ad-4972-81d5-34c4e86b9313,what-is-the-driver,2024-07-02 15:41:21.652244,,,"{""choice"": ""Other""}",
a2d35b6a-a4e5-4191-bf42-6ba2c2a771f4,35dcd0cb-a4ad-4972-81d5-34c4e86b9313,which-focus-area-does-it-support,2024-07-02 15:41:24.367018,,,"{""choice"": ""Modern planning software;Faster local plans""}",
1450ff7f-319f-406e-8e68-7cc014e5e63f,35dcd0cb-a4ad-4972-81d5-34c4e86b9313,what-is-the-planning-consideration,2024-07-02 15:43:47.132558,,,"{""text"": ""Nature Improvement Areas (NIAs) are \""areas of the country where partnerships have been set up to enhance the natural environment. NIAs embody an integrated, holistic approach that was signalled in the Natural Environment White Paper and England Biodiversity Strategy, joining up objectives for biodiversity, water, soils, farming and the low-carbon economy to improve the functioning of ecosystems and their services.\""""}",
29df7e0e-2d54-4574-85bb-19f737813c8d,8ac76668-bc27-47f6-9702-6838ee66625c,what-is-the-planning-consideration,2024-07-03 10:40:49.418419,2024-07-03 10:41:12.029677,,"{""text"": ""Tip means an accumulation or deposit of any refuse from a mine (whether in a solid or liquid state or in solution or suspension) other than an accumulation or deposit situated underground and includes, but is not limited to:\r\n\r\n- overburden dumps, backfill, spoil heaps, stock piles and lagoons\r\n- any wall or other structure that retains or confines a tip\r\n\r\nThe specification and supervision of maintenance and remedial works on our disused tip sites, including regular inspections, is carried out by Coal Authority staff, supported by specialist consultants when required.\r\n\r\nThe Coal Authority has determined that tips which they own, although classified as disused tips, shall be inspected and managed to a standard not less than that required under legislation for closed tips by regulations 17 (1) and (2) and regulation 18 of the Mines and Quarries (Tips) Regulations 1971.\r\n\r\n[Link to webpage](https://www.gov.uk/government/publications/disused-colliery-tips-owned-and-inspected-by-the-coal-authority)""}",
e54f9edb-8486-45f2-9af8-f89929769e58,8ac76668-bc27-47f6-9702-6838ee66625c,is-there-legislation,2024-07-03 10:47:09.029373,2024-07-03 10:47:19.941123,,"{""choice"": ""No""}",
58051d5e-3011-4caf-9e68-f42918be4639,8ac76668-bc27-47f6-9702-6838ee66625c,who-in-law-is-responsible-for-it,2024-07-03 10:56:05.260266,,,"{""text"": ""A lot of legislation is available through [this webpage](https://www.gov.uk/government/publications/disused-colliery-tips-owned-and-inspected-by-the-coal-authority), but none of it specifically defines Coal authority managed tips, how they are designated, or whether there is a legal requirement to publish the data. The legislation within mostly contains regulations around tips.\r\n\r\nWe think that the Coal authority are responsible for making decisions.""}",
62177e7b-460b-4496-b2ef-c89d9b8782df,8ac76668-bc27-47f6-9702-6838ee66625c,existing-data,2024-07-03 10:56:37.589064,,,"{""choice"": ""Yes""}",
22074106-d146-42b9-880b-2b936175a604,8ac76668-bc27-47f6-9702-6838ee66625c,existing-data-examples,2024-07-03 10:58:04.525028,,,,"[{""url"": ""https://www.gov.uk/guidance/using-coal-mining-information#Available-Coal-Authority-data"", ""name"": ""Coal Authority Managed Tips"", ""fields"": ""Unknown"", ""licence"": ""OGL v3"", ""coverage"": ""National"", ""position"": 0, ""publisher"": ""The Coal Authority"", ""csrf_token"": ""IjY2MzhhMjRlNTA5OTBjZDY1MThlZjdiMDI5YzBkMzVjZGRjMDlhMmQi.ZoUuaA.SLFRLMc5NDSiQsKGII156-51dkY"", ""attribution"": ""Unknown"", ""metadata_url"": """"}]"
edf805d8-2191-4db6-a7df-6ba121eb1d5a,8ac76668-bc27-47f6-9702-6838ee66625c,single-source,2024-07-03 10:58:16.867083,,,"{""text"": ""Yes - The Coal Authority""}",
1ea189ff-8328-4f48-8f8d-ca7d3e7f3dc8,8ac76668-bc27-47f6-9702-6838ee66625c,is-a-data-standard-required,2024-07-03 10:58:18.635848,,,"{""choice"": ""No""}",
bfbb663a-fb31-4ee8-b7de-a1fbcb112a71,9a26b3ea-d3ad-4487-ba07-4ec3c276b31f,is-consulted,2024-07-24 11:10:48.271353,,,"{""text"": ""Local planning authorities will need to plan for strategic areas for regeneration within their Local Plans, ensuring they are enabling suitable development within these areas.""}",
ddabf2a2-2aa9-4406-a3bf-bbba3bb21c27,4fb5070c-6968-472a-b638-3bc18d5ce11d,existing-data-examples,2024-07-02 14:56:45.878289,2024-07-02 15:58:52.199605,,,"[{""url"": ""https://boundarycommissionforengland.independent.gov.uk/2023-review/"", ""name"": ""2023 Review of Parliamentary constituencies in England"", ""fields"": ""name;description;fid;ID;Electorate;Region;Area km2;Density;Sub region"", ""licence"": ""Restrictive Licence - Geospatial data © Crown copyright and database rights 2023 AC0000805545. You are permitted to use this data solely to enable you to respond to, or interact with, the organisation that provided you with the data. You are not permitted to copy, sub-licence, distribute or sell any of this data to third parties in any form. Third party rights to enforce the terms of this licence shall be reserved to OS."", ""coverage"": ""National"", ""position"": ""0"", ""publisher"": ""Boundary Commission for England (BCE)"", ""csrf_token"": ""IjI3YTdlNDAwODU5NDQ4NjU2OWY5ZjljODZiMmZhZjJlYThmZTViMWEi.ZoQjmQ.mm1_8tuhDC9fOnjONMvdyV37Nvo"", ""attribution"": ""N/A"", ""metadata_url"": """"}, {""url"": ""https://geoportal.statistics.gov.uk/datasets/ons::westminster-parliamentary-constituencies-july-2024-boundaries-uk-bgc-2/about"", ""name"": ""Westminster Parliamentary Constituencies (July 2024) Boundaries UK BGC"", ""fields"": ""PCON24CD;PCON24NM;PCON24NMW;BNG_E;BNG_N;LAT;LONG;Shape_Area;Shape_Length"", ""licence"": ""OGL"", ""coverage"": ""National"", ""position"": 1, ""publisher"": ""Office for National Statistics (ONS)"", ""csrf_token"": ""IjY2MzhhMjRlNTA5OTBjZDY1MThlZjdiMDI5YzBkMzVjZGRjMDlhMmQi.ZoQVNw.lpnk76Ka3BjHGl_waRIEuN1Js_g"", ""attribution"": ""- Source: Office for National Statistics licensed under the Open Government Licence v.3.0\r\n- Contains OS data © Crown copyright and database right [year]\r\n- Source: Office for National Statistics licensed under the Open Government Licence v.3.0"", ""metadata_url"": """"}]"
b5c470e1-9bf5-491c-b81a-8cde0683ca86,35dcd0cb-a4ad-4972-81d5-34c4e86b9313,is-there-legislation,2024-07-02 16:23:31.692004,,,"{""choice"": ""No""}",
1f69468f-04de-4f04-8e74-51b13afa99e5,35dcd0cb-a4ad-4972-81d5-34c4e86b9313,who-in-law-is-responsible-for-it,2024-07-02 16:36:33.286198,,,"{""text"": ""No legislation was found but there are [white papers](https://www.gov.uk/government/publications/natural-environment-white-paper-implementation-updates) on the subject of nature improvement areas.\r\n\r\nThese white papers are published by DEFRA, and a national dataset can be found from Natural England.""}",
b65baf68-77d7-4c77-ac28-8bef529e48aa,c8dd083f-978f-49f1-a7d1-08a11d012c84,existing-data,2025-01-21 16:34:47.027214,,,"{""choice"": ""Yes""}",
475d9d73-8f97-4c9a-beb4-75ec6c718d3d,35dcd0cb-a4ad-4972-81d5-34c4e86b9313,is-it-a-trigger,2024-07-02 16:37:08.976276,,,"{""choice"": ""No""}",
4f357685-34f0-4807-a195-92d322554869,35dcd0cb-a4ad-4972-81d5-34c4e86b9313,is-it-consulted,2024-07-02 16:37:58.636727,,,"{""choice"": ""Yes""}",
6765d901-6cd0-49ec-82c6-799eb48349cc,35dcd0cb-a4ad-4972-81d5-34c4e86b9313,existing-data,2024-07-02 16:38:16.548833,,,"{""choice"": ""Yes""}",
6ea86e5b-3a86-47a2-9b70-797a72c2c3a6,6d1b245a-40e2-4eb7-b1d5-1304fcdad496,is-it-consulted,2025-02-06 15:29:47.297922,,,"{""choice"": ""No""}",
8e111d41-820d-4193-af39-60247d759d2e,35dcd0cb-a4ad-4972-81d5-34c4e86b9313,existing-data-examples,2024-07-02 16:42:15.868223,2024-07-02 16:43:19.64651,,,"[{""url"": ""https://naturalengland-defra.opendata.arcgis.com/datasets/Defra::nature-improvement-areas-england/about"", ""name"": ""Nature Improvement Areas (England)"", ""fields"": ""OBJECTID;NIA_NAME;HECTARES;GlobalID"", ""licence"": ""OGL v3"", ""coverage"": ""National"", ""position"": ""0"", ""publisher"": ""Natural England"", ""csrf_token"": ""IjY2MzhhMjRlNTA5OTBjZDY1MThlZjdiMDI5YzBkMzVjZGRjMDlhMmQi.ZoQuCA.IuqdqJNZswmkQR7Izc_qMqw4sr8"", ""attribution"": ""\""© Natural England copyright. Contains Ordnance Survey data © Crown copyright and database right [year].\"" - found through data.gov [portal](https://www.data.gov.uk/dataset/a19c95e3-9657-457d-825e-3d2f3993b653/nature-improvement-areas) to the same data."", ""metadata_url"": ""https://www.data.gov.uk/dataset/a19c95e3-9657-457d-825e-3d2f3993b653/nature-improvement-areas""}]"
2c12b3fd-3e73-48e4-a1c2-8dc1f3336f75,35dcd0cb-a4ad-4972-81d5-34c4e86b9313,single-source,2024-07-02 16:43:29.927831,,,"{""text"": ""Yes - Natural England""}",
4e48ff37-d633-4d78-a262-390d86a22199,35dcd0cb-a4ad-4972-81d5-34c4e86b9313,is-a-data-standard-required,2024-07-02 16:43:33.159528,,,"{""choice"": ""No""}",
4fb01d99-8a0a-429c-a9d1-d9be974cab7f,f0b7c670-b91a-499a-8d1c-01580f95b01b,who-asked-for-it,2024-07-03 09:54:13.820966,,,"{""text"": ""The Geospatial Commission has published a list of 65 open datasets that they believe are used during the housing and planning process. This includes National Forest Inventory data.""}",
ec732ce5-8d94-47b5-9968-c4e018b2ff8f,f0b7c670-b91a-499a-8d1c-01580f95b01b,what-is-the-driver,2024-07-03 09:54:16.065925,,,"{""choice"": ""Other""}",
043c8cdc-cc23-4470-b1b3-95910093dc1f,f0b7c670-b91a-499a-8d1c-01580f95b01b,which-focus-area-does-it-support,2024-07-03 09:54:18.531391,,,"{""choice"": ""Modern planning software;Faster local plans""}",
4b42abb9-f64a-45d6-b657-362269e34abd,f0b7c670-b91a-499a-8d1c-01580f95b01b,what-is-the-planning-consideration,2024-07-03 10:02:00.293949,,,"{""text"": ""\""The National Forest Inventory (NFI) programme monitors woodland and trees within Great Britain. It includes the most in depth survey carried out on Britain’s woodland and trees to date. The NFI provides an extensive and unique record of key information about our forests and woodlands.\"" - [Forest Research](https://www.forestresearch.gov.uk/tools-and-resources/national-forest-inventory/)""}",
4b67882c-b8fa-4349-98d4-2c691c54be4e,f0b7c670-b91a-499a-8d1c-01580f95b01b,is-there-legislation,2024-07-03 10:08:34.373195,,,"{""choice"": ""No""}",
4bc56a38-be50-4ade-bca8-3fb04986b8d6,f0b7c670-b91a-499a-8d1c-01580f95b01b,who-in-law-is-responsible-for-it,2024-07-03 10:11:47.743151,,,"{""text"": ""With there being no legislation on the exact consideration, the body in charge of the National Forest Inventory appears to be [Forest Research, the research agency for the Forestry Commission.](https://www.forestresearch.gov.uk/about-us/who-we-are/)""}",
482b3b7e-fa69-48b4-a37b-e117023cb363,f0b7c670-b91a-499a-8d1c-01580f95b01b,existing-data,2024-07-03 10:15:03.789693,,,"{""choice"": ""Yes""}",
b8e0f208-1ef6-4ca6-afdc-8b3b3b417127,f0b7c670-b91a-499a-8d1c-01580f95b01b,existing-data-examples,2024-07-03 10:18:07.489412,,,,"[{""url"": ""https://data-forestry.opendata.arcgis.com/datasets/83ff06ae0fd34452af9efaddd9d221e8_0/about"", ""name"": ""National Forest Inventory England 2022 (although this was updated in April 2024)"", ""fields"": ""CATEGORY;IFT_IOA;COUNTRY;Area_ha;Shape_Area;Shape_Length"", ""licence"": ""OGL"", ""coverage"": ""National"", ""position"": 0, ""publisher"": ""Forestry Commission"", ""csrf_token"": ""IjY2MzhhMjRlNTA5OTBjZDY1MThlZjdiMDI5YzBkMzVjZGRjMDlhMmQi.ZoUkqQ.UAiM9bJf5lFKoTMo-QyO5_m-J0o"", ""attribution"": ""\""Contains, or is based on, information supplied by the Forestry Commission. © Crown copyright and database right 2022 Ordnance Survey [AC0000814847]\""."", ""metadata_url"": """"}]"
4f78ccb8-ca88-4f94-ae0e-647800892ca3,f0b7c670-b91a-499a-8d1c-01580f95b01b,single-source,2024-07-03 10:18:20.347961,,,"{""text"": ""Yes - Forestry Commission""}",
b4c9e25e-25e3-4746-86d2-d6e81d722577,f0b7c670-b91a-499a-8d1c-01580f95b01b,is-a-data-standard-required,2024-07-03 10:18:24.741074,,,"{""choice"": ""No""}",
a788de0f-c44a-41bf-a844-ffe8d5289c0e,e4e02faf-ad80-4373-b344-6c93be1c36b0,who-asked-for-it,2024-07-03 10:26:23.252947,,,"{""text"": ""The Geospatial Commission has published a list of 65 open datasets that they believe are used during the housing and planning process. This includes Mining and ground stability data.""}",
8aa1f0af-1675-460c-b4d7-7389ad8f0e21,e4e02faf-ad80-4373-b344-6c93be1c36b0,what-is-the-driver,2024-07-03 10:26:25.09443,,,"{""choice"": ""Other""}",
18e0dc12-74e4-445c-9bef-af7b9ee95107,e4e02faf-ad80-4373-b344-6c93be1c36b0,which-focus-area-does-it-support,2024-07-03 10:26:36.488438,,,"{""choice"": ""Modern planning software""}",
211d0604-a2f1-4787-824a-caa0a9d79d09,8ac76668-bc27-47f6-9702-6838ee66625c,who-asked-for-it,2024-07-03 10:35:31.960058,,,"{""text"": ""The Geospatial Commission has published a list of 65 open datasets that they believe are used during the housing and planning process. This includes Coal authority managed tips data.""}",
377c3cc0-2f28-4fbe-9dbc-5b30ec5ffb6d,8ac76668-bc27-47f6-9702-6838ee66625c,what-is-the-driver,2024-07-03 10:35:35.668844,,,"{""choice"": ""Other""}",
0d5236f0-f504-4f28-969e-cef582428be6,8ac76668-bc27-47f6-9702-6838ee66625c,which-focus-area-does-it-support,2024-07-03 10:35:47.487745,,,"{""choice"": ""Faster local plans""}",
7a6857c7-3bb8-440d-b8d8-af58a7c735c8,0ee51c1b-cc3f-44c5-9409-2d31b2e1b517,lifecycle,2025-02-09 18:33:16.809703,,,"{""choice"": ""Yes""}",
5704e7ea-b85e-4ffe-add7-d69d53fad66f,35dcd0cb-a4ad-4972-81d5-34c4e86b9313,is-consulted,2024-07-03 14:58:54.172732,,,"{""text"": ""For relevant local planning authorities, understanding where nature improvements areas are will be important to ensure that growth strategies align with the purpose of this designation. This is similarly the case when making planning decisions through development management, ensuring that any development aligns with the requirements of the designation.""}",
6475728a-85dd-4760-9ee0-94681f685aa0,9ea82299-82a8-494c-a2b6-3a89847d7ca0,single-source,2024-06-20 13:31:24.844,2024-07-04 06:54:25.76847,,"{""text"": ""Yes\r\n\r\nDfT are the authoritative source""}",
d7817795-5dbb-4ecf-bfba-9e95856781d7,4fb5070c-6968-472a-b638-3bc18d5ce11d,user-and-data-needs,2024-07-04 16:39:37.046986,,,"{""text"": ""There is no direct planning need for this dataset, however due to the highly political nature of local decision-making in planning, there may be value in presenting this on the platform.""}",
3298cc32-a81c-4ac9-add7-ba4dc02621fd,496c1080-ba46-4ffb-970d-3e2939f9313e,existing-data,2024-07-05 12:05:42.025655,,,"{""choice"": ""Yes""}",
491cda8e-1a10-4906-bac1-b227baef73b7,bf0d2b47-e316-4636-8938-42d56495054e,primary-users,2024-07-08 13:28:32.706132,,,"{""text"": ""The guidance on preparing your strategic flood risk assessment lists some [potential users of strategic flood risk assessments](https://www.gov.uk/guidance/local-planning-authorities-strategic-flood-risk-assessment#how-others-will-use-your-sfra).""}",
b95b4330-6da4-4f83-8c79-1449ad578689,496c1080-ba46-4ffb-970d-3e2939f9313e,what-is-the-driver,2024-07-09 07:33:32.510077,,,"{""choice"": ""Existing planning requirement""}",
91be44a5-1c12-48b0-b52a-dfb81653a28b,496c1080-ba46-4ffb-970d-3e2939f9313e,which-focus-area-does-it-support,2024-07-09 07:33:39.427863,,,"{""choice"": ""Faster local plans""}",
9e7840ba-da2e-4499-b9e9-e115b988945a,496c1080-ba46-4ffb-970d-3e2939f9313e,what-is-the-planning-consideration,2024-07-09 07:36:58.106876,,,"{""text"": ""This dataset includes schools, number of pupils, number of boys, number of girls, number of pupils eligible for free school meals and percentage of children eligible for free school meals.""}",
f2ae06e9-8aba-485e-9c5e-ddae80c9da06,496c1080-ba46-4ffb-970d-3e2939f9313e,is-there-legislation,2024-07-09 07:37:46.724335,,,"{""choice"": ""Yes""}",
180f79f3-f777-42dd-b152-b1bae1d9b917,496c1080-ba46-4ffb-970d-3e2939f9313e,what-is-the-legislation-that-defines,2024-07-09 07:38:05.098476,,,"{""text"": ""Education Act 1944""}",
1a3b33bd-cbef-417f-8f32-9e97940de7ed,e4e02faf-ad80-4373-b344-6c93be1c36b0,is-there-legislation,2024-07-10 07:29:19.175986,,,"{""choice"": ""Yes""}",
4a9d22ab-cfca-4011-9c0a-fbfdbc23fa5c,496c1080-ba46-4ffb-970d-3e2939f9313e,existing-data-examples,2024-07-05 12:06:25.304957,2024-07-09 08:08:35.939908,,,"[{""url"": ""https://get-information-schools.service.gov.uk/Downloads"", ""name"": ""All establishment data"", ""fields"": """", ""licence"": ""OGL3"", ""coverage"": ""UK"", ""position"": ""0"", ""publisher"": ""Department for Education"", ""csrf_token"": ""IjEyNzkzMGNkMzM0NDZkNjc3ZmRmMWEwYTNkZjc0MDdjMTgzNzA1ZDEi.Zozv8w.u5pRMMgvSy4JaQor9s7KwcmzTb8"", ""attribution"": """", ""metadata_url"": """"}]"
1bb2c6cf-9c0c-4f96-84a1-4ee26088bee7,496c1080-ba46-4ffb-970d-3e2939f9313e,single-source,2024-07-09 08:09:33.595845,,,"{""text"": ""Yes. The department for Education make this data available through the [Get Information about Schools service](https://get-information-schools.service.gov.uk/)""}",
10f6d066-9786-4451-8184-ea18016ab296,496c1080-ba46-4ffb-970d-3e2939f9313e,is-a-data-standard-required,2024-07-09 08:09:47.44519,,,"{""choice"": ""No""}",
39185c06-291b-4ea5-a1f1-ee023b6e7be9,496c1080-ba46-4ffb-970d-3e2939f9313e,use-cases,2024-07-09 08:16:52.273666,,,"{""text"": ""There are policies that exist that require people to know where educational establishments (or schools) are.\r\n\r\nFor example, since 2017, [London has a policy prohibiting open fast food shops within 400 metres of a school](https://www.london.gov.uk/press-releases/mayoral/mayor-cracks-down-on-new-takeaways-near-schools).""}",
090313e0-427a-4e8c-9e12-290e387ee8a4,496c1080-ba46-4ffb-970d-3e2939f9313e,who-in-law-is-responsible-for-it,2024-07-10 07:17:10.986423,,,"{""text"": ""There is no legislation around publishing educational establishments, but the accountability of them lies with the Department for Education, and the education authority (often county councils).""}",
ce13ff30-db86-4cfe-9519-2260b1d0faf0,496c1080-ba46-4ffb-970d-3e2939f9313e,is-it-a-trigger,2024-07-10 07:18:49.649805,,,"{""choice"": ""No""}",
df061067-2441-45ae-9b18-94c9251dbca1,496c1080-ba46-4ffb-970d-3e2939f9313e,is-it-consulted,2024-07-10 07:18:54.989837,,,"{""choice"": ""Yes""}",
194873eb-7787-45ec-8edc-5189dda72ae7,496c1080-ba46-4ffb-970d-3e2939f9313e,is-consulted,2024-07-10 07:20:50.934501,,,"{""text"": ""The presence, distance, and capacity of existing schools are something to be consulted as part of plan-making, during the assessment of sites prior to site allocation, as well as when assessing existing infrastructure capacity when planning for growth. Understanding existing school capacity also allows for education authorities to plan for the need for expansion of existing schools, and the delivery of new schools.""}",
d346c6bd-a747-4f1e-90d8-50c2de2e1e00,496c1080-ba46-4ffb-970d-3e2939f9313e,lifecycle,2024-07-10 07:20:58.56733,,,"{""choice"": ""No""}",
70a1fa28-dd58-4b10-a355-5ef9993d95b7,496c1080-ba46-4ffb-970d-3e2939f9313e,how-is-data-created,2024-07-10 07:21:11.714213,,,"{""text"": ""N/A""}",
48b0bd50-0cdb-4dc8-b2d9-4532af3d7464,496c1080-ba46-4ffb-970d-3e2939f9313e,where-is-data-used,2024-07-10 07:21:13.432441,,,"{""text"": ""N/A""}",
e5c70a60-d7b2-4308-afa1-873e885c6502,efd79d47-1b46-4de9-9004-12ba59e03794,who-asked-for-it,2025-03-17 09:00:16.9859,,,"{""text"": ""Claire, planning policy SME""}",
9bd818f2-ccd0-4e73-b831-95479a10e29f,496c1080-ba46-4ffb-970d-3e2939f9313e,primary-users,2024-07-10 07:21:20.108003,,,"{""text"": ""N/A""}",
08164ccc-2899-4070-806a-85749ab57ef0,496c1080-ba46-4ffb-970d-3e2939f9313e,user-and-data-needs,2024-07-10 07:21:52.132682,,,"{""text"": ""The presence, distance, and capacity of existing schools are something to be consulted as part of plan-making, during the assessment of sites prior to site allocation, as well as when assessing existing infrastructure capacity when planning for growth. Understanding existing school capacity also allows for education authorities to plan for the need for expansion of existing schools, and the delivery of new schools.""}",
fcafed3c-aa2c-42ef-a730-a792981aa3d8,496c1080-ba46-4ffb-970d-3e2939f9313e,additional-users,2024-07-10 07:21:59.89861,,,"{""text"": ""N/A""}",
d2b987e3-43aa-47b4-9225-c96e9c2da9d3,efd79d47-1b46-4de9-9004-12ba59e03794,what-is-the-driver,2025-03-17 09:00:24.70902,,,"{""choice"": ""National policy change""}",
de922916-7f5d-47b3-b126-7e263735d43c,e4e02faf-ad80-4373-b344-6c93be1c36b0,what-is-the-planning-consideration,2024-07-10 07:29:16.112234,,,"{""text"": ""This planning consideration identifies potential ground stability hazards from mining activities.""}",
bee2c485-632c-430d-8325-9eb565113771,e4e02faf-ad80-4373-b344-6c93be1c36b0,what-is-the-legislation-that-defines,2024-07-10 07:29:31.640099,,,"{""text"": ""The Mines Regulations 2014""}",
a7c5d482-ff8d-4b0d-8ce7-e738f2b8af7d,e4e02faf-ad80-4373-b344-6c93be1c36b0,what-is-the-legislation-that-defines-designation,2024-07-10 07:34:27.299395,,,"{""text"": ""Part 3, Section 32""}",
42a2f877-0278-4918-8ffa-7b3cf397e190,e4e02faf-ad80-4373-b344-6c93be1c36b0,what-is-the-legislation-for-publication,2024-07-10 07:34:51.030611,,,"{""text"": ""Part 3, Section 32""}",
f8c11d1a-184b-4dc6-a3e7-3b5a68a6ee69,e4e02faf-ad80-4373-b344-6c93be1c36b0,is-it-a-trigger,2024-07-10 07:53:37.519658,,,"{""choice"": ""Yes""}",
53aa5116-6cf1-4ae9-9481-d90721d4b664,e4e02faf-ad80-4373-b344-6c93be1c36b0,what-is-triggered,2024-07-10 07:54:27.470881,,,"{""text"": ""A mining and land stability assessment, a coal mining risk assessment""}",
fc365386-9363-42fd-ad66-420ff7c7f2c2,e4e02faf-ad80-4373-b344-6c93be1c36b0,is-it-consulted,2024-07-10 07:54:30.994428,,,"{""choice"": ""Yes""}",
9a198fa8-de2a-4abc-9a77-0b769d4daf22,e4e02faf-ad80-4373-b344-6c93be1c36b0,is-consulted,2024-07-10 07:56:37.929607,,,"{""text"": ""Mining and ground stability is important to know during the plan-making stages, and is likely to be captured during site assessments through the site allocation process, to ensure that sites aren't allocated on unsuitable land.""}",
bd02b31e-a817-4f32-a896-27846a27b258,e4e02faf-ad80-4373-b344-6c93be1c36b0,existing-data,2024-07-10 07:56:41.131121,,,"{""choice"": ""Yes""}",
fa0b9200-2c38-4573-b859-8223913d45f4,496c1080-ba46-4ffb-970d-3e2939f9313e,value-to-platform,2024-07-10 07:22:09.305238,2024-07-10 12:00:13.596749,,"{""text"": ""See planning need and use cases""}",
ac537e5b-165e-4862-9e08-499f9f6c06f7,496c1080-ba46-4ffb-970d-3e2939f9313e,related-planning-considerations,2024-07-10 07:21:15.085247,2024-07-23 12:08:28.221448,,"{""text"": "" ""}",
70b51442-5db7-4b87-9e31-657efccc17c3,496c1080-ba46-4ffb-970d-3e2939f9313e,publishing-organisations,2024-07-10 07:18:39.568915,2024-09-03 14:40:39.524314,,"{""choice"": ""Department for Education""}",
823faddf-2d03-4c3f-8e30-09989043ae69,e4e02faf-ad80-4373-b344-6c93be1c36b0,existing-data-examples,2024-07-10 07:57:08.546966,,,,"[{""url"": ""https://www.gov.uk/guidance/using-coal-mining-information"", ""name"": ""Free of charge coal mining information"", ""fields"": """", ""licence"": """", ""coverage"": """", ""position"": ""0"", ""publisher"": ""The Coal Authority"", ""csrf_token"": ""ImFlMGVkOGRkMzQ0ZjVmZTc0NThhYTZhMzMwYWRlMzNmMWJhNWZlY2Qi.Zo4-uQ.vZRzEmi5dmj9wnKr0cHpISiLFzA"", ""attribution"": """", ""metadata_url"": """"}]"
c19f514a-05c1-476b-95ba-a096f93a7646,e4e02faf-ad80-4373-b344-6c93be1c36b0,single-source,2024-07-10 07:57:48.496869,,,"{""text"": ""Yes""}",
9323befe-6291-4c9b-8413-d3b85bcce33f,496c1080-ba46-4ffb-970d-3e2939f9313e,risks,2024-07-10 07:22:11.429526,2024-07-10 11:59:57.265565,,"{""text"": ""Not that we've identified so far""}",
7e3c0b52-b5cd-4cd6-b5be-d5ffd3f51892,496c1080-ba46-4ffb-970d-3e2939f9313e,statutory-consultees,2024-07-10 07:21:17.278812,2024-07-10 12:01:04.272661,,"{""text"": ""* Department for Education\r\n* Planning authorities""}",
8ab1c3b2-4252-4c50-b607-ad896075583d,222236f6-d708-4d78-8d51-8f0e5e03924b,is-there-legislation,2024-07-10 13:15:52.6199,,,"{""choice"": ""Yes""}",
f4cce154-f77f-46a1-b056-b5ad7807fdbf,222236f6-d708-4d78-8d51-8f0e5e03924b,what-is-the-legislation-that-defines,2024-07-10 13:16:11.409158,,,"{""text"": ""Local Area Requirements are referenced in the [NPPF, Paragraph 44](https://www.gov.uk/guidance/national-planning-policy-framework/4-decision-making)""}",
e7942056-a8ef-4d99-a6f0-c065183da3a9,222236f6-d708-4d78-8d51-8f0e5e03924b,lifecycle,2024-07-10 13:17:13.627597,,,"{""choice"": ""Yes""}",
18e1557d-8959-4dc9-91c8-58bf4db408ee,222236f6-d708-4d78-8d51-8f0e5e03924b,lifecycle-stages,2024-07-10 13:17:38.873236,,,,"[{""name"": ""Updating"", ""actors"": ""LPAs"", ""impact"": """", ""output"": ""An updated local area requirement document"", ""position"": 0, ""csrf_token"": ""IjEyNzkzMGNkMzM0NDZkNjc3ZmRmMWEwYTNkZjc0MDdjMTgzNzA1ZDEi.Zo6J2w.CeMHl-3_nnJMgt_tZbJ9q70f4hw"", ""description"": ""The local area requirements for each LPA should be reviewed every 2 years.\r\nAny associated data should be updated as and when required.\r\n""}]"
964f7e24-e9c5-4860-ba0a-fb93cd7b554d,222236f6-d708-4d78-8d51-8f0e5e03924b,additional-users,2024-07-10 13:19:13.434199,,,"{""text"": ""The data design team need to know where the latest local area requirements documents are in order to support our analysis of planning considerations\r\n\r\nService providers like PlanX need to find local area requirements so that they can codify any rules that might be included in them""}",
1e12a51b-145a-43ce-a824-79fe44a801ac,222236f6-d708-4d78-8d51-8f0e5e03924b,risks,2024-07-10 13:20:16.095516,,,"{""text"": ""So far the data design team have compiled this data. This might lead to the data being out of date.""}",
c74eb8ed-e2bc-4702-b3d1-701ecaf52f5c,222236f6-d708-4d78-8d51-8f0e5e03924b,user-and-data-needs,2024-07-10 13:21:29.468054,,,"{""text"": ""These documents help users to know what they need to do for a given application""}",
1306c8fb-84e9-4505-9ef0-b69c9bfd0294,6871d5e4-b330-4b07-8440-a75098350bbc,is-there-legislation,2024-07-16 09:46:59.691165,,,"{""choice"": ""Yes""}",
f0791ef2-1313-4531-8150-f9823ddbd0bb,f3a62905-f923-4c74-a101-6e8b810f197a,value-to-platform,2024-06-28 11:19:21.3151,2024-07-18 14:02:06.506942,,"{""text"": ""UPRNs are the authoritative identifier used to uniquely identify addressable locations in Great Britain.\r\n\r\nThis means they are used in lots of different datasets. Using them allows us to link more datasets together and know more about the property or addressable location in question\r\n\r\n""}",
a8bf8fdd-fa3e-497d-9632-d2911ad84b5a,6871d5e4-b330-4b07-8440-a75098350bbc,what-is-the-legislation-that-defines,2024-07-16 09:48:26.851872,2024-07-16 09:51:01.307729,,"{""text"": ""[Planning and Compulsory Purchase Act 2004 - Section 19](https://www.legislation.gov.uk/ukpga/2004/5/section/19) defines development plan documents\r\n\r\n[Planning and Compulsory Purchase Act 2004 - Section 38](https://www.legislation.gov.uk/ukpga/2004/5/section/38)""}",
2d3082cd-67b8-4341-837a-40bea94143e9,6871d5e4-b330-4b07-8440-a75098350bbc,what-is-the-legislation-for-publication,2024-07-16 09:54:18.07363,,,"{""text"": ""[The Town and Country Planning (Local Planning) (England) Regulations 2012 - section 19](https://www.legislation.gov.uk/uksi/2012/767/regulation/19) mandates publication of the documents\r\n\r\n\""make a copy of each of the proposed submission documents and a statement of the representations procedure available\""""}",
794a3bcd-3a0c-4df9-ad12-cb903648d1f6,6871d5e4-b330-4b07-8440-a75098350bbc,who-in-law-is-responsible-for-it,2024-07-16 09:56:00.439985,,,"{""text"": ""* Planning authorities produce local plans\r\n* Planning inspectorate examine local plans""}",
ede77663-edb8-4b48-be61-b804c889bdab,6871d5e4-b330-4b07-8440-a75098350bbc,is-it-consulted,2024-07-16 09:56:37.389342,,,"{""choice"": ""Yes""}",
e1e68a23-665b-41a2-81fa-ecbc4b4744b1,6871d5e4-b330-4b07-8440-a75098350bbc,is-consulted,2024-07-16 09:57:50.5152,,,"{""text"": ""Local plans will be referred to in other forms of plan making such as neighbourhood plans.\r\n\r\nAlso, the policies in the local plan will be used to inform decisions during the planning application process""}",
33508c8f-3db4-4c4c-a84a-982593f96e09,6871d5e4-b330-4b07-8440-a75098350bbc,single-source,2024-07-16 09:58:18.242449,,,"{""text"": ""No""}",
589a4198-abba-4807-b822-ec5ead87fee5,6871d5e4-b330-4b07-8440-a75098350bbc,is-a-data-standard-required,2024-07-16 09:58:23.834302,,,"{""choice"": ""Yes""}",
c33cec72-0fa5-4a58-9bba-004aacf503b9,6871d5e4-b330-4b07-8440-a75098350bbc,what-is-the-planning-consideration,2024-07-16 10:01:05.819156,,,"{""text"": ""Development plans are the development plan documents that each planning authority creates to cover their area.\r\n\r\nThe timetable is a data representation of the local development scheme (LDS) that sets out the steps and stages a plan will go through during the plan making process""}",
e286e57f-63dc-40d8-a411-e0238dc7cd92,db39f341-af14-4dde-a718-07827727ec30,existing-data,2024-07-18 13:35:42.909348,,,"{""choice"": ""Yes""}",
b557a954-3f48-43b4-9765-620f228dfabd,0de006ed-cc21-44b7-a8a6-823d18ffa259,is-there-legislation,2025-01-22 16:16:55.577038,,,"{""choice"": ""No""}",
1dfb69ef-11d3-428b-a4a0-6f532817e025,1f220f71-ecf0-4813-ad3b-f58cad6e7429,existing-data,2024-07-18 13:45:34.958699,,,"{""choice"": ""Yes""}",
eef830b5-88ca-4c22-a084-2498693c3fc4,1f220f71-ecf0-4813-ad3b-f58cad6e7429,existing-data-examples,2024-07-18 13:46:28.948668,,,,"[{""url"": ""https://naturalengland-defra.opendata.arcgis.com/datasets/a11befa8e6dc4227a7082d81bb1ddbdb/explore"", ""name"": ""Country Parks (England)"", ""fields"": """", ""licence"": """", ""coverage"": ""England"", ""position"": ""0"", ""publisher"": ""Natural England"", ""csrf_token"": ""IjEyNzkzMGNkMzM0NDZkNjc3ZmRmMWEwYTNkZjc0MDdjMTgzNzA1ZDEi.Zpkcfw.jHBinBmEdRPipdJnOfDVvJItsA8"", ""attribution"": """", ""metadata_url"": """"}]"
91e38e82-3793-42b3-a1a8-f6c03b652250,f3a62905-f923-4c74-a101-6e8b810f197a,related-planning-considerations,2024-06-28 11:14:37.65609,2024-07-18 13:56:39.057263,,"{""text"": ""* [Energy performance certificates](https://design.planning.data.gov.uk/planning-consideration/energy-performance-certificates) - each certificate has a uprn for the property\r\n* [Article 4 directions](https://design.planning.data.gov.uk/planning-consideration/article-4-directions) - these can reference specific properties using UPRNs""}",
620d91eb-d0d5-4002-8731-a30c50d77045,9a26b3ea-d3ad-4487-ba07-4ec3c276b31f,existing-data,2024-07-24 11:10:51.185186,,,"{""choice"": ""Yes""}",
425cf2d8-131d-4216-b2e3-e35a0abf07da,9a26b3ea-d3ad-4487-ba07-4ec3c276b31f,existing-data-examples,2024-07-24 11:10:52.972304,,,,"[{""url"": """", ""name"": """", ""fields"": """", ""licence"": """", ""coverage"": """", ""position"": ""0"", ""publisher"": """", ""csrf_token"": ""ImQyMzc1MTNjMTYyMjljMWQzNDk4ODhjMDljOWE3YzlhNmE4NGQyYWQi.ZqDhOw.bs29ZzejLwMzgPK9JDmY7pnIMYc"", ""attribution"": """", ""metadata_url"": """"}]"
fa052f7f-47aa-4439-8db7-5450feb9467f,9a26b3ea-d3ad-4487-ba07-4ec3c276b31f,single-source,2024-07-24 11:10:57.038687,,,"{""text"": ""Yes""}",
a606a200-7e5a-4155-8384-b595fa726ef5,9a26b3ea-d3ad-4487-ba07-4ec3c276b31f,is-a-data-standard-required,2024-07-24 11:10:58.962,,,"{""choice"": ""No""}",
d3a0a2d4-e974-4234-b638-9b020c2bf74e,9a26b3ea-d3ad-4487-ba07-4ec3c276b31f,lifecycle,2024-07-24 11:11:04.303293,,,"{""choice"": ""No""}",
cad7247f-e5b2-4220-a010-040165fb7a60,9a26b3ea-d3ad-4487-ba07-4ec3c276b31f,how-is-data-created,2024-07-24 11:11:10.585741,,,"{""text"": ""N/A""}",
1d30f6c1-ff12-4a92-b18b-4f4bffcb6e6b,6871d5e4-b330-4b07-8440-a75098350bbc,publishing-organisations,2024-07-16 09:56:16.375424,2024-09-03 14:42:08.793537,,"{""choice"": ""Local authorities""}",
591a59ff-ae55-40e6-ba19-ece4461db3d3,efd79d47-1b46-4de9-9004-12ba59e03794,which-focus-area-does-it-support,2025-03-17 09:00:31.207499,,,"{""choice"": ""Faster local plans""}",
39cd50a7-2897-446f-bc11-e74c65a34ebc,222236f6-d708-4d78-8d51-8f0e5e03924b,publishing-organisations,2024-07-10 13:16:28.938673,2024-09-03 14:41:35.897927,,"{""choice"": ""Local authorities""}",
1d1651e6-8840-4078-86a2-766125301230,b81f5d53-6592-4957-b2d9-f57aa713c62e,is-there-legislation,2025-03-19 12:17:52.732789,,,"{""choice"": ""No""}",
9ade53bc-774b-42d8-be83-7a3301276b21,64be84b1-b5ee-4acf-89f0-04666e38d7d3,how-is-data-created,2024-06-25 16:24:17.246402,2024-07-18 16:45:17.015349,,"{""text"": ""A USRN is a unique and persistent identifier for a street contained in either the National or Scottish Street\r\nGazetteer. Every street, road, track, path, cycle track or way is assigned a USRN by a Roads Authority, Local\r\nHighway Authority or Highways England.\r\nOS Open USRN will include all live USRNs published within the OS MasterMap Highways Network, including\r\nType 1, 2, 3 and 4 streets (see Table 1).\r\n\r\nLocal authorities have a statutory responsibility that means they are the source of information for both\r\nstreet naming and managing the highways/roads network. \r\n\r\nEach authority is provided a USRN range, that is\r\ncentrally allocated and managed by GeoPlace in England and Wales, and Improvement Service in Scotland.\r\n\r\nA USRN is assigned to the complete street feature and is made up of junction-to-junction segments. It is mandatory for all USRNs to be assigned a Street Type. All streets must have a Type 1 or a Type 2 USRN\r\nassigned, but a Type 3 or Type 4 USRN can also represent the same sections of carriageway as the Type 1 or\r\n2 are assigned. \r\n\r\nTable 1 provides the definitions for different street types.""}",
088e45c9-9afd-478b-9382-7978aa9dd681,64be84b1-b5ee-4acf-89f0-04666e38d7d3,additional-users,2024-06-28 11:19:57.480964,2024-07-18 16:48:13.079827,,"{""text"": ""According to [Geoplace](https://www.geoplace.co.uk/addresses-streets/location-data/usrn)\r\n\r\n* Highways authorities - coordinating works\r\n* Utility companies - coordinating works""}",
97a1ab25-8e08-43e2-8005-b0511f7560b6,64be84b1-b5ee-4acf-89f0-04666e38d7d3,value-to-platform,2024-06-28 11:20:00.534335,2024-07-18 16:54:20.375849,,"{""text"": ""The Government Digital Service has mandated that the UPRN and USRN are to be the public sector standard for referencing and sharing property and street information\r\n-- [Geoplace](https://www.geoplace.co.uk/addresses-streets/location-data/usrn)\r\n\r\nTherefore we should make these available to service builders so that they can be used as intended.""}",
5276c234-c153-4a31-bb05-413dad09ddaa,a4ec95e8-3f7d-4db7-a8a5-fa295bf0cce0,use-cases,2024-07-19 06:49:15.566493,,,"{""text"": ""In London, PTAL ratings are used as planning considerations to form basis for which sites can be more densely redeveloped, with the higher the score, the greater the weight of the argument in favour of the redevelopment""}",
2d529791-2ae2-40f4-924a-41c97de83eb6,a4ec95e8-3f7d-4db7-a8a5-fa295bf0cce0,value-to-platform,2024-07-19 06:50:18.766238,,,"{""text"": ""this data can lead to more accurate scenario modelling of the impact, short and long term of proposed developments at planmaking and development management stages.""}",
e908fad7-97cd-4fde-ba70-afef07bcf6f6,3619e662-648f-4b5a-9514-e33a729e301d,related-planning-considerations,2024-07-19 06:53:03.67382,,,"{""text"": ""Site allocations and transport nodes - a site’s proximity to existing or future planned transport nodes/ hubs can be used as a metric to be used to argue that a site could be removed from green belt as it is is more suitable for housing development given connectivity score""}",
bb41ab6a-5398-4506-ae9c-2b4188052351,223d97ca-1f01-44eb-b0c7-f3515f5a6431,who-asked-for-it,2024-07-24 10:57:55.679474,,,"{""text"": ""Claire, planning""}",
cf6dd8b1-b6b7-4884-97f6-ba896c6f444e,223d97ca-1f01-44eb-b0c7-f3515f5a6431,what-is-the-driver,2024-07-24 10:58:01.83904,,,"{""choice"": ""Existing planning requirement""}",
09833ad8-9bf3-444b-a246-a9053c1b9cef,223d97ca-1f01-44eb-b0c7-f3515f5a6431,which-focus-area-does-it-support,2024-07-24 10:58:06.722894,,,"{""choice"": ""Faster local plans""}",
eedb85f6-692a-49a1-8653-c7a1f1524d46,223d97ca-1f01-44eb-b0c7-f3515f5a6431,what-is-the-planning-consideration,2024-07-24 11:01:20.748663,,,"{""text"": ""The London Plan (2021) sets out opportunity area designations, which are significant locations with development capacity to accomodate new housing, commercial development and infrastructure, linked to existing or potential improvements in public trasport connectivity and capacity. ""}",
c5d057b7-779a-4016-8cdd-b73c8af8388a,223d97ca-1f01-44eb-b0c7-f3515f5a6431,is-there-legislation,2024-07-24 11:01:23.218981,,,"{""choice"": ""No""}",
708d0fa2-e155-4d44-9c09-bf84a868005f,0de006ed-cc21-44b7-a8a6-823d18ffa259,is-a-data-standard-required,2025-01-22 16:41:36.218472,,,"{""choice"": ""Yes""}",
24852946-7b46-4430-8e81-35e5a6fa29a9,223d97ca-1f01-44eb-b0c7-f3515f5a6431,is-it-a-trigger,2024-07-24 11:01:43.933543,,,"{""choice"": ""Yes""}",
c5435066-396e-43c0-94bd-72966dded87e,223d97ca-1f01-44eb-b0c7-f3515f5a6431,what-is-triggered,2024-07-24 11:02:07.353006,,,"{""text"": ""Opportunity Area Planning Frameworks (OAPF)""}",
ca968c89-bc20-4581-80a8-ea2470e7d83f,223d97ca-1f01-44eb-b0c7-f3515f5a6431,is-it-consulted,2024-07-24 11:02:10.743879,,,"{""choice"": ""Yes""}",
1fd2d6ae-f1c9-4653-9a9f-d59b4b0e37ec,223d97ca-1f01-44eb-b0c7-f3515f5a6431,is-consulted,2024-07-24 11:03:00.044145,,,"{""text"": ""Local planning authorities will need to plan for opportunty areas within their Local Plans, ensuring they are enabling suitable development within these areas.""}",
7c865528-c253-43ba-81b5-e760e1f2c14f,223d97ca-1f01-44eb-b0c7-f3515f5a6431,existing-data,2024-07-24 11:03:04.205715,,,"{""choice"": ""Yes""}",
110f75a8-24c1-4293-bf50-12de9eace27d,223d97ca-1f01-44eb-b0c7-f3515f5a6431,existing-data-examples,2024-07-24 11:03:11.377432,,,,"[{""url"": """", ""name"": """", ""fields"": """", ""licence"": """", ""coverage"": """", ""position"": ""0"", ""publisher"": """", ""csrf_token"": ""ImQyMzc1MTNjMTYyMjljMWQzNDk4ODhjMDljOWE3YzlhNmE4NGQyYWQi.ZqDfaA.urcO2Q7sNODLkySYKL-0e8BGqrA"", ""attribution"": """", ""metadata_url"": """"}]"
1545a830-dbcc-44c3-aa28-9946e0a054ba,223d97ca-1f01-44eb-b0c7-f3515f5a6431,single-source,2024-07-24 11:03:15.58052,,,"{""text"": ""Yes""}",
42e3b639-8f1e-45ae-a63e-618e7ac8024c,223d97ca-1f01-44eb-b0c7-f3515f5a6431,is-a-data-standard-required,2024-07-24 11:03:18.866002,,,"{""choice"": ""No""}",
66ec9fbe-eb5d-4f96-94c0-80a1d5f1c39e,223d97ca-1f01-44eb-b0c7-f3515f5a6431,lifecycle,2024-07-24 11:03:35.562851,,,"{""choice"": ""No""}",
d48b5085-832b-4404-98f8-4c93f9f2a447,223d97ca-1f01-44eb-b0c7-f3515f5a6431,how-is-data-created,2024-07-24 11:03:43.20794,,,"{""text"": ""N/A""}",
42d03ce5-d2e0-4d35-996e-2220b0097af1,223d97ca-1f01-44eb-b0c7-f3515f5a6431,where-is-data-used,2024-07-24 11:03:47.55736,,,"{""text"": ""N/A""}",
e3de4aed-07fe-4b18-ac5d-940f0c7e885c,223d97ca-1f01-44eb-b0c7-f3515f5a6431,related-planning-considerations,2024-07-24 11:03:52.305056,,,"{""text"": ""N/A""}",
7aa9a939-987f-4d14-a331-b1c227dfa0da,223d97ca-1f01-44eb-b0c7-f3515f5a6431,statutory-consultees,2024-07-24 11:03:57.771437,,,"{""text"": ""N/A""}",
3fb9b6ab-4f5b-4602-a0d3-f9ea7611ac7b,223d97ca-1f01-44eb-b0c7-f3515f5a6431,primary-users,2024-07-24 11:03:59.995456,,,"{""text"": ""N/A""}",
d5fce01d-75fe-4761-add6-a0fb0d7aefa4,223d97ca-1f01-44eb-b0c7-f3515f5a6431,user-and-data-needs,2024-07-24 11:04:28.063459,,,"{""text"": ""The London Plan (2021) sets out opportunity area designations, which are significant locations with development capacity to accomodate new housing, commercial development and infrastructure, linked to existing or potential improvements in public trasport connectivity and capacity.""}",
acfafc06-2001-4224-b3dc-a681779aac9d,223d97ca-1f01-44eb-b0c7-f3515f5a6431,additional-users,2024-07-24 11:04:34.016266,,,"{""text"": ""N/A""}",
bdb7f9e0-33f1-423c-856d-2339814638b1,223d97ca-1f01-44eb-b0c7-f3515f5a6431,use-cases,2024-07-24 11:04:36.751256,,,"{""text"": ""N/A""}",
7acd5ca3-a69c-4964-98fe-56a6eb40f097,223d97ca-1f01-44eb-b0c7-f3515f5a6431,value-to-platform,2024-07-24 11:04:38.393881,,,"{""text"": ""N/A""}",
a28686ee-b079-431a-a693-b277fe2f000e,223d97ca-1f01-44eb-b0c7-f3515f5a6431,risks,2024-07-24 11:04:40.189717,,,"{""text"": ""N/A""}",
51db81cb-6bac-4dd3-9605-bb0514ccd865,9a26b3ea-d3ad-4487-ba07-4ec3c276b31f,who-asked-for-it,2024-07-24 11:07:05.883093,,,"{""text"": ""Claire, planning""}",
4afc3ae7-1a0c-431d-bd94-bd56977a96a6,9a26b3ea-d3ad-4487-ba07-4ec3c276b31f,what-is-the-driver,2024-07-24 11:07:08.893365,,,"{""choice"": ""Existing planning requirement""}",
630054ab-f98c-4d61-8283-4a9e599964ee,9a26b3ea-d3ad-4487-ba07-4ec3c276b31f,which-focus-area-does-it-support,2024-07-24 11:07:13.02102,,,"{""choice"": ""Faster local plans""}",
7fd044d5-ed72-4603-94d7-284ab4324612,9a26b3ea-d3ad-4487-ba07-4ec3c276b31f,what-is-the-planning-consideration,2024-07-24 11:09:59.512002,,,"{""text"": ""The London Plan sets out strategic areas for regeneration, which are the areas within London in greatest socio-economic need. These areas have been identified as being potentially suitable areas to contribute towards regeneration objectives by tackling spatial inequalities and environmental, economic and social barriers that affect the lives of people in the area.""}",
f744bdb9-5b74-4dcd-8d88-76ff213e1f22,9a26b3ea-d3ad-4487-ba07-4ec3c276b31f,is-there-legislation,2024-07-24 11:10:02.174622,,,"{""choice"": ""No""}",
4bcec999-6a7c-4bbe-bde5-e1d1ebdbe658,9a26b3ea-d3ad-4487-ba07-4ec3c276b31f,who-in-law-is-responsible-for-it,2024-07-24 11:10:10.025319,,,"{""text"": ""N/A""}",
d31e2802-a51d-466f-b58b-6e5230df9c15,9a26b3ea-d3ad-4487-ba07-4ec3c276b31f,where-is-data-used,2024-07-24 11:11:13.030593,,,"{""text"": ""N/A""}",
faaeadb9-94af-4056-919a-8d19ff105ad4,9a26b3ea-d3ad-4487-ba07-4ec3c276b31f,related-planning-considerations,2024-07-24 11:11:15.283685,,,"{""text"": ""N/A""}",
f0fdfa8b-72d2-419d-a9ff-35b66f19c445,9a26b3ea-d3ad-4487-ba07-4ec3c276b31f,statutory-consultees,2024-07-24 11:11:17.039328,,,"{""text"": ""N/A""}",
4817724c-c9cf-48e5-85f5-5cd06b7423a3,9a26b3ea-d3ad-4487-ba07-4ec3c276b31f,primary-users,2024-07-24 11:11:18.94927,,,"{""text"": ""N/A""}",
86c04a55-85bb-41cc-aeec-bc4fa87b6b8e,9a26b3ea-d3ad-4487-ba07-4ec3c276b31f,user-and-data-needs,2024-07-24 11:12:20.299959,,,"{""text"": ""The London Plan sets out strategic areas for regeneration, which are the areas within London in greatest socio-economic need. These areas have been identified as being potentially suitable areas to contribute towards regeneration objectives by tackling spatial inequalities and environmental, economic and social barriers that affect the lives of people in the area.""}",
155ae434-613b-4964-90f5-25cfacd44f73,9a26b3ea-d3ad-4487-ba07-4ec3c276b31f,additional-users,2024-07-24 11:12:25.934598,,,"{""text"": ""N/A""}",
142e8f29-3d67-4a62-90f1-17dec95b35e7,9a26b3ea-d3ad-4487-ba07-4ec3c276b31f,use-cases,2024-07-24 11:12:27.689691,,,"{""text"": ""N/A""}",
d6c05e36-ffe9-449e-b58b-b27793955cc7,9a26b3ea-d3ad-4487-ba07-4ec3c276b31f,value-to-platform,2024-07-24 11:12:29.404923,,,"{""text"": ""N/A""}",
d5488889-6051-46c2-88e1-49b55a69ab23,9a26b3ea-d3ad-4487-ba07-4ec3c276b31f,risks,2024-07-24 11:12:31.566677,,,"{""text"": ""N/A""}",
45d7597f-6286-435d-b068-44b91cdd34b4,c3727f3f-d514-451c-a666-9eaffdce6e70,how-is-data-created,2024-06-20 14:30:38.581088,2024-07-26 10:56:36.73701,,"{""text"": ""N/A\r\n""}",
125d01af-273d-4aee-a036-a30491c73ee3,db39f341-af14-4dde-a718-07827727ec30,is-it-a-trigger,2024-07-29 07:55:37.564797,,,"{""choice"": ""Yes""}",
8e1004ed-15e7-4d1a-afa9-906c233dda78,db39f341-af14-4dde-a718-07827727ec30,what-is-triggered,2024-07-29 07:55:50.86882,,,"{""text"": ""An Air Quality Assessment""}",
4a58465a-d97f-4b6f-aec7-d978c7fceb5c,db39f341-af14-4dde-a718-07827727ec30,is-it-consulted,2024-07-29 07:56:08.146201,,,"{""choice"": ""Yes""}",
f49f9776-0acb-408e-a757-a6b5f09cd7f2,db39f341-af14-4dde-a718-07827727ec30,is-consulted,2024-07-29 08:30:13.746106,,,"{""text"": ""Generally, air quality is considered when assessing sites to be taken forward through the selection and allocation process. It is likely that the presence of an air quality management area will lead to further scrutiny in the site selection process, and as well as the preparation of an air quality assessment, developers will likely be required to demonstrate mitigation.""}",
d4503086-cb82-49c7-ab4f-a581d8d864a2,db39f341-af14-4dde-a718-07827727ec30,statutory-consultees,2024-07-29 08:35:49.720266,,,"{""text"": ""Environment Agency""}",
535720cf-f719-4acc-a8ac-f2df3936fff1,db39f341-af14-4dde-a718-07827727ec30,user-and-data-needs,2024-07-29 08:40:01.976174,,,"{""text"": ""Air Quality Management Areas are a useful planning consideration for the  platform, as they are taken into consideration in both plan-making and development management decisions. Understanding air quality when selecting, assessing and allocating sites is important to ensure that any decisions in relation to the development of the site will mitigate existing poor air quality, and take into account risks of worsening air quality of the area.""}",
19d2cae0-443e-4778-b0dd-65630b1d237c,db39f341-af14-4dde-a718-07827727ec30,who-asked-for-it,2024-07-29 15:21:10.243329,,,"{""text"": ""Identified as a potentially high value consideration with possible national data already available""}",
e2ffa419-4665-49bb-b622-4a0d7ab56a1d,db39f341-af14-4dde-a718-07827727ec30,what-is-the-driver,2024-07-29 15:21:18.141207,,,"{""choice"": ""Other""}",
3f5945b0-a6f3-4911-b1b9-5ce55c3f3a5e,db39f341-af14-4dde-a718-07827727ec30,which-focus-area-does-it-support,2024-06-19 13:55:43.567826,2024-07-29 15:21:43.38971,,"{""choice"": ""Modern planning software;Faster local plans""}",
67e7e6d6-a780-46c4-9ea8-4d1ff2f70a87,db39f341-af14-4dde-a718-07827727ec30,what-is-the-planning-consideration,2024-07-29 15:25:37.547908,,,"{""text"": ""An Air Quality Management Area is a region in which air pollutants fall below a specific threshold, in line with [national air quality objectives](https://uk-air.defra.gov.uk/assets/documents/Air_Quality_Objectives_Update.pdf).\r\n\r\n\""If a local authority finds any places where the objectives are not likely to be achieved, it must declare an Air Quality Management Area there. This area could be just one or two streets, or it could be much bigger.\""""}",
935e65a5-88d2-4fd0-b8c5-de5abc867af4,db39f341-af14-4dde-a718-07827727ec30,is-there-legislation,2024-07-29 15:27:30.515837,,,"{""choice"": ""Yes""}",
c13da9c7-a937-4e3e-9164-46d657fd6cea,db39f341-af14-4dde-a718-07827727ec30,what-is-the-legislation-that-defines,2024-07-29 15:30:27.27606,,,"{""text"": ""- [The Air Quality Standards Regulations 2010, regulation 26 - \""Air quality plans\""](https://www.legislation.gov.uk/uksi/2010/1001/regulation/26/made)""}",
e50ad658-a329-4af7-a0da-7ff018d18827,db39f341-af14-4dde-a718-07827727ec30,what-is-the-legislation-that-defines-designation,2024-07-29 15:30:45.975588,,,"{""text"": ""26.—(1) Where the levels of sulphur dioxide, nitrogen dioxide, benzene, carbon monoxide, lead and PM10 in ambient air exceed any of the limit values in Schedule 2 or the level of PM2.5 exceeds the target value in Schedule 3, the Secretary of State must draw up and implement an air quality plan so as to achieve that limit value or target value.\r\n\r\n(2) The air quality plan must include measures intended to ensure compliance with any relevant limit value within the shortest possible time.""}",
085af8f9-e299-4481-a9ac-2794e95e124e,db39f341-af14-4dde-a718-07827727ec30,who-in-law-is-responsible-for-it,2024-07-29 15:33:40.466594,,,"{""text"": ""- Secretary of State, Defra""}",
94846ea2-c40d-4a9b-8f57-3baf1622662f,db39f341-af14-4dde-a718-07827727ec30,single-source,2024-07-29 15:36:46.051072,,,"{""text"": ""Yes - Defra, UK Air""}",
36607e07-29ad-45ed-b72e-383db7a91f84,db39f341-af14-4dde-a718-07827727ec30,is-a-data-standard-required,2024-07-29 15:36:49.647,,,"{""choice"": ""No""}",
c2fc507d-8db4-4dc8-83e2-3e52fa3df865,db39f341-af14-4dde-a718-07827727ec30,existing-data-examples,2024-07-18 13:36:14.924642,2024-07-30 07:36:19.043664,,,"[{""url"": ""https://uk-air.defra.gov.uk/aqma/maps/"", ""name"": ""AQMA Boundaries"", ""fields"": ""Local Authority;AQMA Name;Pollutants Declared;Date Declared;Date Amended;Date Revoked;Source"", ""licence"": ""OGL"", ""coverage"": ""England"", ""position"": ""0"", ""publisher"": ""Defra"", ""csrf_token"": ""IjAyY2Y2ZTcyZjM1MmYyMmVhY2ZlMGZmOTg5NTBlODMzODc0MjJkMzEi.ZqiXyQ.75SQWwcqd2CaupOUUEdnznaDTLs"", ""attribution"": ""© Crown copyright and database rights 2024 licenced under Defra's Public Sector Mapping Agreement with Ordnance Survey (licence No. 100022861)."", ""metadata_url"": """"}]"
80a9da28-da22-4595-b90f-6bb0162863e5,db39f341-af14-4dde-a718-07827727ec30,risks,2024-07-30 07:38:04.436927,,,"{""text"": ""It appears that the dataset can be downloaded, but as a snapshot in time. We may need to work with Defra to see if we can always have up-to-date data.""}",
ce2ad7ec-cd0d-4ed3-8d5a-68e352c4d0fa,e85551cc-2b49-4fd1-883d-49266befdc5d,what-is-the-planning-consideration,2024-07-30 14:41:45.155874,,,"{""text"": ""Sites where archaeological remains are discovered, and require conservation.""}",
5ad9c906-e0a1-4861-8db1-5726551efa98,e85551cc-2b49-4fd1-883d-49266befdc5d,who-asked-for-it,2024-07-30 14:47:00.344852,,,"{""text"": ""Identified as a potentially high value consideration with possible national data already available""}",
aa917a5a-a6b5-4c94-ad7b-5af8b9abb72f,e85551cc-2b49-4fd1-883d-49266befdc5d,is-there-legislation,2024-08-02 10:26:36.039279,,,"{""choice"": ""No""}",
1f236416-0c59-4fab-ab86-4e97312de62a,efd79d47-1b46-4de9-9004-12ba59e03794,is-there-legislation,2025-03-20 10:46:33.104775,,,"{""choice"": ""No""}",
f08e272b-ee2a-4826-94c9-65f4a6ac0322,e85551cc-2b49-4fd1-883d-49266befdc5d,existing-data,2024-08-02 10:32:14.453201,,,"{""choice"": ""Yes""}",
37c2d74c-8813-4d17-b89f-79cadb5d969b,648cdd25-8c24-48cb-b140-35d06d3184c8,what-is-the-planning-consideration,2024-08-12 15:09:42.496148,,,"{""text"": ""An allotment is a piece of ground that you pay rent for, usually a fairly small annual charge, in order to grow your own produce. - [RHS](https://www.rhs.org.uk/advice/grow-your-own/allotments/allotment-basics)""}",
e052b903-8d99-4983-a5d8-7b0e96bb55e1,770529fd-b90e-438e-96c9-e0b0fae08c7b,single-source,2025-01-17 14:40:31.40447,,,"{""text"": ""Yes - this data is produced nationally by the National Energy System Operator (NESO).""}",
bc68b545-f0b3-4208-8de5-5779ed7f8366,0487a8b6-18d1-4798-858b-797328679585,is-there-legislation,2024-08-07 11:01:36.56279,,,"{""choice"": ""Yes""}",
6d928df4-b9c8-484e-bd0c-4802582370db,0487a8b6-18d1-4798-858b-797328679585,what-is-the-legislation-that-defines,2024-08-07 11:08:20.222633,,,"{""text"": ""[The Town and Country Planning (General Development Procedure) Order 1995, Article 10, \""Consultations before the grant of permission,\"" paragraph x](https://www.legislation.gov.uk/uksi/1995/419/article/10/made) - \r\n\r\n\""Before granting planning permission for development which, in their opinion, falls within a category set out in the table below, a local planning authority shall consult the authority or person mentioned in relation to that category\""\r\n\r\nParagraph x - \""Development within 250 metres of land which—\r\n(i)\r\nis or has, at any time in the 30 years before the relevant application, been used for the deposit of refuse or waste; and\r\n(ii)\r\nhas been notified to the local planning authority by the waste regulation authority for the purposes of this provision\""""}",
165214bb-cc8b-484d-a182-eda0e11a2cde,0d623038-56fd-4a2a-a7f9-c1ce63e2e3e6,existing-data,2024-08-19 13:41:28.45465,,,"{""choice"": ""Yes""}",
6311175f-c771-4c86-bbf6-044f95dad3c6,00bede34-152a-40cc-ac14-bb638d1a287d,who-asked-for-it,2024-08-05 14:36:53.933556,,,"{""text"": ""Identified as a potentially high value consideration with possible national data already available""}",
32516103-ab94-4986-8f38-e22272c34657,e85551cc-2b49-4fd1-883d-49266befdc5d,which-focus-area-does-it-support,2024-08-05 14:37:38.587037,,,"{""choice"": ""Modern planning software;Faster local plans""}",
0a7362d0-9572-4b3e-9b29-b124e62666f2,e85551cc-2b49-4fd1-883d-49266befdc5d,what-is-the-driver,2024-08-05 14:37:58.348914,,,"{""choice"": ""Other""}",
b0d00d3f-1eab-4533-be4d-c7e81775346d,00bede34-152a-40cc-ac14-bb638d1a287d,what-is-the-driver,2024-08-05 14:38:22.087256,,,"{""choice"": ""Other""}",
26304a1c-08e1-4c5e-8ba0-1fbf88f7242a,00bede34-152a-40cc-ac14-bb638d1a287d,which-focus-area-does-it-support,2024-08-05 14:38:24.526434,,,"{""choice"": ""Modern planning software;Faster local plans""}",
7566e1fa-a25b-4bfa-a026-67686817672e,00bede34-152a-40cc-ac14-bb638d1a287d,is-there-legislation,2024-08-05 14:46:12.214286,,,"{""choice"": ""No""}",
e9862bf6-3e8b-455c-885a-d1d91b495db6,00bede34-152a-40cc-ac14-bb638d1a287d,who-in-law-is-responsible-for-it,2024-08-05 14:46:54.70014,,,"{""text"": ""- The respective London Boroughs""}",
2b76b17d-1d9b-415e-8e7d-db3a957f39aa,770529fd-b90e-438e-96c9-e0b0fae08c7b,is-a-data-standard-required,2025-01-17 14:40:35.078715,,,"{""choice"": ""No""}",
61f6da98-37d3-4996-ba3c-5ac807996faa,00bede34-152a-40cc-ac14-bb638d1a287d,is-it-consulted,2024-08-05 14:48:40.028232,,,"{""choice"": ""Yes""}",
67964d4b-9cfe-4625-a45e-71441341d6b4,00bede34-152a-40cc-ac14-bb638d1a287d,what-is-the-planning-consideration,2024-08-05 14:41:23.247479,2024-08-05 14:49:14.460604,,"{""text"": ""Archaeological Priority Areas (APAs) are areas where there is significant known archaeological interest or potential for new discoveries. APAs are used to help highlight where development might affect heritage assets. - [Historic England](https://historicengland.org.uk/services-skills/our-planning-services/greater-london-archaeology-advisory-service/greater-london-archaeological-priority-areas/)""}",
6fea1e42-6dc7-43d3-ad18-b77e66aa6ec0,00bede34-152a-40cc-ac14-bb638d1a287d,existing-data,2024-08-05 14:49:20.203119,,,"{""choice"": ""Yes""}",
f51df6b5-14db-4ab6-9236-8e6348e9be9d,00bede34-152a-40cc-ac14-bb638d1a287d,existing-data-examples,2024-08-05 14:54:44.553437,,,,"[{""url"": ""https://opendata-historicengland.hub.arcgis.com/datasets/historicengland::greater-london-archaeological-priority-areas-apas/about"", ""name"": ""Greater London archaeological priority areas (APAs)"", ""fields"": ""area_type;Description;APA Tier Type;GLHER Primary Ref;GLHER Resource ID;Shape_Area;Shape_Length"", ""licence"": ""OGL v3"", ""coverage"": ""National"", ""position"": 0, ""publisher"": ""Historic England"", ""csrf_token"": ""IjAyY2Y2ZTcyZjM1MmYyMmVhY2ZlMGZmOTg5NTBlODMzODc0MjJkMzEi.ZrDmdg.J4zZ2Ljmlhu1j19gZCRnp7DbBNE"", ""attribution"": ""© Historic England [year] and for spatial data only add Contains Ordnance Survey data © Crown copyright and database right [year]."", ""metadata_url"": ""https://historicengland.org.uk/images-books/publications/greater-london-archaeological-priority-area-guidelines/heag098-glaas-archaeological-priority-areas/""}]"
92fd3d28-d8f2-4f7d-ae25-567c25273a88,00bede34-152a-40cc-ac14-bb638d1a287d,is-a-data-standard-required,2024-08-05 14:58:16.742151,,,"{""choice"": ""No""}",
5b7189a9-581e-4385-8eca-da58279789be,00bede34-152a-40cc-ac14-bb638d1a287d,is-it-a-trigger,2024-08-05 15:03:30.66505,,,"{""choice"": ""Yes""}",
0458e00e-a36a-489a-90c0-aaa58efec3d8,0487a8b6-18d1-4798-858b-797328679585,who-asked-for-it,2024-08-07 07:59:21.981566,,,"{""text"": ""Identified as a potentially high value consideration with possible national data already available""}",
2a765f51-a4a1-4094-b928-9dd0032602a4,0487a8b6-18d1-4798-858b-797328679585,what-is-the-driver,2024-08-07 07:59:27.278074,,,"{""choice"": ""Other""}",
f6c9c500-65ea-4cfb-a004-c6b038349ff0,0487a8b6-18d1-4798-858b-797328679585,which-focus-area-does-it-support,2024-08-07 07:59:29.498902,,,"{""choice"": ""Modern planning software""}",
39b71a67-627a-4bdd-82ce-28b2dc4c4bff,0487a8b6-18d1-4798-858b-797328679585,what-is-the-planning-consideration,2024-08-07 08:04:12.147591,,,"{""text"": ""Sites where there is no PPC (Pollution Prevention and Control) permit or waste management licence currently in force.""}",
665bf07d-10ce-4a72-8a60-dbc5bbd2f22b,0487a8b6-18d1-4798-858b-797328679585,who-in-law-is-responsible-for-it,2024-08-07 11:17:56.262572,2024-08-07 11:18:25.703229,,"{""text"": ""In line with [paragraph x](https://www.legislation.gov.uk/uksi/1995/419/article/10/made), \""the waste regulation authority concerned.\""\r\nA bit further down in the legislation (2(k)), \""“waste regulation authority” has the same meaning as in section 30(1) of the [Environmental Protection Act 1990(12)](https://www.legislation.gov.uk/ukpga/1990/43/section/30).\""\r\nThe aforementioned legislation states that \""any reference in this Part to a waste regulation authority in relation to England is a reference to the Environment Agency;\""""}",
2f02065d-da94-47f6-8590-ab18e2706795,0487a8b6-18d1-4798-858b-797328679585,is-it-a-trigger,2024-08-07 11:20:16.153777,,,"{""choice"": ""Yes""}",
05f64ef5-4afa-4bfd-8455-8e969cabadc6,0487a8b6-18d1-4798-858b-797328679585,what-is-triggered,2024-08-07 11:21:42.782395,,,"{""text"": ""The existence of historic landfill any less than 250m from a proposed development sites triggers a conversation to be had between the local planning authority and the Environment Agency.\r\nThe extent of the conversation that would need to be had is something that we don't know.""}",
90260864-63ad-4b7b-9cfa-4df85296d9a0,0487a8b6-18d1-4798-858b-797328679585,existing-data,2024-08-07 11:22:18.386049,,,"{""choice"": ""Yes""}",
72f320c3-bd1f-4e95-80b1-5f471dde5770,00bede34-152a-40cc-ac14-bb638d1a287d,what-is-triggered,2024-08-05 15:04:08.424421,2024-08-08 08:18:49.77789,,"{""text"": ""An archaeological assessment, an archaeological planning condition""}",
331e3b60-bc05-4da9-b0ff-d9d40a319ad9,00bede34-152a-40cc-ac14-bb638d1a287d,is-consulted,2024-08-05 14:49:00.188073,2024-08-08 08:19:32.413624,,"{""text"": ""When plan-making, planning officers will consult archaeological advisers on the plan’s spatial policies to developing a suitably robust underlying evidence base.""}",
d625112b-b393-4ef3-b546-041174b74b3a,00bede34-152a-40cc-ac14-bb638d1a287d,single-source,2024-08-05 14:57:52.432321,2024-08-08 09:33:26.371038,,"{""text"": ""Yes, the data is already available as a complete dataset. ""}",
6312f5c0-a8f2-4abc-9957-ac68df738b31,0d623038-56fd-4a2a-a7f9-c1ce63e2e3e6,existing-data-examples,2024-08-19 13:43:04.633277,,,,"[{""url"": ""https://www.ordnancesurvey.co.uk/products/os-open-greenspace#overview"", ""name"": ""OS Open Greenspace"", ""fields"": ""id;function;distinctiveName1;distinctiveName2;distinctiveName3;distinctiveName4;geometry"", ""licence"": ""OpenData - Open Government Licence"", ""coverage"": ""National"", ""position"": ""0"", ""publisher"": ""Ordnance Survey"", ""csrf_token"": ""IjAyY2Y2ZTcyZjM1MmYyMmVhY2ZlMGZmOTg5NTBlODMzODc0MjJkMzEi.ZsNLiA.c4ykOYYJD23d6BMWLSF5AR5y4bw"", ""attribution"": ""n/a"", ""metadata_url"": ""https://www.ordnancesurvey.co.uk/documents/product-support/tech-spec/os-open-greenspace-technical-specification.pdf""}]"
abc2a85d-7491-4d41-9c0c-5d5827b59d7e,0d623038-56fd-4a2a-a7f9-c1ce63e2e3e6,single-source,2024-08-19 13:43:56.236224,,,"{""text"": ""Yes - this data is open through Ordnance Survey. It is unknown at this stage who the authoritative source for the data might be, but OS publish national data openly.""}",
264462eb-52e0-429f-af0d-f109ad13e740,e85551cc-2b49-4fd1-883d-49266befdc5d,existing-data-examples,2024-08-02 10:41:41.265992,2024-08-09 07:12:37.099412,,,"[{""url"": ""https://archaeologydataservice.ac.uk/archsearch/browser.xhtml"", ""name"": """", ""fields"": """", ""licence"": ""https://archaeologydataservice.ac.uk/terms-and-conditions/"", ""coverage"": ""National"", ""position"": ""0"", ""publisher"": ""Archaeology Data Service"", ""csrf_token"": ""IjAyY2Y2ZTcyZjM1MmYyMmVhY2ZlMGZmOTg5NTBlODMzODc0MjJkMzEi.Zqy4Jg.ZTQHjPWArYaGHTu1KiyjJ0qUJjo"", ""attribution"": """", ""metadata_url"": """"}, {""url"": ""https://historicengland.org.uk/images-books/photos/results/?search=archaeological+remains&searchType=HE+Archive+New"", ""name"": """", ""fields"": """", ""licence"": """", ""coverage"": ""National"", ""position"": 1, ""publisher"": ""Historic England"", ""csrf_token"": ""IjAyY2Y2ZTcyZjM1MmYyMmVhY2ZlMGZmOTg5NTBlODMzODc0MjJkMzEi.ZrXBHw.3BF3gZmyw6PFV9J06oBBXotMvDM"", ""attribution"": """", ""metadata_url"": """"}]"
08d33bfa-9abb-460f-992e-54256c71adaa,0487a8b6-18d1-4798-858b-797328679585,existing-data-examples,2024-08-07 11:29:56.424593,2024-08-07 11:31:54.745966,,,"[{""url"": ""https://data.catchmentbasedapproach.org/datasets/theriverstrust::historic-landfill-sites/about"", ""name"": ""Historic Landfill Sites"", ""fields"": ""gml_id;hld_ref;site_name;site_add;ea_wmlr;site_ref;lic_hold;licholdadd;os_prefix;easting;northing;ea_region;ea_area;lic_issue;lic_surren;firstinput;lastinput;inert;licenced;bgs_num;siteopname;industrial;commercial;wrc_ref;household;special;buff_point;exempt;liqsludge;siteopadd;gascontrol;regis_no;wasteunk;leachatcnt;nolicreq;shape_Length;shape_Area"", ""licence"": ""Environment agency conditional licence - https://www.gov.uk/government/publications/environment-agency-conditional-licence/environment-agency-conditional-licence"", ""coverage"": ""National"", ""position"": ""0"", ""publisher"": ""Catchment Based Approach Data Hub"", ""csrf_token"": ""IjAyY2Y2ZTcyZjM1MmYyMmVhY2ZlMGZmOTg5NTBlODMzODc0MjJkMzEi.ZrNauQ.PPZ3wzglumFALhKtc8u3YsQkFFo"", ""attribution"": ""© Environment Agency copyright and/or database right 2015. All rights reserved. Contains information © Local Authorities."", ""metadata_url"": """"}, {""url"": ""https://www.data.gov.uk/dataset/17edf94f-6de3-4034-b66b-004ebd0dd010/historic-landfill-sites"", ""name"": ""Historic Landfill Sites"", ""fields"": """", ""licence"": ""Environment Agency conditional licence"", ""coverage"": ""National"", ""position"": 1, ""publisher"": ""Environment Agency"", ""csrf_token"": ""IjAyY2Y2ZTcyZjM1MmYyMmVhY2ZlMGZmOTg5NTBlODMzODc0MjJkMzEi.ZrNa2g.vnWeH7ntrfsGqYDQPkrBQpgF5lw"", ""attribution"": ""© Environment Agency copyright and/or database right 2018. All rights reserved. Contains information © Local Authorities"", ""metadata_url"": """"}]"
2793aebe-2a76-47a5-bbd5-393c6806d23b,0487a8b6-18d1-4798-858b-797328679585,single-source,2024-08-07 11:32:02.156438,,,"{""text"": ""Yes""}",
70b0da6e-bc6d-49d2-9c30-cb8c700761e7,0487a8b6-18d1-4798-858b-797328679585,is-a-data-standard-required,2024-08-07 11:32:05.997553,,,"{""choice"": ""No""}",
1710b347-2937-479b-8a38-9d5b31a3c24a,e85551cc-2b49-4fd1-883d-49266befdc5d,is-it-a-trigger,2024-08-08 07:53:11.242901,,,"{""choice"": ""Yes""}",
06a22104-3e20-42d7-9c61-00915a9d297b,e85551cc-2b49-4fd1-883d-49266befdc5d,what-is-triggered,2024-08-08 07:53:30.831666,2024-08-08 07:54:26.626291,,"{""text"": ""An archaeological assessment, an archaeological planning condition""}",
d771f500-e1b4-4f98-a9fe-3bc56d30b9fb,e85551cc-2b49-4fd1-883d-49266befdc5d,is-it-consulted,2024-08-08 07:57:24.728689,,,"{""choice"": ""Yes""}",
11a20dc0-2024-4593-8803-6c896816ac51,e85551cc-2b49-4fd1-883d-49266befdc5d,statutory-consultees,2024-08-08 07:58:08.033005,,,"{""text"": ""Historic England""}",
70801239-c0f0-4ec9-810d-dfc30bfac290,e85551cc-2b49-4fd1-883d-49266befdc5d,user-and-data-needs,2024-08-08 08:01:56.059902,,,"{""text"": ""When plan-making, planning officers will consult archaeological advisers on the plan’s spatial policies to developing a suitably robust underlying evidence base. \r\n\r\nWhen dealing with planning applications, planning officers:\r\na. agree and implement a consultation procedure with their archaeological advisers;\r\nb. validate the application, ensuring that it meets the local authority’s local requirements;\r\nc. consult Historic England when required and other interested parties as appropriate;\r\nd. ensure sufficient information is available to make an informed planning decision, which takes account of expert archaeological advice and information in preparing decision reports and conditions, and seeks to reach a view that balances a range of factors and is informed by the proposal’s potential impacts (positive, negative or neutral);\r\ne. take advice from archaeological advisers before discharging conditions; and\r\nf. take action if conditions are not being complied with.""}",
5c9c350a-725e-4e6b-bdcb-af64f7ddef2f,e85551cc-2b49-4fd1-883d-49266befdc5d,is-consulted,2024-08-08 08:19:24.15389,,,"{""text"": ""When plan-making, planning officers will consult archaeological advisers on the plan’s spatial policies to developing a suitably robust underlying evidence base.""}",
cb767b6e-3454-4dd5-9bef-ae840179c921,00bede34-152a-40cc-ac14-bb638d1a287d,statutory-consultees,2024-08-08 08:20:08.404077,,,"{""text"": ""Historic England, Greater London Authority""}",
628b1a60-be61-4e91-96c7-c3c91ca64caf,00bede34-152a-40cc-ac14-bb638d1a287d,user-and-data-needs,2024-08-08 08:29:22.541068,,,"{""text"": ""When plan-making, planning officers will consult archaeological advisers on the plan’s spatial policies to developing a suitably robust underlying evidence base.\r\n\r\nWhen dealing with planning applications, planning officers will validate the application, ensuring that it meets the local authority’s local requirements, potentially through the requirement of an archaeological assessment, and consult Historic England when required and other interested parties as appropriate. Planning officers will also often add an archaeological planning condition, take advice from archaeological advisers before discharging conditions; and take action if conditions are not being complied with.""}",
6bdba989-c2e0-4a42-9f88-189eb079a768,00bede34-152a-40cc-ac14-bb638d1a287d,risks,2024-08-08 09:34:08.740394,,,"{""text"": ""Further research will need to be done into the validity of the data, regarding how up-to-date it is, as it was last updated 9th May 2024. We will need to review how regularly this is updated, and assess risks.""}",
fb0111c4-1120-467f-8dcd-4b30f81c04d7,e85551cc-2b49-4fd1-883d-49266befdc5d,single-source,2024-08-09 07:13:16.366986,,,"{""text"": ""Probably, but we need to identify who.""}",
d740327d-4cd9-4252-bd1e-af6396f123c2,e85551cc-2b49-4fd1-883d-49266befdc5d,is-a-data-standard-required,2024-08-09 07:13:29.350404,,,"{""choice"": ""No""}",
dcd42b30-6118-494a-b1ad-b72b8cc92196,0487a8b6-18d1-4798-858b-797328679585,is-it-consulted,2024-08-09 07:55:27.69085,,,"{""choice"": ""Yes""}",
4cb2eb8b-eb1c-48b0-ac5e-2fe24d8e1302,0487a8b6-18d1-4798-858b-797328679585,is-consulted,2024-08-09 07:56:14.227256,,,"{""text"": ""Understanding the presence of historic landfill sites at the plan-making stage is important to understand the relevant mitigation required for the site to make it suitable and deliverable.""}",
579c1295-cb73-443c-a309-365dc3cc0e45,0487a8b6-18d1-4798-858b-797328679585,statutory-consultees,2024-08-09 07:56:41.384262,,,"{""text"": ""The Environment Agency""}",
8b2e6f4e-6e48-4204-984c-26e1ecbaf5a9,0487a8b6-18d1-4798-858b-797328679585,user-and-data-needs,2024-08-09 07:56:48.957949,2024-08-09 07:57:12.934006,,"{""text"": ""Understanding the presence of historic landfill sites at the plan-making stage is important to understand the relevant mitigation required for the site to make it suitable and deliverable.\r\nThe existence of historic landfill any less than 250m from a proposed development sites triggers a conversation to be had between the local planning authority and the Environment Agency. The extent of the conversation that would need to be had is something that we don't know.""}",
d0c5b82e-c832-4085-986c-36914749e680,648cdd25-8c24-48cb-b140-35d06d3184c8,who-asked-for-it,2024-08-12 13:57:51.767577,,,"{""text"": ""Identified by the Geospatial Commission as a national dataset to make data easier to find for the sector.""}",
0060b7b0-c831-4efe-91f1-f51d81304a47,648cdd25-8c24-48cb-b140-35d06d3184c8,what-is-the-driver,2024-08-12 13:57:54.084659,,,"{""choice"": ""Other""}",
074f3a46-824b-4942-8d04-4295dbf21bd9,648cdd25-8c24-48cb-b140-35d06d3184c8,which-focus-area-does-it-support,2024-08-12 13:58:46.816059,,,"{""choice"": ""Modern planning software;Other""}",
b01219b1-e7a6-464b-9646-539d724ca14e,648cdd25-8c24-48cb-b140-35d06d3184c8,is-there-legislation,2024-08-12 16:43:54.647537,,,"{""choice"": ""Yes""}",
421b5e83-3572-4b4a-ad60-af4b3bd3d185,648cdd25-8c24-48cb-b140-35d06d3184c8,what-is-the-legislation-that-defines,2024-08-12 16:45:16.891214,,,"{""text"": ""[Allotments Act 1922, Section 3, Paragraph 7](https://www.legislation.gov.uk/ukpga/Geo5/12-13/51/section/3) - \""In this section the expression “allotment” means any parcel of land, whether attached to a cottage or not, of not more than two acres in extent, held by a tenant under a landlord [otherwise than under a farm business tenancy (within the meaning of the Agricultural Tenancies Act 1995)] and cultivated as a farm or a garden, or partly as a garden and partly as a farm.\""""}",
ea2b1864-7e0b-4c71-9a69-e3bf85c032de,648cdd25-8c24-48cb-b140-35d06d3184c8,what-is-the-legislation-that-defines-designation,2024-08-12 16:50:18.465942,,,"{""text"": ""Not legislation, but found through [parliament.uk](https://publications.parliament.uk/pa/cm199798/cmselect/cmenvtra/560/56010.htm).\r\n\""Allotment sites owned by local authorities can be designated as 'statutory' or 'temporary' where 'statutory' sites are subject to some protection under the Allotments Act 1925. 'Temporary' sites have no security beyond the usual planning system requirements. As a result of these differences, the designation of a site is important to local authorities and allotment holders alike.\""""}",
cb5e53f0-b1b4-4b7a-b048-f32927a53223,648cdd25-8c24-48cb-b140-35d06d3184c8,what-is-the-legislation-for-publication,2024-08-12 16:52:49.760355,,,"{""text"": ""There is no specific legislation that requires the publication of allotment data.""}",
b5268b82-f36e-47c7-9ed1-9322cf55d687,648cdd25-8c24-48cb-b140-35d06d3184c8,who-in-law-is-responsible-for-it,2024-08-12 17:03:20.021446,,,"{""text"": ""\""An allotment authority is the district council, Outer London Borough, or where there is a parish council\"" - [parliament.uk](https://publications.parliament.uk/pa/cm199798/cmselect/cmenvtra/560-iii/560iii02.htm#:~:text=An%20allotment%20authority%20is%20the,that%20council%20(or%20meeting).)""}",
58568d67-9197-45a4-ac9f-3820f5dc2ac0,0de006ed-cc21-44b7-a8a6-823d18ffa259,single-source,2025-01-22 16:42:50.462847,,,"{""text"": ""No - the research and the way these plans are held suggests this will be a document-based dataset in which we will have to collect the documents from each individual Mineral planning authority.""}",
16e99ffe-4700-4ff6-a047-e98550522916,648cdd25-8c24-48cb-b140-35d06d3184c8,existing-data,2024-08-12 17:10:21.20176,,,"{""choice"": ""Yes""}",
c03c2dc9-8d6e-4ed0-929e-6e9ca87a7a55,648cdd25-8c24-48cb-b140-35d06d3184c8,existing-data-examples,2024-08-12 17:17:17.154345,,,,"[{""url"": ""https://www.ordnancesurvey.co.uk/products/os-open-greenspace"", ""name"": ""OS Open Greenspace"", ""fields"": ""id;function;distinctiveName1;distinctiveName2;distinctiveName3;distinctiveName4;geometry"", ""licence"": ""OpenData - Open Government Licence"", ""coverage"": ""National"", ""position"": 0, ""publisher"": ""Ordnance Survey"", ""csrf_token"": ""IjAyY2Y2ZTcyZjM1MmYyMmVhY2ZlMGZmOTg5NTBlODMzODc0MjJkMzEi.ZrpB_w.1gVMd1kS6BsTBVoAMBJOVSZrg6A"", ""attribution"": ""n/a"", ""metadata_url"": ""https://www.ordnancesurvey.co.uk/documents/product-support/tech-spec/os-open-greenspace-technical-specification.pdf""}]"
8a7b6f7d-9c5a-4a01-b02d-2df0068e82e4,648cdd25-8c24-48cb-b140-35d06d3184c8,is-a-data-standard-required,2024-08-12 17:18:16.650262,,,"{""choice"": ""No""}",
39028cef-1a5e-40a2-beba-89b39c9e943f,0d623038-56fd-4a2a-a7f9-c1ce63e2e3e6,is-it-a-trigger,2024-08-13 14:05:22.652883,,,"{""choice"": ""Yes""}",
a5dc5e55-4296-4add-8b02-de49098b4e7f,0d623038-56fd-4a2a-a7f9-c1ce63e2e3e6,is-it-consulted,2024-08-13 14:06:11.879141,,,"{""choice"": ""Yes""}",
e7f703d4-0970-4f76-a16e-8d70a5fcd9f1,648cdd25-8c24-48cb-b140-35d06d3184c8,is-it-consulted,2024-08-16 14:15:29.747967,,,"{""choice"": ""Yes""}",
4de78674-2e69-44b5-a9ea-dafab0afcc63,648cdd25-8c24-48cb-b140-35d06d3184c8,is-consulted,2024-08-16 14:16:47.399949,,,"{""text"": ""Yes, LPAs are required to ensure that there is sufficient provision of allotments to meet demand, particularly when planning for growth. There are widely used planning standards for allotments (e.g. hectares/1000 population)""}",
9d452573-c3f9-4ad2-85fc-523db473ad0d,648cdd25-8c24-48cb-b140-35d06d3184c8,user-and-data-needs,2024-08-16 14:18:16.101742,,,"{""text"": ""LPAs are required to ensure that they provide sufficient allotment provision to meet demand, generally using agreed planning standards (e.g. hectare/1000 population). Statutory allotments will generally be on the proposals map""}",
44576184-8806-4420-a07e-404e103833e2,0d623038-56fd-4a2a-a7f9-c1ce63e2e3e6,related-planning-considerations,2024-08-13 14:59:04.456893,,,"{""text"": ""Local Green Space ""}",
e2b94522-0975-42a6-a86d-3c6f7828d519,0d623038-56fd-4a2a-a7f9-c1ce63e2e3e6,what-is-the-planning-consideration,2024-08-13 14:03:29.186758,2024-08-16 14:21:12.598591,,"{""text"": ""Bowling greens are spaces where people are able to play bowls. ""}",
a4948af7-1af6-4129-88d3-6f1a69592101,0d623038-56fd-4a2a-a7f9-c1ce63e2e3e6,what-is-triggered,2024-08-14 11:16:44.150722,2024-08-16 14:21:36.338929,,"{""text"": ""As bowling greens are designated as Local Green Space, an assessment to justify the loss is likely to be required. ""}",
8f503767-75d4-4b03-9d14-1264a06f5e2a,0d623038-56fd-4a2a-a7f9-c1ce63e2e3e6,who-in-law-is-responsible-for-it,2024-08-13 14:04:59.017153,2024-08-14 11:14:33.108414,,"{""text"": ""S""}",
7952a6c1-33fc-4d07-8e97-12f50df310da,0d623038-56fd-4a2a-a7f9-c1ce63e2e3e6,statutory-consultees,2024-08-13 14:59:25.37775,2024-08-16 14:23:48.274858,,"{""text"": ""Sport England""}",
5021016f-722c-47bd-879d-85d8a7dd7b39,b32eec61-a5ae-4735-83ce-5004a9af871a,is-consulted,2024-08-16 14:30:12.237249,,,"{""text"": ""LPAs are required to ensure there is sufficient provision to meet future demand. When planning for growth, they will be required to ensure that there is sufficient land available to meet this future demand.""}",
f2f89692-b2d5-4920-8514-fd6399b564d2,b32eec61-a5ae-4735-83ce-5004a9af871a,user-and-data-needs,2024-08-16 14:30:35.155466,,,"{""text"": ""LPAs are required to ensure there is sufficient provision to meet future demand. When planning for growth, they will be required to ensure that there is sufficient land available to meet this future demand.\r\n\r\n""}",
640f8e25-04ed-40df-8484-34dfd4e43abd,648cdd25-8c24-48cb-b140-35d06d3184c8,is-it-a-trigger,2024-08-16 14:14:17.762044,,,"{""choice"": ""Yes""}",
688b0dff-601f-46f7-9988-4058cd5bcaf2,648cdd25-8c24-48cb-b140-35d06d3184c8,what-is-triggered,2024-08-16 14:15:22.685604,,,"{""text"": ""Not necessarily a trigger, but it is generally understood that development on an alloment would require reprovision elsewhere to the same, or better quality and size""}",
c0754c9e-eced-4167-bd83-c142c35c6986,0d623038-56fd-4a2a-a7f9-c1ce63e2e3e6,is-consulted,2024-08-13 14:06:45.704808,2024-08-16 14:23:25.730076,,"{""text"": ""When plan making and planning for growth, the presence of existing bowling greens would need to be considered, as these have a level of protection, and therefore would require mitigation if developed. When identifying infrastructure to support local plan growth, Sport England standards are likely to be used to identify the required provision to meet future demand.   ""}",
87eb869d-f73c-4a5b-8f7e-4905ffc193ac,0d623038-56fd-4a2a-a7f9-c1ce63e2e3e6,user-and-data-needs,2024-08-13 15:00:43.229856,2024-08-16 14:24:55.199588,,"{""text"": ""Local Green Space is data that would be used to identify important green space for a local community and its designation would limit development in specific areas. Bowling Greens are a community facility and support sports and leisure provision for the public, and therefore when planning for growth through the local plan, sufficient provision would be required to be delivered.""}",
aa63f4c2-bd53-4436-a3d4-e570063409de,b32eec61-a5ae-4735-83ce-5004a9af871a,is-it-a-trigger,2024-08-16 14:26:48.568349,,,"{""choice"": ""No""}",
160e64e8-126d-4b8f-9152-9b458b031ea8,b32eec61-a5ae-4735-83ce-5004a9af871a,is-it-consulted,2024-08-16 14:26:52.771629,,,"{""choice"": ""Yes""}",
a9d9349d-e6c5-4725-99ab-759769f9ce12,47da5702-b98b-4e9c-a49f-66984f020c8d,is-it-consulted,2024-08-19 08:22:34.54502,,,"{""choice"": ""Yes""}",
05a7ab52-45d7-425a-b77f-dd93ef3a695e,0d623038-56fd-4a2a-a7f9-c1ce63e2e3e6,who-asked-for-it,2024-08-19 10:21:00.897822,,,"{""text"": ""Identified by the Geospatial Commission as a national dataset to make data easier to find for the sector.""}",
d3606a9a-f119-407b-9450-1557b8e4d5d9,0d623038-56fd-4a2a-a7f9-c1ce63e2e3e6,what-is-the-driver,2024-08-19 10:21:05.350366,,,"{""choice"": ""Other""}",
dc6d777a-d87f-45e2-9f27-a3e9473dbecf,0d623038-56fd-4a2a-a7f9-c1ce63e2e3e6,which-focus-area-does-it-support,2024-08-19 10:21:15.652328,,,"{""choice"": ""Modern planning software;Faster local plans""}",
c32049dd-7a9a-4563-8604-2fdfd01ff0d1,47da5702-b98b-4e9c-a49f-66984f020c8d,is-it-a-trigger,2024-08-19 08:22:29.381496,2024-08-23 14:20:19.737326,,"{""choice"": ""Yes""}",
225c5ad8-ebfc-43bc-8e4e-7ade08c2edcc,648cdd25-8c24-48cb-b140-35d06d3184c8,single-source,2024-08-12 17:18:12.188983,2024-08-29 09:40:22.622748,,"{""text"": ""Yes, most likely OS""}",
76fa0ae3-61e0-45b2-bda0-94d2ca18a8a5,0d623038-56fd-4a2a-a7f9-c1ce63e2e3e6,is-a-data-standard-required,2024-08-19 13:43:57.633308,,,"{""choice"": ""No""}",
d49d07f7-3f00-4d7c-900b-5186c9fff96a,b32eec61-a5ae-4735-83ce-5004a9af871a,who-asked-for-it,2024-08-19 14:06:09.492379,,,"{""text"": ""Identified by the Geospatial Commission as a national dataset to make data easier to find for the sector.""}",
797f5467-90c0-4746-9c43-89652a0f863f,b32eec61-a5ae-4735-83ce-5004a9af871a,what-is-the-driver,2024-08-19 14:06:11.63872,,,"{""choice"": ""Other""}",
78189772-feec-4919-a3b4-1048dd1eb064,b32eec61-a5ae-4735-83ce-5004a9af871a,which-focus-area-does-it-support,2024-08-19 14:07:04.050421,,,"{""choice"": ""Modern planning software;Faster local plans""}",
c606d2c6-3c1a-4dfe-9090-fa82086f650c,b32eec61-a5ae-4735-83ce-5004a9af871a,what-is-the-planning-consideration,2024-08-13 15:06:20.76906,2024-08-20 07:25:44.377993,,"{""text"": ""An area of ground in which dead bodies are buried, covered by Local Green Space protections. ""}",
148dfb67-1812-4d60-a93b-8a96b8de0537,b32eec61-a5ae-4735-83ce-5004a9af871a,existing-data,2024-08-20 07:26:29.030786,,,"{""choice"": ""Yes""}",
0c9ded44-4f36-4775-839a-89940fb503f1,b32eec61-a5ae-4735-83ce-5004a9af871a,existing-data-examples,2024-08-20 07:27:04.909362,,,,"[{""url"": ""https://www.ordnancesurvey.co.uk/products/os-open-greenspace#overview"", ""name"": ""OS Open Greenspace"", ""fields"": ""id;function;distinctiveName1;distinctiveName2;distinctiveName3;distinctiveName4;geometry"", ""licence"": ""OpenData - Open Government Licence"", ""coverage"": ""National"", ""position"": ""0"", ""publisher"": ""Ordnance Survey"", ""csrf_token"": ""IjAyY2Y2ZTcyZjM1MmYyMmVhY2ZlMGZmOTg5NTBlODMzODc0MjJkMzEi.ZsRFJQ.p0lD1p9L21h_AGTMOMPnt1JZ6sg"", ""attribution"": ""n/a"", ""metadata_url"": ""https://www.ordnancesurvey.co.uk/documents/product-support/tech-spec/os-open-greenspace-technical-specification.pdf""}]"
e2c9fb70-b86b-4d84-82d5-f57d37b4165f,b32eec61-a5ae-4735-83ce-5004a9af871a,is-a-data-standard-required,2024-08-20 07:28:11.158023,,,"{""choice"": ""No""}",
a1e85788-af01-4064-90d1-8ecb0c694cd4,b32eec61-a5ae-4735-83ce-5004a9af871a,is-there-legislation,2024-08-20 11:06:59.654825,,,"{""choice"": ""Yes""}",
81cb2b6f-6e30-47ed-a780-a4c2209e2cf4,b32eec61-a5ae-4735-83ce-5004a9af871a,what-is-the-legislation-that-defines,2024-08-20 11:07:45.083662,2024-08-20 11:11:18.743563,,"{""text"": ""[The Local Authorities' Cemeteries Order 1977, Article 2](https://www.legislation.gov.uk/uksi/1977/204/article/2/made) - \""“cemetery” means a cemetery provided and maintained by a burial authority;\""""}",
01f30db4-c5c3-44d7-ac67-a106c5be217a,b32eec61-a5ae-4735-83ce-5004a9af871a,who-in-law-is-responsible-for-it,2024-08-20 11:10:45.187424,2024-08-20 11:11:45.707046,,"{""text"": ""\""Subject to the provisions of this order, a burial authority may do all such things as they consider necessary or desirable for the proper management, regulation and control of a cemetery.\"" - [The Local Authorities' Cemeteries Order, Article 3](https://www.legislation.gov.uk/uksi/1977/204/article/3/made)\r\n\r\nThe Burial Authority, which \""means the council of a district, London borough, parish, or community, the Common Council of the City of London, the parish meeting of a parish having no parish council, whether separate or common, or a joint board established under section 6 of the Public Health Act 1936 or by or under any local Act for the provision and maintenance of cemeteries;\"" - [The Local Authorities' Cemeteries Order 1977, Article 2](https://www.legislation.gov.uk/uksi/1977/204/article/2/made)""}",
afa15486-b462-420e-bce3-c03e13750848,6d1b245a-40e2-4eb7-b1d5-1304fcdad496,what-is-the-planning-consideration,2025-02-05 09:45:23.175726,,,"{""text"": ""A \""Statement of Community Involvement\"" (SCI) is a document issued by a local council that outlines how they will engage with the community when making planning decisions, explaining the methods they will use to consult residents and other stakeholders during the development of planning policies and when considering individual planning applications. ""}",
7314a8aa-46a7-40b0-a854-3bc6ea322abc,b32eec61-a5ae-4735-83ce-5004a9af871a,single-source,2024-08-20 07:28:09.752137,2024-08-20 11:12:56.935962,,"{""text"": ""Yes, the data already exists nationally and openly. It would however be useful to know how they collated this data, as we would expect it to be held by the Burial Authority.""}",
50c660f7-617e-4e15-b27c-e244675375e3,47da5702-b98b-4e9c-a49f-66984f020c8d,what-is-triggered,2024-08-23 14:23:03.404655,2024-08-23 14:25:42.127002,,"{""text"": ""As golf courses are usually designated as Local Green Space, greenbelt or Metropolitan Open Land (London), an assessment to justify the loss is likely to be required. ""}",
724f8419-2b31-465e-99e4-0e5b95e091da,47da5702-b98b-4e9c-a49f-66984f020c8d,is-consulted,2024-08-23 14:23:23.545878,2024-08-23 14:33:38.710485,,"{""text"": ""When plan making and planning for growth, the presence of existing golf courses might be considered if a large site allocation is coming forwards. However, it is largely the designation of greenbelt or Metropolitan Open Land that would be considered. ""}",
8ba37748-14ef-4a6b-bff4-1863d4550028,3b0710f4-0c3d-404a-af84-664c91894e5f,how-is-data-created,2024-08-27 14:12:11.61212,,,"{""text"": ""The data is collated by MHCLG using the DELTA returns which are submitted by LPAs annually.""}",
0735880b-5be2-461f-8a09-8266e926a2fb,3b0710f4-0c3d-404a-af84-664c91894e5f,is-there-legislation,2024-08-27 14:13:25.069018,,,"{""choice"": ""Yes""}",
73c42e7d-5c34-41c3-8e29-db9e1239917c,3b0710f4-0c3d-404a-af84-664c91894e5f,what-is-the-legislation-that-defines,2024-08-27 14:14:17.670775,,,"{""text"": ""National Planning Policy Framework (December 2023) - Maintaining Supply and Delivery (Paragraphs 75-81) ""}",
8722410c-a5e0-4461-8dbb-562dd9f7938a,3b0710f4-0c3d-404a-af84-664c91894e5f,where-is-data-used,2024-08-27 14:14:39.45691,,,"{""text"": ""The data will be used to identify whether LPAs are meeting their housing targets, and if they are not meeting them, then they used to determine the level of action being placed on the LPA, e.g. action plan, buffer, presumption in favour of sustainable development etc. \r\n\r\nThis can inform decisions made by developers, land owners and promoters in identifing sites which have reduced risk due to requirements to meet housing need.""}",
783e6a97-e866-48a7-bf63-e7b51964faa4,3b0710f4-0c3d-404a-af84-664c91894e5f,what-is-the-legislation-that-defines-designation,2024-08-27 14:15:07.344475,,,"{""text"": ""National Planning Policy Framework (December 2023) - Maintaining Supply and Delivery (Paragraphs 75-81)""}",
bd10c730-a977-40b0-a00a-382eba6eb17c,3b0710f4-0c3d-404a-af84-664c91894e5f,what-is-the-legislation-for-publication,2024-08-27 14:15:21.279936,,,"{""text"": ""National Planning Policy Framework (December 2023) - Maintaining Supply and Delivery (Paragraphs 75-81)""}",
3766047e-d141-4813-82b2-4c12af8d96ad,3b0710f4-0c3d-404a-af84-664c91894e5f,who-in-law-is-responsible-for-it,2024-08-27 14:15:32.585729,,,"{""text"": ""MHCLG""}",
252a7964-ab1f-4dca-8a22-e7e119eec421,3b0710f4-0c3d-404a-af84-664c91894e5f,is-it-a-trigger,2024-08-27 14:16:48.985067,,,"{""choice"": ""Yes""}",
8f736078-af96-4748-a78e-fb13fb0e0cf8,3b0710f4-0c3d-404a-af84-664c91894e5f,single-source,2024-08-27 14:17:37.255851,2024-08-27 14:17:53.183753,,"{""text"": ""Yes - MHCLG""}",
ccc951dd-a192-4ef4-bab9-29906023f86c,3b0710f4-0c3d-404a-af84-664c91894e5f,existing-data,2024-08-27 14:17:29.457642,2024-08-27 15:31:38.106737,,"{""choice"": ""Yes""}",
89a8a105-085c-4fcf-81d4-58bd14b12b11,3b0710f4-0c3d-404a-af84-664c91894e5f,related-planning-considerations,2024-08-27 14:17:24.385484,2024-08-30 13:23:06.627484,,"{""text"": ""development plan policies, development plans and timetables, housing numbers, site allocations, SHMAs\r\n\r\n[Local plans](https://design.planning.data.gov.uk/planning-consideration/development-plans-and-timetables) - the 'homes required' part of the Housing delivery test is the lower of 'the latest adopted housing requirement from the Local Plan' or 'the minimum annual local housing need figure'""}",
98786a72-a298-45d7-b902-df55fedc20cc,57c13c12-f198-4313-8518-9465182e706e,publishing-organisations,2024-07-01 10:51:57.878104,2024-09-03 14:42:39.141023,,"{""choice"": ""UKRadon (UKHSA)""}",
6db0eb06-0e89-489e-9c75-8cba0a10cbe4,3ccfca0f-c556-4435-b3f6-a334304dbefa,publishing-organisations,2024-07-02 07:39:15.693678,2024-09-03 14:43:58.435783,,"{""choice"": ""The National Grid""}",
cde1f72e-cba3-4b4e-bc41-0b53ad8104b2,b587e9b5-18b9-4a54-baea-f5303429e6ad,publishing-organisations,2024-07-02 07:19:53.182022,,,"{""choice"": ""The National Grid""}",
28f37a48-9770-44cb-8fde-6e4c57a36501,a9ea0b0d-ba14-4775-91b4-8f8153d4f53a,is-it-a-trigger,2024-08-23 14:41:59.143428,2024-09-16 11:32:14.67036,,"{""choice"": ""No""}",
c3ec22e0-f1db-4659-9355-12194c1e26b7,3b0710f4-0c3d-404a-af84-664c91894e5f,what-is-triggered,2024-08-27 14:18:02.915145,,,"{""text"": ""For LPA's that do not meet their housing requirements the following consequences will be applied: a) where delivery falls below 95% of the requirement over the previous three years, the authority should prepare an action plan to assess the causes of under-delivery and identify actions to increase delivery in future years; \r\nb) where delivery falls below 85% of the requirement over the previous three years, the authority should include a buffer of 20% to their identified supply of specific deliverable sites as set out in paragraph 77 of this framework, in addition to the requirement for an action plan. \r\nc) where delivery falls below 75% of the requirement over the previous three years, the presumption in favour of sustainable development applies, as set out in footnote 8 of this Framework, in addition to the requirements for an action plan and 20% buffer. ""}",
8cb5b086-09ac-4361-b087-4a5b67dec374,3b0710f4-0c3d-404a-af84-664c91894e5f,primary-users,2024-08-27 14:18:09.008346,,,"{""text"": ""MHCLG, LPAs, private sector planners, developers, landowners, site promoters""}",
066e53ee-4d4b-4d27-ae64-f9e80f5c52f8,3b0710f4-0c3d-404a-af84-664c91894e5f,is-it-consulted,2024-08-27 14:18:46.177837,,,"{""choice"": ""Yes""}",
4fa2e1de-e268-4f48-8a68-0c34ec8cc66c,3b0710f4-0c3d-404a-af84-664c91894e5f,user-and-data-needs,2024-08-27 14:19:09.888698,,,"{""text"": ""This is required to monitor the level of housing which LPAs are delivering against housing targets, to ensure that sufficient supply of housing is coming forward.""}",
0af37da4-c81b-4380-a573-b1a5194acc88,3b0710f4-0c3d-404a-af84-664c91894e5f,additional-users,2024-08-27 14:19:32.868983,,,"{""text"": ""MHCLG, LPAs, private sector planners, developers, landowners, site promoters\r\n\r\n""}",
610039cd-0deb-47a3-b5cc-5da45c8006be,3b0710f4-0c3d-404a-af84-664c91894e5f,use-cases,2024-08-27 14:20:48.717748,,,"{""text"": ""This can inform decisions made by developers, land owners and promoters in identifing sites which have reduced risk due to requirements to meet housing need.""}",
1a467c5b-a5b9-43b8-8089-79441622c0a0,3b0710f4-0c3d-404a-af84-664c91894e5f,what-is-the-planning-consideration,2024-08-27 14:20:42.22056,2024-08-27 14:20:55.111799,,"{""text"": ""The Housing Delivery Test is a percentage measurement of the number of net homes delivered against the number of homes required, as set out in the relevant strategic policies for the areas covered by the Housing Delivery Test, over a rolling three year period. ""}",
533ee291-c9b6-428b-93bd-0e969150d7c0,3b0710f4-0c3d-404a-af84-664c91894e5f,is-consulted,2024-08-27 14:20:05.34395,2024-08-27 14:22:27.497851,,"{""text"": ""The past delivery or under delivery of housing maybe taken into consideration while calculating the housing need/requirement while looking to adopt a Local Plan. ""}",
18980782-9712-4193-8396-41038b64f4a4,3b0710f4-0c3d-404a-af84-664c91894e5f,value-to-platform,2024-08-27 14:22:33.539787,,,"{""text"": ""If displayed graphically, it will provide a clear resource for users to identify the LPAs which are delivering sufficient homes, vs those underdelivering and potentially on special measures. This will inform decision making for developers to identify sites which have reduced risk levels.""}",
988a870b-a67f-4eab-bac6-f226f8e6d9e7,3b0710f4-0c3d-404a-af84-664c91894e5f,lifecycle,2024-08-27 14:22:57.227232,,,"{""choice"": ""Yes""}",
eef67c36-e08c-4240-9759-16d507f7f7f3,6871d5e4-b330-4b07-8440-a75098350bbc,how-is-data-created,2024-08-27 14:32:37.626139,,,"{""text"": ""Yes, prepared by LPAs on a regular basis (e.g. ~ every 5 years).""}",
df4de84c-2897-4164-9a1a-b0031878b3e7,6871d5e4-b330-4b07-8440-a75098350bbc,where-is-data-used,2024-08-27 14:33:50.078656,,,"{""text"": ""Development plans and their associated timetables will be used when considering planning policy to make decisions, e.g. for planning applications. The timetable is a useful resource to demonstrate where LPAs are in the plan-making process.""}",
461a1836-4fa1-489c-8a10-98656d3c9d45,6871d5e4-b330-4b07-8440-a75098350bbc,related-planning-considerations,2024-08-27 14:34:18.556389,,,"{""text"": ""development plan policies, site allocations, SHMAs, HDT""}",
14ba35e9-e830-40aa-83b9-4a72e8758c8f,6871d5e4-b330-4b07-8440-a75098350bbc,statutory-consultees,2024-08-27 14:36:37.946245,,,"{""text"": ""statutory consultees listed in the local planning Regulations and including\r\nthe regulatory agencies (the Environment Agency, English Heritage,\r\nNatural England) and neighbouring local authorities\r\n• physical infrastructure delivery agencies: highways authority, Highways\r\nAgency, utilities companies, Network Rail, public transport providers,\r\nairport and port operators, energy providers, telecommunications\r\nproviders etc\r\n• social infrastructure delivery agencies, education, social services, health\r\nproviders, the emergency services, charities and voluntary sector\r\n• major landowners – including the local authority itself and government\r\ndepartments and agencies\r\n• housebuilders and other developers\r\n• minerals and waste management industries.""}",
6875a848-8a8b-40f4-9249-9519c4f54f00,6871d5e4-b330-4b07-8440-a75098350bbc,primary-users,2024-08-27 14:37:25.56589,,,"{""text"": ""public and private sector planners, local community, built environment specialists""}",
1777fcde-bbc0-4c1a-a231-eca3b8b3b741,3b0710f4-0c3d-404a-af84-664c91894e5f,is-a-data-standard-required,2024-08-27 14:18:14.289207,2024-08-27 14:37:52.509185,,"{""choice"": ""Yes""}",
42345e71-535c-482f-88c0-83d8c8091123,6871d5e4-b330-4b07-8440-a75098350bbc,user-and-data-needs,2024-08-27 14:38:53.333315,,,"{""text"": ""Local Plans are required to be conformed with when making planning decisions, such as determining planning applications. They also provide a useful resource for built environment professionals, such as heritage and conservation officers, transport officers, health officers etc. to understand the vision for the area. ""}",
67819244-3b9b-41ec-b78d-631d06cb6ecb,6871d5e4-b330-4b07-8440-a75098350bbc,additional-users,2024-08-27 14:39:18.653768,,,"{""text"": ""Planners, built environment professionals, developers/site promoters/landowners""}",
06bd83c0-20d9-4d90-b7d4-baa01b65f705,3b0710f4-0c3d-404a-af84-664c91894e5f,who-asked-for-it,2024-08-27 14:39:57.65994,,,"{""text"": ""We think it will be of interest for the platform to highlight deliverable land, and the housing delivery test data will contribute to this. ""}",
47db13d6-fb8c-4df4-83d3-5c272406e5ba,3b0710f4-0c3d-404a-af84-664c91894e5f,what-is-the-driver,2024-08-27 14:40:01.021848,,,"{""choice"": ""Other""}",
66549e70-a256-4f2b-b158-a0ff6c76e4f8,3b0710f4-0c3d-404a-af84-664c91894e5f,which-focus-area-does-it-support,2024-08-27 14:40:05.635077,,,"{""choice"": ""Modern planning software;Faster local plans""}",
90089019-6553-4587-a689-23e6d90e5843,6871d5e4-b330-4b07-8440-a75098350bbc,use-cases,2024-08-27 14:40:12.960405,,,"{""text"": ""Development plans and their associated timetables will be used when considering planning policy to make decisions, e.g. for planning applications. The timetable is a useful resource to demonstrate where LPAs are in the plan-making process.""}",
6f218488-bab2-4534-b3e4-b08a9a3fdeda,6871d5e4-b330-4b07-8440-a75098350bbc,value-to-platform,2024-08-27 14:40:25.432971,,,"{""text"": ""Local Plans are required to be conformed with when making planning decisions, such as determining planning applications. They also provide a useful resource for built environment professionals, such as heritage and conservation officers, transport officers, health officers etc. to understand the vision for the area.""}",
b007dc74-b341-40e1-bef1-9c4cab0ae485,6871d5e4-b330-4b07-8440-a75098350bbc,is-it-a-trigger,2024-08-27 14:42:21.66246,,,"{""choice"": ""Yes""}",
be11493a-abed-4ebd-8c0a-294e8d0d5295,6871d5e4-b330-4b07-8440-a75098350bbc,who-asked-for-it,2024-08-27 15:18:44.642008,,,"{""text"": ""As development plans require conformance when making planning decisions, this is a higher priority dataset.""}",
63662f8b-fd68-410a-82fa-4168975e568b,6871d5e4-b330-4b07-8440-a75098350bbc,what-is-the-driver,2024-08-27 15:18:55.528348,,,"{""choice"": ""Existing planning requirement""}",
19e3fd99-92f4-4e98-a796-26a67af5292e,47da5702-b98b-4e9c-a49f-66984f020c8d,who-asked-for-it,2024-08-29 09:35:38.532202,,,"{""text"": ""Identified by the Geospatial Commission as part of a national dataset to make data easier to find for the sector.""}",
500d47c9-606c-4345-b21c-20062669bbb3,47da5702-b98b-4e9c-a49f-66984f020c8d,what-is-the-driver,2024-08-29 09:35:41.227911,,,"{""choice"": ""Other""}",
663c714a-52b0-4bad-98ae-f5b5f23a0f00,8ac76668-bc27-47f6-9702-6838ee66625c,publishing-organisations,2024-07-03 10:56:24.53005,,,"{""choice"": ""- The Coal Authority""}",
92293101-79b9-4af1-83fa-992401bea786,47da5702-b98b-4e9c-a49f-66984f020c8d,user-and-data-needs,2024-08-23 14:27:50.244571,2024-08-29 09:36:16.658212,,"{""text"": ""Local Green Space is data that would be used to identify important green space for a local community and it is designation would limit development in specific areas. Golf courses support sports and leisure provision for the public, and therefore when planning for growth through local plan, sufficient provision would be required to be delivered.""}",
4587419c-56e4-41c4-8450-118b816ffc85,47da5702-b98b-4e9c-a49f-66984f020c8d,which-focus-area-does-it-support,2024-08-29 09:37:22.575612,,,"{""choice"": ""Modern planning software""}",
44e70af0-8efe-485e-b4b0-b75d9cc0dbb9,47da5702-b98b-4e9c-a49f-66984f020c8d,existing-data,2024-08-29 09:39:02.827464,,,"{""choice"": ""Yes""}",
3e323aca-7fd6-4ad1-920b-42bce7ea6cf7,47da5702-b98b-4e9c-a49f-66984f020c8d,existing-data-examples,2024-08-29 09:39:54.809064,,,,"[{""url"": ""https://www.ordnancesurvey.co.uk/products/os-open-greenspace"", ""name"": ""OS Open Greenspace"", ""fields"": ""id;function;distinctiveName1;distinctiveName2;distinctiveName3;distinctiveName4;geometry"", ""licence"": ""OpenData - Open Government Licence"", ""coverage"": ""National"", ""position"": ""0"", ""publisher"": ""Ordnance Survey"", ""csrf_token"": ""IjAyY2Y2ZTcyZjM1MmYyMmVhY2ZlMGZmOTg5NTBlODMzODc0MjJkMzEi.ZtBBtg.rAXjSCe5eTRqlcpFMb9ffmzRci8"", ""attribution"": ""n/a"", ""metadata_url"": ""https://www.ordnancesurvey.co.uk/documents/product-support/tech-spec/os-open-greenspace-technical-specification.pdf""}]"
460032cb-cf33-445f-bc4a-43a3ac3097c6,47da5702-b98b-4e9c-a49f-66984f020c8d,single-source,2024-08-29 09:40:31.877849,,,"{""text"": ""Yes, most likely OS""}",
be66faff-c5a0-4ad1-bed9-b2b74e09f60a,47da5702-b98b-4e9c-a49f-66984f020c8d,is-a-data-standard-required,2024-08-29 09:40:33.408935,,,"{""choice"": ""No""}",
aaa8f349-247a-490c-bf6b-8fbd5875c91b,47da5702-b98b-4e9c-a49f-66984f020c8d,what-is-the-planning-consideration,2024-08-29 09:45:19.609354,,,"{""text"": ""A golf course is \""a specially prepared area intended for playing golf.\"" - [OS Open Greenspace technical specification](https://www.ordnancesurvey.co.uk/documents/product-support/tech-spec/os-open-greenspace-technical-specification.pdf)""}",
f20055d1-0d77-4c0f-a75c-2be4edddc0a3,47da5702-b98b-4e9c-a49f-66984f020c8d,is-there-legislation,2024-08-29 09:52:34.425064,,,"{""choice"": ""No""}",
4e002676-f2d6-4d10-969b-7e8a7a252ec7,47da5702-b98b-4e9c-a49f-66984f020c8d,who-in-law-is-responsible-for-it,2024-08-29 09:56:15.614129,,,"{""text"": ""There is nothing in law regarding golf courses, but they are generally privately owned parcels of land, so the owner would be responsible in this case.""}",
4e17f1ba-d5ba-4f56-9b2b-9f59979be628,6d1b245a-40e2-4eb7-b1d5-1304fcdad496,what-is-the-legislation-that-defines,2025-02-06 10:54:41.185842,,,"{""text"": ""Under the [Planning and Compulsory Purchase Act 2004, Section 18](https://www.legislation.gov.uk/ukpga/2004/5/section/18/enacted), it is stated that:\r\n\r\n(1)The local planning authority must prepare a statement of community involvement.\r\n\r\n(2)The statement of community involvement is a statement of the authority’s policy as to the involvement in the exercise of the authority’s functions under sections 19, 26 and 28 of this Act and Part 3 of the principal Act of persons who appear to the authority to have an interest in matters relating to development in their area.\r\n\r\nSub-section (2) is the best legislative definition for SCIs.""}",
ca308721-35a0-433a-8932-103d55cb2ed2,6a5351d2-5a62-4358-8419-51306b978120,publishing-organisations,2024-07-02 07:06:50.400211,2024-09-03 14:43:31.94398,,"{""choice"": ""The National Grid""}",
f1fccb01-b629-4850-bce3-66d06336a567,3b0710f4-0c3d-404a-af84-664c91894e5f,existing-data-examples,2024-08-27 15:40:25.007995,2024-08-30 15:05:17.444519,,,"[{""url"": ""https://www.gov.uk/government/publications/housing-delivery-test-2022-measurement"", ""name"": ""Housing Delivery Test: 2022 Measurement"", ""fields"": ""ONS Code;Area Name;Number of homes required;Total number of homes required;Number of homes delivered;Total number of homes delivered;Housing Delivery Test: 2022 measurement;Housing Delivery Test: 2022 consequence"", ""licence"": ""OGL v3"", ""coverage"": ""National"", ""position"": ""0"", ""publisher"": ""MHCLG"", ""csrf_token"": ""Ijc4YjdiNzYxODM5ODdmMmQwM2ZiOTQ5NTA4ZjM4YjRkYjQ4MzdlNWEi.ZtHfkA.MlDXGPFRwtAi0VxGiLx6tuxu1Dg"", ""attribution"": ""As per OGL"", ""metadata_url"": ""https://www.gov.uk/government/publications/housing-delivery-test-2022-measurement/housing-delivery-test-2022-measurement-technical-note""}]"
30392f20-ec4e-4e1c-a43e-9bbfe8f9f4c7,0ee51c1b-cc3f-44c5-9409-2d31b2e1b517,single-source,2025-01-13 12:22:00.218657,,,"{""text"": ""No - the data will come local authorities individually. The data found is also not geospatial unless otherwise stated, and is instead collated in a list (PDF or HTML).""}",
fdeecb83-737d-4c35-a20e-cdceb958e5ae,0ee51c1b-cc3f-44c5-9409-2d31b2e1b517,is-a-data-standard-required,2025-01-13 12:23:19.792973,,,"{""choice"": ""Yes""}",
d3abed1c-4d0e-4959-a301-7c02a58fbac4,9ea82299-82a8-494c-a2b6-3a89847d7ca0,publishing-organisations,2024-06-20 13:37:00.149478,,,"{""choice"": ""Department for Transport""}",
5d9af1a5-1832-4e08-b9d9-137526de23d4,6d1b245a-40e2-4eb7-b1d5-1304fcdad496,existing-data,2025-02-06 11:00:16.372394,,,"{""choice"": ""Yes""}",
c9961126-4fc6-4ab1-bc89-d8bb7c615757,d6af1726-f5e6-49df-8808-80b4449a97d3,publishing-organisations,2024-06-24 16:06:14.47755,,,"{""choice"": ""Environment Agency""}",
4ff6db81-8284-4c35-a421-b5cb6d31ab18,c2407dfa-2fa4-42ee-a665-00ea48d6e137,lifecycle-stages,2025-01-15 07:28:35.366871,2025-01-15 07:30:14.497074,,,"[{""name"": ""Adopting"", ""actors"": ""LPAs"", ""impact"": """", ""output"": ""CIL schedule"", ""position"": 0, ""csrf_token"": ""IjYwZjE2MWM0NDhjOWU3YzIyMzU0MjkwNjMxZDZlMTI5ZTdhYjI4YTgi.Z4djgg.b_yunTLobjWL73jLnjAwz6x8dg4"", ""description"": ""Authorities have to opt-in and adopt CIL""}, {""name"": ""Charging"", ""actors"": ""LPAs, developers, applicants"", ""impact"": """", ""output"": """", ""position"": 1, ""csrf_token"": ""IjYwZjE2MWM0NDhjOWU3YzIyMzU0MjkwNjMxZDZlMTI5ZTdhYjI4YTgi.Z4djqA.msJnXW8uYSKNjZ5VHyIb7K9jiKk"", ""description"": ""Once adopted, authorities can charge CIL""}, {""name"": ""Collecting"", ""actors"": ""LPAs"", ""impact"": """", ""output"": """", ""position"": 2, ""csrf_token"": ""IjYwZjE2MWM0NDhjOWU3YzIyMzU0MjkwNjMxZDZlMTI5ZTdhYjI4YTgi.Z4dj0Q.0HCNSkdWr0J7vWl2B2Nn6k2Fszs"", ""description"": ""Authorities collect the CIL. They have a role as a collecting authority""}]"
7d6f309d-4314-4ad2-a9f4-b32fb278f1af,c2407dfa-2fa4-42ee-a665-00ea48d6e137,what-is-the-planning-consideration,2024-09-18 14:39:50.24976,2025-01-15 07:32:26.444152,,"{""text"": ""The Community Infrastructure Levy is a charge which can be levied by local authorities on new development in their area. It is an important tool for local authorities to use to help them deliver the infrastructure needed to support development in their area. The levy only applies in areas where a local authority has consulted on, and approved, a charging schedule which sets out its levy rates and has published the schedule on its website. LPA's can set different rates for different development uses, and can also have a list of exemptions.\r\n\r\nThere can be multiple levels of CIL in an area. For example, in London there is \r\n1. a Mayoral CIL (set by GLA)\r\n2. authority level CIL (set by the LPA)\r\n\r\nIn this case, the GLA and LPAs (who have opted-in) are **charging authorities** and LPAs are **collecting authorities**""}",
29ac017e-a3ec-400b-9a00-3bb0f44024b8,c3727f3f-d514-451c-a666-9eaffdce6e70,publishing-organisations,2024-06-20 14:23:21.326724,,,"{""choice"": ""Natural England""}",
82842dcb-3ddf-41d2-ac4b-0772ebf35bd3,c8dd083f-978f-49f1-a7d1-08a11d012c84,where-is-data-used,2025-01-20 10:48:37.320714,,,"{""text"": ""Having infrastructure funding statements on the platform will be useful to understand how much funding LPAs have collected from developer contributions, as well as how that funding has been allocated and spent. This ensures transparency between LPAs, developers and the communities they serve.""}",
cbfd6cd3-94da-4c87-95a6-845a9876ff93,0a1e68f1-1bab-4c3b-a7c0-e275b2010ab9,publishing-organisations,2024-05-02 00:00:00,,,"{""choice"": ""Local authorities""}",
45d7c54f-2184-4c9c-bfd0-3805d32eb957,7cac6c4c-6047-463b-9bed-207c6df6b463,publishing-organisations,2024-05-17 00:00:00,,,"{""choice"": ""Local authorities""}",
127bf263-92b0-49da-869a-10a09304dadc,b968e542-0d6a-4f55-aa4b-0e9bfe02994a,publishing-organisations,2024-05-02 00:00:00,,,"{""choice"": ""Local authorities""}",
2a00ae3a-57e1-4a63-91a3-7483fb343c2b,e4e02faf-ad80-4373-b344-6c93be1c36b0,publishing-organisations,2024-07-10 07:51:10.437698,,,"{""choice"": ""The Coal Authority""}",
19068781-9af7-4fe0-91a1-547315059abd,a771a6f1-b79f-4a12-be15-a9ff7fb40058,publishing-organisations,2024-05-15 00:00:00,,,"{""choice"": ""Local authorities""}",
3890c167-7464-4c7c-8285-6b58ee4edb54,648cdd25-8c24-48cb-b140-35d06d3184c8,publishing-organisations,2024-08-12 17:04:11.704223,,,"{""choice"": ""Local authorities""}",
ee00fe79-2692-4780-8721-e1cb39500027,b32eec61-a5ae-4735-83ce-5004a9af871a,publishing-organisations,2024-08-20 11:12:34.079838,,,"{""choice"": ""Local authorities""}",
3b583a68-b4aa-4f70-9040-194274870750,375e8353-3509-4233-9665-2743f4444269,publishing-organisations,2024-05-15 00:00:00,2024-05-22 11:18:24.207077,,"{""choice"": ""Historic England""}",
b8f55b8f-0338-4c1e-b8e9-d6477221565b,277ebb03-7337-44dd-8298-6135d0a63c85,publishing-organisations,2024-05-02 00:00:00,,,"{""choice"": ""Historic England""}",
2c8870e4-757a-4d26-ba8b-adc08abf8d4c,f98069c2-d142-440f-a28d-69993881807b,publishing-organisations,2024-05-20 15:57:19.10283,,,"{""choice"": ""Historic England""}",
92855a59-6b59-4872-b17d-91fca0f657d6,d0c8d988-27b8-4d10-ac3e-6d3957efe430,publishing-organisations,2024-05-23 14:42:40.594076,2024-05-23 14:45:36.587962,,"{""choice"": ""Historic England""}",
fa3d0eb6-5440-44fb-8a45-801670a77161,e85551cc-2b49-4fd1-883d-49266befdc5d,publishing-organisations,2024-08-02 10:30:11.430082,,,"{""choice"": ""Historic England""}",
bd56a65c-5e53-43e2-815f-0ba1d7397013,ebe2c55e-d790-4ca5-a764-35624c66e632,publishing-organisations,2024-07-02 07:28:28.220948,,,"{""choice"": ""The National Grid""}",
259c0609-6390-4158-b9e7-dcba7238f3bc,9a26b3ea-d3ad-4487-ba07-4ec3c276b31f,publishing-organisations,2024-07-24 11:10:20.934972,,,"{""choice"": ""Greater London Authority""}",
17731233-4c0f-40eb-92fa-8ab1cef6cc3e,223d97ca-1f01-44eb-b0c7-f3515f5a6431,publishing-organisations,2024-07-24 11:01:40.959014,,,"{""choice"": ""Greater London Authority""}",
af3c49cf-1fa7-4cfa-9713-58def93de8ee,4fb5070c-6968-472a-b638-3bc18d5ce11d,publishing-organisations,2024-07-02 14:51:54.839872,2024-07-02 14:56:53.052489,,"{""choice"": ""Boundary Commission for England;Office for National Statistics""}",
065d6631-0dce-49de-b4e0-4d9f519ecf51,6249d754-3f41-4de2-b14c-719ba09d5644,related-planning-considerations,2024-09-04 11:49:00.374959,,,"{""text"": ""- Local plans - BNG is referenced a number of times in local plans. This consideration feeds into the process of creating a local plan as the 10% target is mandatory and so BNG policies should be worked into local plans.""}",
34fdc686-f58a-4414-9c64-d5d8f2e7878e,47da5702-b98b-4e9c-a49f-66984f020c8d,publishing-organisations,2024-08-29 09:58:37.128536,2024-08-29 09:58:49.411566,,"{""choice"": ""Unknown""}",
94119a8e-4142-4b33-9f36-d5f277216aed,35dcd0cb-a4ad-4972-81d5-34c4e86b9313,publishing-organisations,2024-07-02 16:36:48.793788,,,"{""choice"": ""Natural England""}",
4f80f20c-67d0-41e7-8ccd-4a9b8abe0bd2,00bede34-152a-40cc-ac14-bb638d1a287d,publishing-organisations,2024-08-05 14:47:23.406203,,,"{""choice"": ""- Historic England;Greater London Authority""}",
9bb25444-935d-4c51-8a33-92676d5cd104,9c7bca75-c414-4584-8f6f-64aa03e798cb,publishing-organisations,2024-06-25 12:09:33.662823,,,"{""choice"": ""Environment Agency""}",
1a806772-1d3a-4618-8f9f-805e852cf429,0487a8b6-18d1-4798-858b-797328679585,publishing-organisations,2024-08-07 11:18:41.780298,,,"{""choice"": ""Environment Agency""}",
6eea2fe4-5223-43d9-80d3-f3748a9fd7f3,8e31b7e6-87b2-4daa-8e11-26b863750bc6,publishing-organisations,2024-05-01 00:00:00,2024-05-01 09:27:48.851863,,"{""choice"": ""Local authorities;Historic England""}",
6f9793b3-d4d4-43f6-8011-fe2cf07ef1a3,cf87eb25-bd6f-4eb0-9c3c-cac00e269eba,publishing-organisations,2024-05-03 00:00:00,2024-05-22 11:09:18.974887,,"{""choice"": ""Natural England;Local authorities""}",
ab7f2ac4-4a35-46c3-9fb9-40ab8e43cb17,3c6c44ed-b57c-4faf-ac23-8dc3ff172aae,publishing-organisations,2024-07-01 07:53:02.368594,2024-07-01 07:53:31.470851,,"{""choice"": ""Ordnance Survey""}",
b64ce3b8-7366-4f7f-8f7a-92cca0bb8ad5,28ba91b4-8ff4-4294-8bdc-aa7705976b83,publishing-organisations,2024-05-22 11:52:33.521629,,,"{""choice"": ""- Greater London Authority""}",
c35d1467-ea7f-4f71-9b32-b45ff5308b49,db39f341-af14-4dde-a718-07827727ec30,publishing-organisations,2024-07-29 15:33:56.627399,,,"{""choice"": ""UK Air (Defra)""}",
7fc6064b-4db1-4c87-b36e-b760b65e87d8,603f9f05-a061-4aac-9794-b8fcd5ea06c0,publishing-organisations,2024-07-02 07:43:16.026451,2024-07-02 15:26:15.075071,,"{""choice"": ""Uknown""}",
b01778aa-6b04-4e28-99df-77f19a64b28d,f0b7c670-b91a-499a-8d1c-01580f95b01b,publishing-organisations,2024-07-03 10:12:12.752852,,,"{""choice"": ""Forestry Commission""}",
518a2ca6-9eab-40ad-ae0b-9035fe37487a,311a519f-bcd8-4ba8-9787-7f2c65f6de16,related-planning-considerations,2024-09-04 11:20:36.987157,2024-09-04 11:21:20.9499,,"{""text"": ""- Local plans - We think that SSSIs play a role in the process of creating a local plan as they are referenced multiple times.""}",
e2723f8d-1295-4ee6-bbc0-900d59e775c5,8da71a60-a503-4b22-9e6b-2ea6e9265580,related-planning-considerations,2024-09-04 11:56:01.732962,2024-12-10 16:31:58.686381,,"{""text"": ""- Local plans - PRoWs are referenced a number of times in local plans, so we think that this consideration feeds into the process of creating a local plan as LPAs should have improvement plans in place as part of this.\r\n- footpaths, bridleways and byways""}",
1e142016-4682-4903-ad06-32d5a4c3e174,e17adf66-a4d2-4e84-9ea2-e594aa85fd8e,related-planning-considerations,2024-09-04 11:28:29.320856,,,"{""text"": ""- Local plans - LWSs are referenced a number of times in local plans, so we think that this consideration feeds into the process of creating a local plan.""}",
c0326c4d-3014-46a7-a0a8-d53403c54b35,7782ee42-f96d-4d21-b383-73838a78589f,related-planning-considerations,2024-09-04 11:32:13.045711,,,"{""text"": ""- Local plans - Non-designated heritage assets are referenced a number of times in local plans, so we think that this consideration feeds into the process of creating a local plan.""}",
1db97e33-c0dc-4c90-8d70-dcfa6c06540f,f14b4a63-f760-41ae-b0ed-07d4e5c4d579,related-planning-considerations,2024-09-04 11:36:58.303482,,,"{""text"": ""- Local plans - LNRs are referenced a number of times in local plans, so we think that this consideration feeds into the process of creating a local plan.""}",
d21048f0-5dd0-473b-8953-afd367480a91,161b167f-ac57-4140-a680-495915508745,related-planning-considerations,2024-09-04 11:38:38.813135,,,"{""text"": ""- Local plans - Flood risk zones are referenced a number of times in local plans, so we think that this consideration feeds into the process of creating a local plan.""}",
275b8330-5e1e-475e-a592-92eb65e95b4c,e548e3af-5493-47a1-87e3-ef3fc3c51ef1,related-planning-considerations,2024-09-04 11:50:28.43824,,,"{""text"": ""- Local plans - Contaminated land is referenced a number of times in local plans, so we think that this consideration feeds into the process of creating a local plan.""}",
157d0ed8-7b63-4f53-aa84-f0625b3062f9,c0466ba7-3a0e-48f9-aacf-40d687ffd1d1,related-planning-considerations,2024-09-04 11:52:42.474512,,,"{""text"": ""- Local plans - Hedgerows are referenced a number of times in local plans, so we think that this consideration feeds into the process of creating a local plan as protected and important hedgerows should be factored in.""}",
09a66be6-c3ae-4bd9-b4c5-8337f46fb339,c8dd083f-978f-49f1-a7d1-08a11d012c84,related-planning-considerations,2025-01-20 10:50:48.252137,,,"{""text"": ""Local Planning Authorities, County Councils, Designated Neighbourhood Forums, Community Infrastructure Levy (CIL), Developer Contributions, Local Plans""}",
7a577da9-d451-4c6c-a38c-073a25784eef,c8943f13-e7ff-409f-9122-e0fc01eeb373,related-planning-considerations,2024-09-04 14:57:44.54787,,,"{""text"": ""- Local plans - Green corridors are referenced a number of times in local plans, so we think that this consideration feeds into the process of creating a local plan.""}",
b048df9a-b4ad-4298-a795-44f205ef4ac5,db39f341-af14-4dde-a718-07827727ec30,related-planning-considerations,2024-09-04 15:00:45.105053,,,"{""text"": ""- Local plans - AQMAs are referenced a number of times in local plans, so we think that this consideration feeds into the process of creating a local plan.""}",
a2a0cdbe-40c7-4bcc-9b91-31a25cbf9afb,ed8fa294-a35d-46ea-bd19-87ae5fbe72b0,related-planning-considerations,2024-09-04 14:59:02.165,2024-09-11 09:50:34.389854,,"{""text"": ""- Local plans - Playing fields are referenced a number of times in local plans, so we think that this consideration feeds into the process of creating a local plan.\r\n- Infrastructure Development Plan - to ensure sufficient provision is provided.  ""}",
c1a0c9ae-76a7-4d93-9d0f-8521672742bb,a9ea0b0d-ba14-4775-91b4-8f8153d4f53a,related-planning-considerations,2024-09-04 14:59:42.25324,2024-09-16 11:36:10.38585,,"{""text"": ""Other local open space designations:\r\n\r\nAmenity Greenspace \r\nPublic Parks and Gardens\r\nNatural and Semi-Natural Greenspace\r\nChildren’s play space\r\nAllotments\r\nCemeteries\r\nPlaying pitches\r\n\r\nAlso, any other sport related planning considerations""}",
3edd9765-44e5-44c6-a407-f99161948018,f160755d-01b3-4b7e-8f5c-cb18400b53fc,related-planning-considerations,2024-09-04 15:01:34.388094,,,"{""text"": ""- Local plans - Gypsy, Roma and traveller sites are referenced a number of times in local plans, so we think that this consideration feeds into the process of creating a local plan.""}",
46e0be27-c12c-4a9c-b7a5-d1e48fdefdd3,a771a6f1-b79f-4a12-be15-a9ff7fb40058,related-planning-considerations,2024-09-04 15:02:27.992194,,,"{""text"": ""- Local plans -  Brownfield land is referenced a number of times in local plans, so we think that this consideration feeds into the process of creating a local plan as there will be associated targets.""}",
3f2d4146-1418-4fec-8784-ca0fe796f69c,704d7aa2-90d5-4bae-ae28-8c8908533241,related-planning-considerations,2024-09-05 09:33:32.058318,,,"{""text"": ""- Local plans - Veteran trees are occasionally referenced in local plans, so we think that this consideration feeds into the process of creating a local plan.""}",
1bbbe90c-5357-4931-b929-7508e446b217,277ebb03-7337-44dd-8298-6135d0a63c85,related-planning-considerations,2024-05-02 00:00:00,2024-09-05 09:50:27.831914,,"{""text"": ""- Certificate of Immunity\r\n- Building Preservation Notice\r\n- Local plans - Listed buildings are referenced regularly in local plans (also under the guise of 'heritage assets'), so we think that this consideration feeds into the process of creating a local plan.""}",
b27cc737-1b4c-420d-995b-96c211b212d1,ca54380a-ccdf-4308-9672-23f2dd1b7acf,related-planning-considerations,2024-09-05 09:34:37.069167,2024-09-05 09:51:31.455752,,"{""text"": ""- Local plans - Scheduled Monuments are referenced regularly in local plans (also under the guise of 'heritage assets'), so we think that this consideration feeds into the process of creating a local plan.""}",
73c92af2-fa66-4ddc-82e8-1fd7fcc7175b,19b66190-999c-48b2-901c-09faa951949f,related-planning-considerations,2024-09-05 10:04:12.976177,,,"{""text"": ""- Local plans - Parks and gardens are referenced regularly in local plans (also under the guise of 'heritage assets'), so we think that this consideration feeds into the process of creating a local plan.""}",
685fd754-77d2-44aa-be7a-bd3696833d3a,b411bd74-e872-4d85-a930-d9c956b91b68,related-planning-considerations,2024-09-05 10:08:02.478583,,,"{""text"": ""- Local plans - Local geology sites are occasionally referenced in local plans, so we think that this consideration feeds into the process of creating a local plan.""}",
1e9d42d3-3fd5-45e9-9036-6de964f0a655,8c4f91df-8ae4-417e-a24d-bf28ba9a952b,related-planning-considerations,2024-09-05 10:09:15.012832,,,"{""text"": ""- Local plans - SuDS are occasionally referenced in local plans, so we think that this consideration feeds into the process of creating a local plan.""}",
ad9caa2e-e3ed-4f1e-9cb2-80a2e922ea42,2c6607da-f515-446d-97be-8f336dd5e91c,related-planning-considerations,2024-09-05 10:12:08.510266,,,"{""text"": ""- Local plans - Community buildings are occasionally referenced in local plans, so we think that this consideration feeds into the process of creating a local plan.""}",
98e574b6-42c0-47f7-8710-2ce58812a7c3,320418ff-0d5a-4963-8639-0341bd0eb25e,related-planning-considerations,2024-09-05 10:13:34.854859,,,"{""text"": ""- Local plans - Town centres are occasionally referenced in local plans, so we think that this consideration feeds into the process of creating a local plan.""}",
c7edf828-c58e-4417-852d-b9ab52951fda,648cdd25-8c24-48cb-b140-35d06d3184c8,related-planning-considerations,2024-09-05 10:15:02.257322,,,"{""text"": ""- Local plans - Allotments are occasionally referenced in local plans, so we think that this consideration feeds into the process of creating a local plan as provisions will need to be met.""}",
3c4d87da-92bb-4119-b6e9-0df6d136cf73,cda2f38c-416f-4235-b4c5-c07f30402704,related-planning-considerations,2024-09-05 10:16:46.879361,,,"{""text"": ""- Local plans - Priority habitats are occasionally referenced in local plans, so we think that this consideration feeds into the process of creating a local plan.""}",
ee618ebc-a4bc-494f-be2c-23217734ffb9,b968e542-0d6a-4f55-aa4b-0e9bfe02994a,related-planning-considerations,2024-05-02 00:00:00,2024-09-05 10:18:12.032764,,"{""text"": ""- Conservation Areas - There is a link between Trees and Conservation Areas in [the legislation](https://www.legislation.gov.uk/uksi/2012/605/regulation/15/made).\r\n- Local plans - TPOs are occasionally referenced in local plans, so we think that this consideration feeds into the process of creating a local plan.""}",
e9140fe3-01ad-4ee2-bb6b-8b689832ec23,646f5ef5-d648-4ef8-9d6d-bc718d1560cb,related-planning-considerations,2024-09-05 10:28:04.07882,,,"{""text"": ""- Local plans - Critical drainage areas are occasionally referenced in local plans, so we think that this consideration feeds into the process of creating a local plan.""}",
d8dc4e43-686f-43f9-b27c-0722963de964,70409ed1-3a82-41ea-a478-3eabdf7c8dc0,related-planning-considerations,2024-09-05 10:28:51.935971,,,"{""text"": ""- Local plans - Mineral safeguarding areas are occasionally referenced in local plans, so we think that this consideration feeds into the process of creating a local plan.""}",
bf25cdfc-9fca-4156-be50-4c57d006c44b,afc60032-4aeb-43f1-8cd8-087d1cd0a953,related-planning-considerations,2024-09-05 10:29:57.728212,,,"{""text"": ""- Local plans - RIGS are occasionally referenced in local plans, so we think that this consideration feeds into the process of creating a local plan.""}",
9953048d-6073-439d-81c0-dd47a8d2006f,c8dd083f-978f-49f1-a7d1-08a11d012c84,primary-users,2025-01-20 10:51:19.036386,,,"{""text"": ""Planning officers, developers, local communities""}",
096f02a8-c4e0-4949-af5f-ffe04bf5d31f,bdd538e7-9fc5-4c62-b0ce-61ebe853d9b3,related-planning-considerations,2024-09-05 10:32:51.934375,,,"{""text"": ""- Local plans - Permitted development rights are occasionally referenced in local plans, so we think that this consideration feeds into the process of creating a local plan.""}",
cbd070db-4151-4b4d-abe4-c59e69be7f6b,0d30bdd8-83e8-4dc4-aae8-b455c356732e,related-planning-considerations,2024-09-05 10:35:29.459316,,,"{""text"": ""- Local plans - SACs are occasionally referenced in local plans, so we think that this consideration feeds into the process of creating a local plan.""}",
bda35485-6efd-4541-ac74-4c1ed81d2d87,e333ebf0-f673-41ba-9f72-ea156dcf42ae,related-planning-considerations,2024-09-05 10:37:00.662046,,,"{""text"": ""- Local plans - Village greens are occasionally referenced in local plans, so we think that this consideration feeds into the process of creating a local plan.""}",
cd5aa5f2-4b85-49c8-bf7a-24755dfc4e6b,7cac6c4c-6047-463b-9bed-207c6df6b463,related-planning-considerations,2024-09-05 10:39:29.496752,2024-09-05 10:39:41.767571,,"{""text"": ""- Local plans - Design codes are occasionally referenced in local plans, so we think that this consideration feeds into the process of creating a local plan as they will need to be followed and adhered to.""}",
f6a0758a-501d-4853-9374-853beae00a5a,8e31b7e6-87b2-4daa-8e11-26b863750bc6,related-planning-considerations,2024-05-01 00:00:00,2024-09-05 10:40:20.144075,,"{""text"": ""- Permitted development rights - Some PDRs will typically be removed in a conservation area. \r\n- Trees – trees within a conservation area are protected regardless of whether there is a tree protection order or not.\r\n- Local plans - Conservation areas are referenced regularly in local plans (also under the guise of 'heritage assets'), so we are confident that they act as input to the creation of a local plan.""}",
92f6a178-a503-48d4-9354-0aa2a20cdd84,375e8353-3509-4233-9665-2743f4444269,related-planning-considerations,2024-09-05 10:42:03.895303,,,"{""text"": ""- Local plans - Battlefields are referenced regularly in local plans under the guise of 'heritage assets', so we think that this consideration feeds into the process of creating a local plan.""}",
62e8562f-296b-4042-9f47-1d639115a3eb,bb304685-63e4-4cb4-a6d2-8455435e2415,related-planning-considerations,2024-09-05 10:42:52.256468,,,"{""text"": ""- Local plans - Protected wreck sites are referenced regularly in local plans under the guise of 'heritage assets', so we think that this consideration feeds into the process of creating a local plan.""}",
d67d6c29-c192-4bc3-be64-3699edcf0976,c29bdfff-9f76-4728-a1c0-71439b126f82,related-planning-considerations,2024-09-05 10:44:36.753221,,,"{""text"": ""- Local plans - Watercourses are referenced regularly in local plans, so we think that this consideration feeds into the process of creating a local plan.""}",
20014054-cc68-4e20-94c8-235804f8c7f0,efd79d47-1b46-4de9-9004-12ba59e03794,value-to-platform,2025-03-17 10:02:41.379481,,,"{""text"": ""Having the data on the platform will allow for people to calculate a LPA's local housing need""}",
9285cade-bce0-4354-9452-c4445591433a,ed8fa294-a35d-46ea-bd19-87ae5fbe72b0,user-and-data-needs,2024-09-09 13:13:18.125645,,,"{""text"": ""When plan-making, LPAs are required to demonstrate that they are planning for sufficient open space to meet local need. Therefore, they will generally identify the baseline provision of open space, and conduct an Open Space Strategy, or similar, to assess the quality of this existing provision.\r\n\r\nPlaying fields fall into the overarching category of 'open space.'""}",
91ae2927-e1d8-4e29-9bdc-6b1ec6d5eb90,ed8fa294-a35d-46ea-bd19-87ae5fbe72b0,existing-data,2024-09-09 13:14:09.868972,,,"{""choice"": ""Yes""}",
52d59423-0f68-44ac-ae55-639a46c26e4a,ed8fa294-a35d-46ea-bd19-87ae5fbe72b0,existing-data-examples,2024-09-09 13:14:58.780376,,,,"[{""url"": ""https://www.ordnancesurvey.co.uk/products/os-open-greenspace#overview"", ""name"": ""OS Open Greenspace"", ""fields"": ""id;function;distinctiveName1;distinctiveName2;distinctiveName3;distinctiveName4;geometry"", ""licence"": ""OpenData - Open Government Licence"", ""coverage"": ""National"", ""position"": 0, ""publisher"": ""Ordnance Survey"", ""csrf_token"": ""IjAyY2Y2ZTcyZjM1MmYyMmVhY2ZlMGZmOTg5NTBlODMzODc0MjJkMzEi.Zt70pA.kOqNwIuWTcvRgEFA3v5CyGpxkr4"", ""attribution"": ""n/a"", ""metadata_url"": ""https://www.ordnancesurvey.co.uk/documents/product-support/tech-spec/os-open-greenspace-technical-specification.pdf""}]"
4b9bb3e4-3a12-4f6d-a77f-bce5d916630b,ed8fa294-a35d-46ea-bd19-87ae5fbe72b0,single-source,2024-09-09 13:15:51.479927,,,"{""text"": ""Yes, the data already exists nationally and openly.\r\nAs per some research summarised in this [blog](https://digital-land.github.io/blog-post/our-approach-to-open-space/), we will use the national data in the interim, but long term would like to collect this data from LPAs.""}",
feb6476a-374b-4a80-a7ab-6a31eaad574e,ed8fa294-a35d-46ea-bd19-87ae5fbe72b0,is-a-data-standard-required,2024-09-09 13:15:54.688999,,,"{""choice"": ""No""}",
01d18074-b248-4d18-9429-13969a8e3139,ed8fa294-a35d-46ea-bd19-87ae5fbe72b0,is-there-legislation,2024-09-09 13:18:49.856851,,,"{""choice"": ""Yes""}",
0449c454-e153-4fda-8ec7-963ec62d15d0,ed8fa294-a35d-46ea-bd19-87ae5fbe72b0,what-is-the-legislation-that-defines,2024-09-09 13:18:54.632298,,,"{""text"": ""\""“Playing field” means the whole of a site which encompasses at least one playing pitch;\"" - [The Town and Country Planning (General Development Procedure) (Amendment) Order 1996, Paragraph 3b(i)](https://www.legislation.gov.uk/uksi/1996/1817/made#:~:text=%E2%80%9Cplaying%20field%E2%80%9D%20means%20the%20whole,(ii))""}",
2f44f605-7b10-4453-9f21-2f81581db17e,ed8fa294-a35d-46ea-bd19-87ae5fbe72b0,what-is-the-planning-consideration,2024-09-09 13:18:35.748059,2024-09-09 13:19:23.37252,,"{""text"": ""Pitches for sports including football, rugby union, rugby league, hockey, lacrosse, cricket, American football etc""}",
8ef8370c-3e50-40a7-8243-ce6d05c9c329,ed8fa294-a35d-46ea-bd19-87ae5fbe72b0,who-in-law-is-responsible-for-it,2024-09-09 13:40:28.296849,,,"{""text"": ""'Local planning authorities are required to consult with us [Sport England] on planning applications that affect playing field land, and our policy is to object to applications unless they meet one of five specific exceptions, which include:\r\n\r\n- The proposals will improve the use of a playing field for sport\r\n- Replacement playing field land is to be provided\r\n- There has been a robust assessment that demonstrates there is an excess of playing field land.'\r\n\r\n[Sport England](https://www.sportengland.org/news/new-playing-fields-planning-guidance#:~:text=Local%20planning%20authorities%20are%20required,excess%20of%20playing%20field%20land.)""}",
da4f4dbb-6a45-4f3e-9a5b-a6b2a158903a,ed8fa294-a35d-46ea-bd19-87ae5fbe72b0,who-asked-for-it,2024-09-09 13:44:44.582255,,,"{""text"": ""Identified by the Geospatial Commission as a national dataset to make data easier to find for the sector.""}",
b2adc3ab-1e75-431f-a13e-2e4c5a845f24,ed8fa294-a35d-46ea-bd19-87ae5fbe72b0,what-is-the-driver,2024-09-09 13:44:47.109467,,,"{""choice"": ""Other""}",
c3e78a32-b1ab-4b49-a96e-65901e806cc3,ed8fa294-a35d-46ea-bd19-87ae5fbe72b0,which-focus-area-does-it-support,2024-09-09 13:44:57.736951,,,"{""choice"": ""Modern planning software;Faster local plans""}",
246bcfeb-bdca-45db-83ed-fc980a1e22da,c82e2f6b-4655-4d52-a632-6f829a0d6d1c,who-asked-for-it,2024-09-09 14:18:36.95347,,,"{""text"": ""Identified by the Geospatial Commission as a national dataset to make data easier to find for the sector.""}",
c31ad326-8b6b-4af0-ba4b-e3b8e5bcbea3,c82e2f6b-4655-4d52-a632-6f829a0d6d1c,what-is-the-driver,2024-09-09 14:18:38.934265,,,"{""choice"": ""Other""}",
c00f1a7b-de8d-4f7c-bc72-9f0b5f6a0111,c82e2f6b-4655-4d52-a632-6f829a0d6d1c,which-focus-area-does-it-support,2024-09-09 14:20:51.010546,,,"{""choice"": ""Modern planning software;Faster local plans""}",
d7b04d8f-b1a4-492c-afce-f17b18d1e064,c82e2f6b-4655-4d52-a632-6f829a0d6d1c,existing-data,2024-09-09 14:24:36.323424,,,"{""choice"": ""Yes""}",
4a7be074-412a-4c2d-a6bd-c640baaa792c,c82e2f6b-4655-4d52-a632-6f829a0d6d1c,single-source,2024-09-09 14:28:14.951341,,,"{""text"": ""Yes, the data already exists nationally and openly.\r\nAs per some research summarised in this [blog](https://digital-land.github.io/blog-post/our-approach-to-open-space/), we will use the national data in the interim, but long term would like to collect this data from LPAs.""}",
0920fe4e-f4b6-402e-bf32-683cc4ba9fe6,c82e2f6b-4655-4d52-a632-6f829a0d6d1c,is-a-data-standard-required,2024-09-09 14:28:17.611653,,,"{""choice"": ""No""}",
129375c3-d33f-4125-a762-45796cfc0aff,c4287c43-bcd7-4922-8149-d9e3aa537c30,who-asked-for-it,2024-09-09 14:42:07.396597,,,"{""text"": ""Identified by the Geospatial Commission as a national dataset to make data easier to find for the sector.""}",
8313acaa-4d5e-453e-88bd-b9de611bea86,c4287c43-bcd7-4922-8149-d9e3aa537c30,what-is-the-driver,2024-09-09 14:42:09.443724,,,"{""choice"": ""Other""}",
a440f6e1-2846-4ae0-90bf-483cc7d26fd5,c4287c43-bcd7-4922-8149-d9e3aa537c30,which-focus-area-does-it-support,2024-09-09 14:42:19.805901,,,"{""choice"": ""Modern planning software;Faster local plans""}",
ce42766e-aa91-4533-b17c-9938d9a194e4,c4287c43-bcd7-4922-8149-d9e3aa537c30,existing-data,2024-09-09 14:46:25.720087,,,"{""choice"": ""Yes""}",
5cd060f8-66bf-431e-96c8-67a6dea73269,c4287c43-bcd7-4922-8149-d9e3aa537c30,existing-data-examples,2024-09-09 14:46:46.545202,,,,"[{""url"": ""https://www.ordnancesurvey.co.uk/products/os-open-greenspace#overview"", ""name"": ""OS Open Greenspace"", ""fields"": ""id;function;distinctiveName1;distinctiveName2;distinctiveName3;distinctiveName4;geometry"", ""licence"": ""OpenData - Open Government Licence"", ""coverage"": ""National"", ""position"": ""0"", ""publisher"": ""Ordnance Survey"", ""csrf_token"": ""IjAyY2Y2ZTcyZjM1MmYyMmVhY2ZlMGZmOTg5NTBlODMzODc0MjJkMzEi.Zt8KQQ.tYVq0vpImYAX480vL_vOVReaMj8"", ""attribution"": ""n/a"", ""metadata_url"": ""https://www.ordnancesurvey.co.uk/documents/product-support/tech-spec/os-open-greenspace-technical-specification.pdf""}]"
56e3e282-3835-4350-8045-eaba0603e5c8,c4287c43-bcd7-4922-8149-d9e3aa537c30,single-source,2024-09-09 14:46:59.914307,,,"{""text"": ""Yes, the data already exists nationally and openly.\r\nAs per some research summarised in this [blog](https://digital-land.github.io/blog-post/our-approach-to-open-space/), we will use the national data in the interim, but long term would like to collect this data from LPAs.""}",
d833643f-ddc3-4f92-8c17-55b580363679,c4287c43-bcd7-4922-8149-d9e3aa537c30,is-a-data-standard-required,2024-09-09 14:47:01.446315,,,"{""choice"": ""No""}",
b214bdf3-bf85-47de-9c26-c727b6b77d52,ed8fa294-a35d-46ea-bd19-87ae5fbe72b0,publishing-organisations,2024-09-09 13:40:54.116149,2024-09-18 08:15:51.621838,,"{""choice"": ""Local authorities;Ordnance Survey;Sport England""}",
47e48fcf-9c95-44a8-af74-55df2a6249d3,0ee51c1b-cc3f-44c5-9409-2d31b2e1b517,additional-users,2025-01-20 09:33:43.827558,2025-02-09 18:33:01.220808,,"{""text"": ""landowners, developers, site promoters, community groups\r\n\r\nWe have captured [a few potential needs for this data](https://github.com/digital-land/data-standards-backlog/discussions/100#discussioncomment-12110216)""}",
0390c6db-003f-4dda-b6c6-b1be657ec1cd,c4287c43-bcd7-4922-8149-d9e3aa537c30,what-is-the-planning-consideration,2024-09-09 14:48:48.787172,,,"{""text"": ""In this context, 'religious grounds' means areas of land associated with churches and other places of worship. The identified national dataset specifies that these are only included where there are significant areas of greenspace (over 500m2 of natural space – identified as surfaces that are not manmade, such as grass, woodland and bare earth).""}",
fb6c885b-e15f-41d6-9a84-af1fa1e01e82,ed8fa294-a35d-46ea-bd19-87ae5fbe72b0,is-it-consulted,2024-09-11 09:42:06.063955,,,"{""choice"": ""Yes""}",
705ddfc9-67e2-476d-954e-b501b05fd51f,ed8fa294-a35d-46ea-bd19-87ae5fbe72b0,is-consulted,2024-09-11 09:43:33.513023,,,"{""text"": ""The provision of playing fields would be considered during the IDP, Playing Pitch Strategy and Local Plan process, to ensure sufficient provision is provided to the local community. ""}",
d361eeed-0d81-46f3-a878-6ed4c2e524bc,ed8fa294-a35d-46ea-bd19-87ae5fbe72b0,is-it-a-trigger,2024-09-11 09:44:36.569573,,,"{""choice"": ""Yes""}",
87aef1c0-1d31-4588-87d5-09906e15d6a7,ed8fa294-a35d-46ea-bd19-87ae5fbe72b0,what-is-triggered,2024-09-11 09:49:26.820147,,,"{""text"": ""Playing field provision would require an LPA to produce a Playing Pitch Strategy. ""}",
90e5354e-00d4-4922-912c-5ab4f0eb506c,c82e2f6b-4655-4d52-a632-6f829a0d6d1c,what-is-the-planning-consideration,2024-09-09 14:29:36.090577,2024-09-16 11:17:42.805707,,"{""text"": ""Accessible, high quality opportunities for informal recreation and community events, including urban parks, country parks, regional parks, forest parks, and formal gardens""}",
299ae799-09c2-40c0-ae0a-22c5ec719f6c,c82e2f6b-4655-4d52-a632-6f829a0d6d1c,is-it-consulted,2024-09-16 11:18:00.725764,,,"{""choice"": ""Yes""}",
ab70c02d-2e89-426a-903d-34495797b9e1,c82e2f6b-4655-4d52-a632-6f829a0d6d1c,is-consulted,2024-09-16 11:19:53.882079,,,"{""text"": ""LPAs are likely to have locally designated public parks and gardens, which are accessible, high quality opportunities for informal recreation and community events, including urban parks, country parks, regional parks, forest parks, and formal gardens. The presence of these will likely be assessed through an open space study, and when planning for growth, new public parks and garden provision will be modelled, and be expected to be delivered through development. This provision is likely to be identified through an Infrastructure Delivery Plan.""}",
c705e264-2a79-4752-9a9a-8a34dfd84862,c82e2f6b-4655-4d52-a632-6f829a0d6d1c,existing-data-examples,2024-09-09 14:25:01.764822,2024-09-16 11:20:00.184743,,,"[{""url"": ""https://www.ordnancesurvey.co.uk/products/os-open-greenspace#overview"", ""name"": ""OS Open Greenspace"", ""fields"": ""id;function;distinctiveName1;distinctiveName2;distinctiveName3;distinctiveName4;geometry"", ""licence"": ""OpenData - Open Government Licence"", ""coverage"": ""National"", ""position"": ""0"", ""publisher"": ""Ordnance Survey"", ""csrf_token"": ""IjU3MDY5YmU5OGI5ZjM0NzUwMDhlYmQyN2FjNjYwMzdiMDVlNmE3YmUi.ZugUXA.e38z2I9MqoKv9W71p1lUq5V1J10"", ""attribution"": ""n/a"", ""metadata_url"": ""https://www.ordnancesurvey.co.uk/documents/product-support/tech-spec/os-open-greenspace-technical-specification.pdf""}]"
ab1ecf67-6126-405c-95f5-a28a8540ec8b,c82e2f6b-4655-4d52-a632-6f829a0d6d1c,related-planning-considerations,2024-09-16 11:21:44.765722,,,"{""text"": ""Other local open space designations:\r\n\r\nAmenity Greenspace \r\nNatural and Semi-Natural Greenspace\r\nChildren’s play space\r\nAllotments\r\nCemeteries\r\nPlaying pitches\r\nOther outdoor sports""}",
07900657-a9a7-4870-aebb-662b2e821b27,c82e2f6b-4655-4d52-a632-6f829a0d6d1c,statutory-consultees,2024-09-16 11:22:24.28496,,,"{""text"": ""Natural England""}",
9f23b086-6e27-469d-85c0-b85b4a6fde63,c82e2f6b-4655-4d52-a632-6f829a0d6d1c,user-and-data-needs,2024-09-16 11:22:36.426087,,,"{""text"": ""LPAs are likely to have locally designated public parks and gardens, which are accessible, high quality opportunities for informal recreation and community events, including urban parks, country parks, regional parks, forest parks, and formal gardens. The presence of these will likely be assessed through an open space study, and when planning for growth, new public parks and garden provision will be modelled, and be expected to be delivered through development. This provision is likely to be identified through an Infrastructure Delivery Plan.""}",
c45d5723-b05e-4f5a-bb47-a6e7e3a9bde2,c82e2f6b-4655-4d52-a632-6f829a0d6d1c,is-it-a-trigger,2024-09-16 11:22:50.217807,,,"{""choice"": ""No""}",
3ebc16df-2fb0-4b85-bea2-cfd810c81e45,c4287c43-bcd7-4922-8149-d9e3aa537c30,is-it-a-trigger,2024-09-16 11:25:18.672998,,,"{""choice"": ""No""}",
433db68f-4c44-44a5-85e3-1ca368fb91d5,c4287c43-bcd7-4922-8149-d9e3aa537c30,is-it-consulted,2024-09-16 11:25:20.798387,,,"{""choice"": ""Yes""}",
30063f70-2412-49ca-893c-0bb53276201e,c4287c43-bcd7-4922-8149-d9e3aa537c30,is-consulted,2024-09-16 11:27:06.245497,,,"{""text"": ""LPAs are likely to assess the presence of religious grounds through an open space study, or an Infrastructure Delivery Plan. When planning for growth, new provision will be modelled, and be expected to be delivered through development.""}",
6b264f09-1d5a-4a3d-85b6-625125e0f65b,c4287c43-bcd7-4922-8149-d9e3aa537c30,user-and-data-needs,2024-09-16 11:28:29.040799,,,"{""text"": ""LPAs are likely to assess the presence of religious grounds through an open space study, or an Infrastructure Delivery Plan. When planning for growth, new provision will be modelled, and be expected to be delivered through development.\r\n""}",
ed2bd460-d952-45d5-a4bb-f5e607f0dd7d,a9ea0b0d-ba14-4775-91b4-8f8153d4f53a,what-is-the-planning-consideration,2024-09-16 11:31:50.771282,,,"{""text"": ""Courts and greens comprising natural or artificial surfaces, including tennis courts, bowling greens, athletics tracks and other outdoor sports areas""}",
093d8fa9-e628-4ad3-b52e-98f8925848bd,a9ea0b0d-ba14-4775-91b4-8f8153d4f53a,is-there-legislation,2024-09-16 11:31:54.875208,,,"{""choice"": ""No""}",
51e84b9b-30b8-4013-8176-d79205f0b52f,a9ea0b0d-ba14-4775-91b4-8f8153d4f53a,is-it-consulted,2024-09-16 11:32:20.774166,,,"{""choice"": ""Yes""}",
daab4ccb-41cc-4c66-84d3-e30caba718f8,a9ea0b0d-ba14-4775-91b4-8f8153d4f53a,is-consulted,2024-09-16 11:34:21.772174,,,"{""text"": ""LPAs are likely to have identified the presence of all sports facilities present in the borough. The presence of these will likely be assessed through an open space study, playing pitch strategy and/or an Infrastructure Delivery Plan, and when planning for growth, new provision will be modelled, and be expected to be delivered through development.""}",
0d89e37c-6bdf-4a31-aed4-a2a772891a3d,a9ea0b0d-ba14-4775-91b4-8f8153d4f53a,statutory-consultees,2024-09-16 11:34:45.879882,,,"{""text"": ""Sport England""}",
17f0feb6-f423-4414-801c-c5d799867e4d,a9ea0b0d-ba14-4775-91b4-8f8153d4f53a,user-and-data-needs,2024-09-16 11:34:54.596852,,,"{""text"": ""LPAs are likely to have identified the presence of all sports facilities present in the borough. The presence of these will likely be assessed through an open space study, playing pitch strategy and/or an Infrastructure Delivery Plan, and when planning for growth, new provision will be modelled, and be expected to be delivered through development.""}",
14807f6a-e1c0-4570-a630-d9cce2a1cbf7,e3347ece-3c02-4fd9-a222-abb995493bfd,is-there-legislation,2024-09-16 13:08:03.819424,,,"{""choice"": ""No""}",
208a9c2a-b258-4424-993b-1dcc03d7f0ac,e3347ece-3c02-4fd9-a222-abb995493bfd,is-it-a-trigger,2024-09-16 13:08:13.44309,,,"{""choice"": ""No""}",
f15b9dd4-6e7b-4120-865c-2adaa3827af2,e3347ece-3c02-4fd9-a222-abb995493bfd,is-it-consulted,2024-09-16 13:08:15.15699,,,"{""choice"": ""Yes""}",
26ea31f3-2f74-44bf-b741-bd5e2b3e6b07,e3347ece-3c02-4fd9-a222-abb995493bfd,is-consulted,2024-09-16 13:09:11.573801,,,"{""text"": ""LPAs are likely to have identified the presence of all tennis courts present in the borough. The presence of these will likely be assessed through a sport facility/playing pitch strategy and/or an Infrastructure Delivery Plan, and when planning for growth, new provision will be modelled, and be expected to be delivered through development.""}",
53f31f50-79b8-47d7-88cb-527940af1224,e3347ece-3c02-4fd9-a222-abb995493bfd,statutory-consultees,2024-09-16 13:10:04.801961,,,"{""text"": ""Sport England""}",
b7e1af62-2156-4812-b360-ba5a2ddb5242,e3347ece-3c02-4fd9-a222-abb995493bfd,user-and-data-needs,2024-09-16 13:10:36.332423,,,"{""text"": ""LPAs are likely to have identified the presence of all tennis courts present in the borough. The presence of these will likely be assessed through a sport facility/playing pitch strategy and/or an Infrastructure Delivery Plan, and when planning for growth, new provision will be modelled, and be expected to be delivered through development.""}",
da1e9fad-837d-4534-bae3-b30bd8e0d804,c3d2e08c-f2ef-49eb-9b1e-d03eb336df68,what-is-the-planning-consideration,2024-09-16 13:16:22.047756,,,"{""text"": ""Designated areas for children and young people containing a range of facilities and an environment that has been designed to provide focused opportunities for outdoor play, including Local Areas for Play (LAPs), Local Equipped Area for Play (LEAPs), -Neighbourhood Equipped Area for Play (NEAPs) and Multi-use Games Area (MUGAs)""}",
384b4d5b-7dda-43d1-a652-ed85ebbf124c,c3d2e08c-f2ef-49eb-9b1e-d03eb336df68,is-it-a-trigger,2024-09-16 13:16:32.028802,,,"{""choice"": ""No""}",
2cd139c4-6f32-408b-8be5-6facb53b6b9a,c3d2e08c-f2ef-49eb-9b1e-d03eb336df68,is-it-consulted,2024-09-16 13:16:33.641335,,,"{""choice"": ""Yes""}",
9e5e518a-ec78-471e-bfd4-5c405a428418,c3d2e08c-f2ef-49eb-9b1e-d03eb336df68,is-consulted,2024-09-16 13:17:50.344051,,,"{""text"": ""LPAs are likely to manage/own many of the play spaces within the borough, and therefore will hold data on play space provision. The presence of these will likely be assessed through an open space study and/or an Infrastructure Delivery Plan, and when planning for growth, new provision will be modelled, and be expected to be delivered through development.""}",
7d59d32d-6689-419d-9bd6-ff67b2d3d50b,c3d2e08c-f2ef-49eb-9b1e-d03eb336df68,user-and-data-needs,2024-09-16 13:18:19.02464,,,"{""text"": ""LPAs are likely to manage/own many of the play spaces within the borough, and therefore will hold data on play space provision. The presence of these will likely be assessed through an open space study and/or an Infrastructure Delivery Plan, and when planning for growth, new provision will be modelled, and be expected to be delivered through development.""}",
59baf063-40b9-4acd-b9fd-93bde96c4eba,efd79d47-1b46-4de9-9004-12ba59e03794,use-cases,2025-03-17 10:02:18.733247,2025-03-17 10:02:50.274523,,"{""text"": ""Having the data on the platform will allow for people to calculate a LPA's local housing need""}",
db37ec20-9fdb-4464-a75b-386a12e42a51,c82e2f6b-4655-4d52-a632-6f829a0d6d1c,is-there-legislation,2024-09-17 07:26:49.104727,,,"{""choice"": ""No""}",
ebbf6fce-057a-48fe-991e-5fc5c5875509,c82e2f6b-4655-4d52-a632-6f829a0d6d1c,who-in-law-is-responsible-for-it,2024-09-17 07:29:09.186899,,,"{""text"": ""There is no legislation outlining this, but we expect that LPAs are responsible for making decisions on public parks and gardens as it is a local designation.""}",
14fe4ca6-111f-4d59-8aee-fbe498849104,c82e2f6b-4655-4d52-a632-6f829a0d6d1c,risks,2024-09-17 07:31:24.331512,,,"{""text"": ""Through the research of the available open national dataset, there appear to be no immediate risks to adding this data to the platform.""}",
bcdfbb8f-c71d-4db4-867b-5edce88da61a,c4287c43-bcd7-4922-8149-d9e3aa537c30,is-there-legislation,2024-09-17 07:39:41.422502,,,"{""choice"": ""No""}",
557c1798-6a82-49ec-8d56-f34ff3ff9027,c4287c43-bcd7-4922-8149-d9e3aa537c30,who-in-law-is-responsible-for-it,2024-09-17 07:40:40.790327,,,"{""text"": ""There is no legislation outlining this, but expect that as it is something that LPAs will need to plan for, they will be responsible for making decisions regarding religious grounds.""}",
3c0ca1d1-d417-4d91-b653-c70de8a704db,c4287c43-bcd7-4922-8149-d9e3aa537c30,publishing-organisations,2024-09-17 07:40:47.62229,,,"{""choice"": ""Local authorities""}",
c0a3a8cc-edf5-47c4-9e14-e4c324f49f7d,c4287c43-bcd7-4922-8149-d9e3aa537c30,risks,2024-09-17 07:43:57.911648,,,"{""text"": ""Through the research of the available open national dataset, there appear to be no immediate risks to adding this data to the platform.""}",
ebc7da76-08cb-4cb0-959f-ceb5d8900c91,a9ea0b0d-ba14-4775-91b4-8f8153d4f53a,who-asked-for-it,2024-09-17 07:55:09.960225,,,"{""text"": ""Identified by the Geospatial Commission as a part of a national dataset to make data easier to find for the sector.""}",
d8a1f6c5-5468-4ce3-a0d0-555c3458a878,a9ea0b0d-ba14-4775-91b4-8f8153d4f53a,what-is-the-driver,2024-09-17 07:55:12.655372,,,"{""choice"": ""Other""}",
b5f65bcb-70c4-4863-be3e-632e12f0f274,a9ea0b0d-ba14-4775-91b4-8f8153d4f53a,which-focus-area-does-it-support,2024-09-17 07:55:32.003514,,,"{""choice"": ""Modern planning software;Faster local plans""}",
06f60c71-011d-4c8f-b08d-555494d3289e,a9ea0b0d-ba14-4775-91b4-8f8153d4f53a,who-in-law-is-responsible-for-it,2024-09-17 07:57:37.81439,,,"{""text"": ""Nothing was found through legislation, but we expect that the LPA is responsible for decision making with regards to other sports facilities as it is a local designation.""}",
ba18a9e3-6006-41e8-ad4c-9fd843066a03,a9ea0b0d-ba14-4775-91b4-8f8153d4f53a,existing-data,2024-09-17 07:57:54.605893,,,"{""choice"": ""Yes""}",
caa19d93-b779-4d68-a3b0-7253c10f8e0b,a9ea0b0d-ba14-4775-91b4-8f8153d4f53a,existing-data-examples,2024-09-17 07:58:17.173627,,,,"[{""url"": ""https://www.ordnancesurvey.co.uk/products/os-open-greenspace#overview"", ""name"": ""OS Open Greenspace"", ""fields"": ""id;function;distinctiveName1;distinctiveName2;distinctiveName3;distinctiveName4;geometry"", ""licence"": ""OpenData - Open Government Licence"", ""coverage"": ""National"", ""position"": ""0"", ""publisher"": ""Ordnance Survey"", ""csrf_token"": ""IjAyY2Y2ZTcyZjM1MmYyMmVhY2ZlMGZmOTg5NTBlODMzODc0MjJkMzEi.Zuk2gg.KBedLA89s1s7L6gVbnDYePxPJAs"", ""attribution"": ""n/a"", ""metadata_url"": ""https://www.ordnancesurvey.co.uk/documents/product-support/tech-spec/os-open-greenspace-technical-specification.pdf""}]"
adf0be70-dddb-4a5b-b756-1c7ec6e01e8d,a9ea0b0d-ba14-4775-91b4-8f8153d4f53a,single-source,2024-09-17 07:58:43.229473,,,"{""text"": ""Yes, the data already exists nationally and openly.\r\nAs per some research summarised in this [blog](https://digital-land.github.io/blog-post/our-approach-to-open-space/), we will use the national data in the interim, but long term would like to collect this data from LPAs.""}",
9ee0e454-2703-4086-8f22-704ddeaaabf2,a9ea0b0d-ba14-4775-91b4-8f8153d4f53a,is-a-data-standard-required,2024-09-17 07:58:53.746515,,,"{""choice"": ""No""}",
91ad7736-d2e8-4758-aa8f-62868de2a727,a9ea0b0d-ba14-4775-91b4-8f8153d4f53a,risks,2024-09-17 08:03:46.211252,,,"{""text"": ""Through the research of the available open national dataset, there appear to be no immediate risks to adding this data to the platform.""}",
601d0ad0-b718-48b3-940e-01080ca8514c,c3d2e08c-f2ef-49eb-9b1e-d03eb336df68,who-asked-for-it,2024-09-18 07:49:21.923549,,,"{""text"": ""Identified by the Geospatial Commission as a national dataset to make data easier to find for the sector.""}",
0383dc1a-4611-4bc7-807e-85f761b333a8,c3d2e08c-f2ef-49eb-9b1e-d03eb336df68,what-is-the-driver,2024-09-18 07:49:24.021373,,,"{""choice"": ""Other""}",
cf50102f-4a5b-4432-8168-1fb6b3d4be06,c3d2e08c-f2ef-49eb-9b1e-d03eb336df68,which-focus-area-does-it-support,2024-09-18 07:49:25.857608,,,"{""choice"": ""Modern planning software;Faster local plans""}",
3084f72f-7e48-4b9a-aacc-e865730be7e8,c3d2e08c-f2ef-49eb-9b1e-d03eb336df68,existing-data,2024-09-18 07:50:58.406268,,,"{""choice"": ""Yes""}",
cda35b93-8837-44e1-9024-713d9b79c8ce,c3d2e08c-f2ef-49eb-9b1e-d03eb336df68,existing-data-examples,2024-09-18 07:51:28.061382,,,,"[{""url"": ""https://www.ordnancesurvey.co.uk/products/os-open-greenspace#overview"", ""name"": ""OS Open Greenspace"", ""fields"": ""id;function;distinctiveName1;distinctiveName2;distinctiveName3;distinctiveName4;geometry"", ""licence"": ""OpenData - Open Government Licence"", ""coverage"": ""National"", ""position"": ""0"", ""publisher"": ""Ordnance Survey"", ""csrf_token"": ""IjAyY2Y2ZTcyZjM1MmYyMmVhY2ZlMGZmOTg5NTBlODMzODc0MjJkMzEi.ZuqGYg.fMoGoXKQXBnjFCZKX5kpaJHItgo"", ""attribution"": ""n/a"", ""metadata_url"": ""https://www.ordnancesurvey.co.uk/documents/product-support/tech-spec/os-open-greenspace-technical-specification.pdf""}]"
f80d1120-9b3e-4846-9647-db6e2b14036b,c3d2e08c-f2ef-49eb-9b1e-d03eb336df68,single-source,2024-09-18 07:51:46.979116,,,"{""text"": ""Yes, the data already exists nationally and openly.\r\nAs per some research summarised in this [blog](https://digital-land.github.io/blog-post/our-approach-to-open-space/), we will use the national data in the interim, but long term would like to collect this data from LPAs.""}",
cdd8b625-dff8-4bc2-b01b-7c5240d5bff6,c3d2e08c-f2ef-49eb-9b1e-d03eb336df68,is-a-data-standard-required,2024-09-18 07:51:50.744441,,,"{""choice"": ""No""}",
1eb2aa7f-eb8d-4ed7-8b6d-b23225864eac,c3d2e08c-f2ef-49eb-9b1e-d03eb336df68,publishing-organisations,2024-09-18 07:53:15.216283,,,"{""choice"": ""Local authorities""}",
63c7e593-db41-403a-b688-c25a1999f5a3,c3d2e08c-f2ef-49eb-9b1e-d03eb336df68,who-in-law-is-responsible-for-it,2024-09-18 07:55:15.314183,,,"{""text"": ""We found nothing in legislation, but we think that as local authorities typically manage these spaces, decisions on their provision and development are their responsibility.""}",
7a0c5a1d-b687-497b-835d-88ba1d22c9e0,c3d2e08c-f2ef-49eb-9b1e-d03eb336df68,is-there-legislation,2024-09-18 07:55:20.71228,,,"{""choice"": ""No""}",
59d9ec5d-67a9-4c1c-b234-f7a6996bf1ea,c3d2e08c-f2ef-49eb-9b1e-d03eb336df68,risks,2024-09-18 07:57:36.490539,,,"{""text"": ""Through the research of the available open national dataset, there appear to be no immediate risks to adding this data to the platform.""}",
c35cb9ae-1479-4c38-a0c8-03e39cbc8350,e3347ece-3c02-4fd9-a222-abb995493bfd,who-asked-for-it,2024-09-18 08:06:19.067639,,,"{""text"": ""Identified by the Geospatial Commission as part of a national dataset to make data easier to find for the sector.""}",
75dca2b6-27e1-45f6-a884-ceaa7c1154ae,e3347ece-3c02-4fd9-a222-abb995493bfd,what-is-the-driver,2024-09-18 08:06:20.715561,,,"{""choice"": ""Other""}",
5372bd83-73cc-40d2-8a1e-d5f256d43b15,e3347ece-3c02-4fd9-a222-abb995493bfd,which-focus-area-does-it-support,2024-09-18 08:06:22.65991,,,"{""choice"": ""Modern planning software;Faster local plans""}",
8eb02472-ba07-4c01-ae73-9ebf4010997b,e3347ece-3c02-4fd9-a222-abb995493bfd,what-is-the-planning-consideration,2024-09-18 08:07:26.887666,,,"{""text"": ""A specially prepared area intended for playing tennis.""}",
e8dc2da6-5823-45cb-bef4-96a328206f5b,e3347ece-3c02-4fd9-a222-abb995493bfd,existing-data,2024-09-18 08:07:32.377941,,,"{""choice"": ""Yes""}",
032fdd68-1760-4913-836c-61ee5d3673fe,e3347ece-3c02-4fd9-a222-abb995493bfd,existing-data-examples,2024-09-18 08:07:49.560853,,,,"[{""url"": ""https://www.ordnancesurvey.co.uk/products/os-open-greenspace#overview"", ""name"": ""OS Open Greenspace"", ""fields"": ""id;function;distinctiveName1;distinctiveName2;distinctiveName3;distinctiveName4;geometry"", ""licence"": ""OpenData - Open Government Licence"", ""coverage"": ""National"", ""position"": ""0"", ""publisher"": ""Ordnance Survey"", ""csrf_token"": ""IjAyY2Y2ZTcyZjM1MmYyMmVhY2ZlMGZmOTg5NTBlODMzODc0MjJkMzEi.ZuqKRA.COhLgWMWaGoJmnvbHeYm8BjLwd4"", ""attribution"": ""n/a"", ""metadata_url"": ""https://www.ordnancesurvey.co.uk/documents/product-support/tech-spec/os-open-greenspace-technical-specification.pdf""}]"
c12d1721-3282-4747-8bf2-3fd5e07a1dab,e3347ece-3c02-4fd9-a222-abb995493bfd,single-source,2024-09-18 08:08:51.486823,,,"{""text"": ""Yes, the data already exists nationally and openly.\r\nAs per some research summarised in this [blog](https://digital-land.github.io/blog-post/our-approach-to-open-space/), we will use the national data in the interim, but long term would like to collect this data from LPAs, but potentially include it as part of an 'Other outdoor sports' dataset of some sort.""}",
1c56e48e-fdc5-4a7f-abd5-291256bd0ae4,e3347ece-3c02-4fd9-a222-abb995493bfd,is-a-data-standard-required,2024-09-18 08:08:55.827027,,,"{""choice"": ""No""}",
acfa3b0d-33d2-43a4-88f1-b434e58a21d4,e3347ece-3c02-4fd9-a222-abb995493bfd,publishing-organisations,2024-09-18 08:09:05.256859,,,"{""choice"": ""Local authorities;Sport England""}",
325d58b9-8857-4317-847b-b15d699d23fd,e3347ece-3c02-4fd9-a222-abb995493bfd,who-in-law-is-responsible-for-it,2024-09-18 08:11:37.181764,,,"{""text"": ""There is no legislation outlining this, but we think the decision making responsibility lies with the LPA as they plan for growth, new provision, and development. Sport England also potentially help in making decisions when it comes to planning applications with impacts on tennis court areas.""}",
436156f3-d174-4a80-ab9a-adc2d5f12936,e3347ece-3c02-4fd9-a222-abb995493bfd,risks,2024-09-18 08:12:34.669297,,,"{""text"": ""Through the research of the available open national dataset, there appear to be no immediate risks to adding this data to the platform.""}",
5c49a846-626a-4ec0-9919-8ac8fc7d0861,a9ea0b0d-ba14-4775-91b4-8f8153d4f53a,publishing-organisations,2024-09-17 07:57:48.499072,2024-09-18 08:16:07.063155,,"{""choice"": ""Local authorities;Sport England""}",
1ee0f056-9da5-4661-959b-1e907cf75633,6d1b245a-40e2-4eb7-b1d5-1304fcdad496,existing-data-examples,2025-02-06 11:01:19.694284,,,,"[{""url"": ""https://tewkesbury.gov.uk/wp-content/uploads/2022/Planning%20policy/Local%20plan/SCI/Statement%20of%20Community%20Involvement%202022.pdf"", ""name"": ""Tewkesbury Borough Council Statement of Community Involvement"", ""fields"": ""[DOCUMENT]"", ""licence"": ""Unknown"", ""coverage"": ""Local Authority"", ""position"": ""0"", ""publisher"": ""Tewkesbury"", ""csrf_token"": ""IjcwY2UxMDczZDY3MWNjZjJkYzE1NWZmMjY0YWE2MGVkMDBlZGQyMWYi.Z6SWQA.rhNH6Z5Vm-s4PkkrIgeyEf02pFE"", ""attribution"": ""N/A"", ""metadata_url"": """"}]"
d13f8610-0195-4980-b38d-f6ca0d6f6c24,c2407dfa-2fa4-42ee-a665-00ea48d6e137,is-there-legislation,2024-09-18 14:40:17.600232,,,"{""choice"": ""Yes""}",
03a3cd8c-8369-4202-b8f7-5f903c59d4e0,c2407dfa-2fa4-42ee-a665-00ea48d6e137,what-is-the-legislation-that-defines,2024-09-18 14:40:25.663609,,,"{""text"": ""The Community Infrastructure Levy Regulations 2010""}",
98f0c48f-9c24-40de-bec0-6fa55066641f,c2407dfa-2fa4-42ee-a665-00ea48d6e137,publishing-organisations,2024-09-18 14:40:44.316193,,,"{""choice"": ""Local authorities""}",
cd2cd918-d477-4fb7-8c20-53bfe5436b34,c2407dfa-2fa4-42ee-a665-00ea48d6e137,is-it-a-trigger,2024-09-18 14:40:51.654766,,,"{""choice"": ""Yes""}",
ff020bf1-6c06-46ad-a5a5-2734a036e819,c2407dfa-2fa4-42ee-a665-00ea48d6e137,what-is-triggered,2024-09-18 14:44:29.208101,,,"{""text"": ""Applicants will be required to pay CIL on certain developments in line with what is set out within the charging schedule of the relevant LPA. The applicant will then be required to fill out the relevant forms from: https://www.planningportal.co.uk/planning/policy-and-legislation/CIL/download-the-forms""}",
6b9f0e0f-c1b0-4c01-bfe5-1ee2b6674313,c2407dfa-2fa4-42ee-a665-00ea48d6e137,is-it-consulted,2024-09-18 14:44:48.776247,,,"{""choice"": ""Yes""}",
ca915bde-76ee-4dc1-b45f-76930ef1b6be,c2407dfa-2fa4-42ee-a665-00ea48d6e137,is-consulted,2024-09-18 14:46:21.930317,,,"{""text"": ""When planning for growth, infrastructure delivery is an important element of the Local Plan process. Additionally, there are likely to be viability considerations relevant when preparing the Viability Assessment for the Local Plan.""}",
59770e40-d3e6-4385-8657-6c19ef015830,c2407dfa-2fa4-42ee-a665-00ea48d6e137,existing-data,2024-09-18 14:46:26.065662,,,"{""choice"": ""No""}",
066dd84c-088f-480e-af8f-edcea19082a7,c2407dfa-2fa4-42ee-a665-00ea48d6e137,single-source,2024-09-18 14:46:31.150876,,,"{""text"": ""No""}",
56fd263a-24f2-4b92-be9b-cf2fb7a64907,c2407dfa-2fa4-42ee-a665-00ea48d6e137,is-a-data-standard-required,2024-09-18 14:46:37.915605,,,"{""choice"": ""Yes""}",
7d1cc3ef-485d-4c86-8400-60c5ae291c9f,c2407dfa-2fa4-42ee-a665-00ea48d6e137,user-and-data-needs,2024-09-18 14:51:33.378991,,,"{""text"": ""There are a number of planning use cases for CIL charging zones, including for the development management process where developers/applicants etc will be required to calculate the CIL rate which will be required as part of a development. This will depend on the use and floorspace of development. LPA planning officers will then be required to verify that this has been calculated accurately.\r\n\r\nCIL is also an important consideration when plan-making, to ensure that growth coming forward will be supported by sufficient infrastructure, and that an appropraite balance is being achieved in terms of viability and sufficient funding for infrastructure.\r\n""}",
aef94210-da40-43ed-9e27-6d420769f9b2,c2407dfa-2fa4-42ee-a665-00ea48d6e137,use-cases,2024-09-19 07:50:31.692016,2024-09-20 08:19:41.467744,,"{""text"": ""To know which planning authorities have opted into CIL.\r\n\r\nTo know what stage an LPA is at with adopting their CIL charging schedule.\r\n\r\nTo easily be able to find the CIL schedule (legal instrument).\r\n\r\nTo be able to understand the CIL rates/levies in an area.\r\n\r\nTo be able to calculate the amount of CIL payable for a development""}",
200dd648-efaf-4f9f-908d-34d6870cae6a,c2407dfa-2fa4-42ee-a665-00ea48d6e137,value-to-platform,2024-09-20 08:21:34.619872,,,"{""text"": ""Service builders will be able to incorporate CIL data and rates into their services. This will allow them to do things like calculate the CIL payable for a development before the application is submitted, helping to assess the viability of a development.\r\n\r\nIt will also be easier for analysts to track which LPAs have opted into CIL.""}",
f3953e88-4d47-4b3d-a541-eddf0922ea35,c2407dfa-2fa4-42ee-a665-00ea48d6e137,related-planning-considerations,2024-09-20 19:40:35.270276,2024-09-20 19:41:00.948226,,"{""text"": ""Planning authorities can set CIL rates based on the [use class](https://design.planning.data.gov.uk/planning-consideration/use-class) (which is a planning consideration)""}",
18568c67-721b-4877-a9ba-28661597eb43,e3347ece-3c02-4fd9-a222-abb995493bfd,where-is-data-used,2024-10-02 06:17:16.714745,,,"{""text"": ""The data may be used during the production of the local plan""}",
177f6975-8f13-42f5-8ffe-57954213e614,e3347ece-3c02-4fd9-a222-abb995493bfd,related-planning-considerations,2024-10-02 06:17:30.40451,,,"{""text"": ""Local plans""}",
8fe95df4-6876-43be-92aa-059e182d0183,0ee51c1b-cc3f-44c5-9409-2d31b2e1b517,existing-data-examples,2025-01-13 12:21:14.795256,2025-01-13 12:35:01.701009,,,"[{""url"": ""https://www.brighton-hove.gov.uk/sites/default/files/2024-11/List%20of%20Assets%20of%20Community%20Value%20%201%20Nov%2024_.pdf"", ""name"": ""List of successful nominations and nominations pending decision"", ""fields"": ""Asset name and reference;Address of asset;Nomination date;Decision and date;Review Decision and date;Date Disposal Notice received;End of Interim Moratorium Period;End of full Moratorium;End of Protected Period"", ""licence"": ""Unknown"", ""coverage"": ""Local authority area"", ""position"": 0, ""publisher"": ""Brighton & Hove City Council"", ""csrf_token"": ""IjcwY2UxMDczZDY3MWNjZjJkYzE1NWZmMjY0YWE2MGVkMDBlZGQyMWYi.Z4UEhA.FsIY_8FRl21X5ruCbNICksHqQtQ"", ""attribution"": ""n/a"", ""metadata_url"": """"}, {""url"": ""https://www.northnorthants.gov.uk/community-assets/assets-community-value/assets-community-value-register"", ""name"": ""Assets of Community Value"", ""fields"": ""Reference;Asset name and address;Nominated by, effective listing date and date listing expires (5 years after listing);Current status"", ""licence"": ""Unknown"", ""coverage"": ""Local authority area"", ""position"": 1, ""publisher"": ""North Northamptonshire Council"", ""csrf_token"": ""IjcwY2UxMDczZDY3MWNjZjJkYzE1NWZmMjY0YWE2MGVkMDBlZGQyMWYi.Z4UGZQ.ql1BX6qzDfy1OXCXHknAGd-NRnA"", ""attribution"": ""n/a"", ""metadata_url"": """"}, {""url"": ""https://map.cornwall.gov.uk/website/ccmap/?zoomlevel=4&xcoord=230496&ycoord=82124&wsName=ccmap&layerName=Community%20right%20to%20bid"", ""name"": ""Community Right to bid (geospatial but not downloadable)"", ""fields"": ""Ref_num;CNA;Asset_Addr;Date_Rec;Date_Dec;Decision;Reasons;Date_Not;Interim;Intention;Date_End;Period_End;Date_Expir;UPRN;X_COORD;Y_COORD;Asset_Nam;CAP"", ""licence"": ""Unknown"", ""coverage"": ""Local authority area"", ""position"": ""2"", ""publisher"": ""Cornwall Council"", ""csrf_token"": ""IjcwY2UxMDczZDY3MWNjZjJkYzE1NWZmMjY0YWE2MGVkMDBlZGQyMWYi.Z4UIZg.vGtXblOhZvT3Hdf6IOgGsFnYjqE"", ""attribution"": ""n/a"", ""metadata_url"": """"}]"
ff021f7e-4308-4125-b809-ec5c6b3ef0c4,b968e542-0d6a-4f55-aa4b-0e9bfe02994a,lifecycle-stages,2024-05-02 00:00:00,2024-10-08 10:42:56.728738,,,"[{""name"": ""Request"", ""actors"": ""LPA or Public"", ""impact"": """", ""output"": """", ""position"": ""0"", ""csrf_token"": ""IjIwOThmMTIyM2VhMjkxMmIwNmM0NWRjYTYyYzIyMWI5NGYwNzYwZDUi.ZjOnmA.vpaaWsHwBaiSFjmvYfVTLI7FNZs"", ""description"": """"}, {""name"": ""Site Visit"", ""actors"": ""LPA"", ""impact"": ""Decision to progress with order"", ""output"": """", ""position"": ""1"", ""csrf_token"": ""IjIwOThmMTIyM2VhMjkxMmIwNmM0NWRjYTYyYzIyMWI5NGYwNzYwZDUi.ZjOnpg.e4ZGsuRbhhCjDBpwnPu8a7w508c"", ""description"": """"}, {""name"": ""Order prepared"", ""actors"": """", ""impact"": """", ""output"": ""TPO Document"", ""position"": ""2"", ""csrf_token"": ""IjIwOThmMTIyM2VhMjkxMmIwNmM0NWRjYTYyYzIyMWI5NGYwNzYwZDUi.ZjOnsg.RiebJA_oqXhPFLyIvZwBngMDfQA"", ""description"": """"}, {""name"": ""Objections"", ""actors"": ""Public"", ""impact"": ""Order could not be confirmed"", ""output"": """", ""position"": ""3"", ""csrf_token"": ""IjIwOThmMTIyM2VhMjkxMmIwNmM0NWRjYTYyYzIyMWI5NGYwNzYwZDUi.ZjOnwg.uY9wFX02M1wFtVao0wzaumbHd10"", ""description"": """"}, {""name"": ""Order confirmed"", ""actors"": ""All parties"", ""impact"": ""Order made available to public\r\nRecorded in LLC register"", ""output"": """", ""position"": ""4"", ""csrf_token"": ""IjIwOThmMTIyM2VhMjkxMmIwNmM0NWRjYTYyYzIyMWI5NGYwNzYwZDUi.ZjOn1w.18m2YI146WoaeEBIZQG1_9cwSZ8"", ""description"": """"}, {""name"": ""Variation of order"", ""actors"": ""LPA"", ""impact"": ""Variation of order can be confirmed or withdrawn"", ""output"": ""Revised Order which is made available to the people affected, as well as the public"", ""position"": ""5"", ""csrf_token"": ""IjIwOThmMTIyM2VhMjkxMmIwNmM0NWRjYTYyYzIyMWI5NGYwNzYwZDUi.ZjOn4g.zAHvfmpIRA_N5Tek-k_zftYT1fE"", ""description"": """"}, {""name"": ""Revocation of order"", ""actors"": "" LPA"", ""impact"": ""Order removed"", ""output"": ""Consultation "", ""position"": ""6"", ""csrf_token"": ""ImVmYzg5ZDI3NjFjZjkwYWNhNmNmZmE3Yzg3MTVhNzEzYzYxODRmZDUi.ZwUMqw.21PL0VUi7EXJxr_2h3n_R0IcmWA"", ""description"": ""There is legislation on the revocation of a tree preservation order, under regulation 11, which states that:\r\n\r\nWhere an authority revoke an order they shall—\r\n(a) endorse the original order with a statement to the effect that the order has been revoked, specifying the date of the revocation;\r\n(b) notify the persons interested in the land affected by the order that the order has been revoked; and\r\n(c) withdraw from public inspection the copy of the original order made available in accordance with regulation 5.""}]"
f39227f6-cedc-4154-b1f1-f55138a4cbc8,45697341-5c2e-42f6-89be-051f1c9ead70,is-a-data-standard-required,2024-10-09 06:20:02.953609,,,"{""choice"": ""Yes""}",
f70422d5-1577-4427-bae5-8d2b961dec61,509f7b0c-4583-404b-ae27-e7c8bb6c05e6,single-source,2024-10-23 14:35:16.218929,,,"{""text"": ""We think this is produced by each relevant planning authority""}",
f4dd1222-7c7d-4e74-8e08-92cffa2e39be,57c13c12-f198-4313-8518-9465182e706e,use-cases,2024-06-28 11:02:12.858108,2024-10-28 08:19:45.296381,,"{""text"": ""Understanding mitigating Radon levels is important for building controls - as referenced in this [guidance document](https://assets.publishing.service.gov.uk/government/uploads/system/uploads/attachment_data/file/431943/BR_PDF_AD_C_2013.pdf)""}",
6a66bb80-b160-49ec-ae1a-7ea8c3814730,57c13c12-f198-4313-8518-9465182e706e,additional-users,2024-06-28 11:02:10.803116,2024-10-28 08:20:25.894577,,"{""text"": ""Developers - so that they can prepare the correct mitigation\r\n\r\nPlanning officers so that they know mitigations are required\r\n\r\nCitizens/conveyancers need to know Radon levels for searches""}",
4cea96e6-07be-45ef-a5b9-1b9fb157a1c7,57c13c12-f198-4313-8518-9465182e706e,related-planning-considerations,2024-06-28 11:01:26.119358,2024-10-28 08:21:57.250893,,"{""text"": ""* Local plans - Radon gas is occasionally referenced in local plans, so we think that this consideration feeds into the process of creating a local plan.\r\n* [Planning conditions](https://design.planning.data.gov.uk/planning-consideration/planning-conditions)""}",
1d8ab72e-c588-43cf-9bbb-1194d40a939a,0ee51c1b-cc3f-44c5-9409-2d31b2e1b517,use-cases,2025-01-20 09:35:09.53692,,,"{""text"": ""This data will display the presence of all assets of community value, as well as unsuccessful nominations over a 5 year period. The planning need for this data is it's contribution towards gathering a clear picture of all planning and land designations. This might be particularrly useful for developers/landowners/site promoters who will need to know this information in order to purchase land or properties. ""}",
4667f1fd-8dc1-4438-8737-7f44742f619f,0ee51c1b-cc3f-44c5-9409-2d31b2e1b517,value-to-platform,2025-01-20 09:35:36.439604,,,"{""text"": ""The value for this data is it's contribution towards gathering a clear picture of all planning and land designations.""}",
4e593b8b-ef3d-45cf-bf98-55287a83bc4c,770529fd-b90e-438e-96c9-e0b0fae08c7b,is-consulted,2025-01-20 10:10:28.511288,,,"{""text"": ""During plan-making, it is essential that officers engage with distribution network operators, and specifically, the six companies that hold the 14 distribution licenses:\r\n- Electricity North West \r\n- Northern Powergrid \r\n- SP Energy Networks \r\n- Scottish and Southern Electricity Networks (SSEN) \r\n- UK Power Networks \r\n- Western Power Distribution\r\n\r\nLPAs will need to ensure that any new development will be served by the elecrticity network, as well as ensuring that the increased level of demand generated as a result of growth can be supported by the DNOs. In most cases, on-site provision will be delivered by developers, but there will also be cases where additional demand generated may require financial contributions through developer funding.""}",
01c0e60d-aa00-435c-bd79-809d9bd0ef47,770529fd-b90e-438e-96c9-e0b0fae08c7b,existing-data-examples,2025-01-17 14:39:30.191244,2025-01-20 10:10:35.356874,,,"[{""url"": ""https://www.neso.energy/data-portal/gis-boundaries-gb-dno-license-areas"", ""name"": ""GB DNO Licence Areas 20240503 with GeoJson"", ""fields"": ""Name;ID;DNO;Area;DNO_Full"", ""licence"": ""NESO Public Data Licence"", ""coverage"": ""National"", ""position"": ""0"", ""publisher"": ""National Energy System Operator"", ""csrf_token"": ""ImRhYWFjN2FhNGUwZmRlYTEwZjA1Y2MyNzRhYjRkN2M5MDY3ZDIyMjUi.Z44hFg.RnN3KifjXK9R2fQCCuQlucTVxaw"", ""attribution"": ""unknown"", ""metadata_url"": """"}]"
5941acc0-afdf-4ca7-a59c-941725d92fdf,770529fd-b90e-438e-96c9-e0b0fae08c7b,where-is-data-used,2025-01-20 10:14:29.322313,,,"{""text"": ""The data will be used to inform developers, planning officers, and other planning professionals, on which DNO license area is relevant, and from this , which company holds the license (Electricity North West, Northern Powergrid, SP Energy Networks, Scottish and Southern Electricity Networks (SSEN), UK Power Networks, Western Power Distribution). This will allow for engagement between bodies to ensure that any additional demand can be met by the DNO.\r\n""}",
8abc9880-0ca6-40d3-bf2e-077aefe81740,770529fd-b90e-438e-96c9-e0b0fae08c7b,primary-users,2025-01-20 10:15:12.284021,,,"{""text"": ""developers, planning officers (both DM case officers, and policy officers)""}",
94d7040b-6427-4bc4-b131-140e601bb0f8,770529fd-b90e-438e-96c9-e0b0fae08c7b,user-and-data-needs,2025-01-20 10:15:32.458649,,,"{""text"": ""During plan-making, it is essential that officers engage with distribution network operators, and specifically, the six companies that hold the 14 distribution licenses:\r\n- Electricity North West \r\n- Northern Powergrid \r\n- SP Energy Networks \r\n- Scottish and Southern Electricity Networks (SSEN) \r\n- UK Power Networks \r\n- Western Power Distribution\r\n\r\nLPAs will need to ensure that any new development will be served by the elecrticity network, as well as ensuring that the increased level of demand generated as a result of growth can be supported by the DNOs. In most cases, on-site provision will be delivered by developers, but there will also be cases where additional demand generated may require financial contributions through developer funding.""}",
0ca681bc-3941-42db-ae1a-393c92f5cb52,770529fd-b90e-438e-96c9-e0b0fae08c7b,additional-users,2025-01-20 10:15:45.822667,,,"{""text"": ""developers, planning officers""}",
7bed0d74-dc97-4cb7-9bb7-cef20410009d,770529fd-b90e-438e-96c9-e0b0fae08c7b,use-cases,2025-01-20 10:15:57.17094,,,"{""text"": ""During plan-making, it is essential that officers engage with distribution network operators, and specifically, the six companies that hold the 14 distribution licenses:\r\n- Electricity North West \r\n- Northern Powergrid \r\n- SP Energy Networks \r\n- Scottish and Southern Electricity Networks (SSEN) \r\n- UK Power Networks \r\n- Western Power Distribution\r\n\r\nLPAs will need to ensure that any new development will be served by the elecrticity network, as well as ensuring that the increased level of demand generated as a result of growth can be supported by the DNOs. In most cases, on-site provision will be delivered by developers, but there will also be cases where additional demand generated may require financial contributions through developer funding.""}",
f6a7494c-b026-423c-8b0e-7c9e66586c5e,c8dd083f-978f-49f1-a7d1-08a11d012c84,what-is-the-planning-consideration,2025-01-20 10:23:22.150032,,,"{""text"": ""An infrastructure funding statement is a document that must be published each year by a “contribution receiving authority”. A contribution receiving authority is any authority which issues a Community Infrastructure Levy (CIL) liability notice or receives money or in-kind works from a Section 106 agreement. This means almost all local planning authorities need to produce one, including county councils. Counties that enter into a section 106 agreement as a signatory must report the agreement in an IFS. It is also good practice for counties to account in the IFS for funds passed to them by districts.  Where parishes receive a proportion of CIL they need to produce a report for each financial year in which they receive CIL receipts too.\r\n\r\nAn IFS must include:\r\n1. The infrastructure projects or types the authority intends will be, or may be, funded at least in part by CIL\r\n2. A CIL report\r\n3. A planning obligations (Section 106) report""}",
f4cd8531-5119-47d5-90f1-90ac9763cdb6,c8dd083f-978f-49f1-a7d1-08a11d012c84,is-there-legislation,2025-01-20 10:23:29.072004,,,"{""choice"": ""Yes""}",
f4d9e5d8-ca80-40e8-97c0-ec5bfe5a009f,c8dd083f-978f-49f1-a7d1-08a11d012c84,publishing-organisations,2025-01-20 10:24:35.304653,,,"{""choice"": ""Local authorities""}",
f4fba81f-43be-416a-9e87-cb817bbbb888,c8dd083f-978f-49f1-a7d1-08a11d012c84,is-it-a-trigger,2025-01-20 10:24:39.109108,,,"{""choice"": ""No""}",
6153b741-2c32-4724-b1ea-7929886e6ef3,c8dd083f-978f-49f1-a7d1-08a11d012c84,is-it-consulted,2025-01-20 10:24:51.369526,,,"{""choice"": ""Yes""}",
fdc841e5-d270-4277-a0b7-f4e939945fd6,c8dd083f-978f-49f1-a7d1-08a11d012c84,is-consulted,2025-01-20 10:27:56.603373,,,"{""text"": ""An IFS is useful as it demonstrates the funding which has been collected, allocated and spent. This can inform plan making through identifying the infrastructure schemes which have committed funding, and can be planned for. Many local authorities prepare Infrastructure Delivery Plans (IDPs), which set out the infrastructure that is required to support planned growth throughout the plan-period, as well as how this will be funded. This will inform the IFS.""}",
bc0aa3f3-dfc5-47a9-a26d-19d78a6bf712,c8dd083f-978f-49f1-a7d1-08a11d012c84,is-a-data-standard-required,2025-01-20 10:28:06.803293,,,"{""choice"": ""Yes""}",
22b796de-418d-4c52-913c-1fd6c08e73c0,c8dd083f-978f-49f1-a7d1-08a11d012c84,what-is-the-legislation-that-defines,2025-01-20 10:23:40.472708,2025-01-21 16:28:41.344908,,"{""text"": ""[CIL Regulations 2010 (as amended).](https://www.legislation.gov.uk/uksi/2010/948/contents)""}",
ffa84faa-6dd4-4950-ac6a-ab1bed46ef65,c8dd083f-978f-49f1-a7d1-08a11d012c84,what-is-the-legislation-that-defines-designation,2025-01-20 10:23:47.635191,2025-01-21 16:30:23.665574,,"{""text"": ""[Regulation 121A](https://www.legislation.gov.uk/uksi/2010/948/regulation/121A) - \""(1) Subject to paragraph (2), no later than 31st December in each calendar year a contribution receiving authority must publish a document (“the annual infrastructure funding statement”) which comprises the following—\r\n\r\n(a)a statement of the infrastructure projects or types of infrastructure which the charging authority intends will be, or may be, wholly or partly funded by CIL (other than CIL to which regulation 59E or 59F applies) (“the infrastructure list”);\r\n\r\n(b)a report about CIL, in relation to the previous financial year (“the reported year”), which includes the matters specified in paragraph 1 of Schedule 2 (“CIL report”);\r\n\r\n(c)a report about planning obligations, in relation to the reported year, which includes the matters specified in paragraph 3 of Schedule 2 and may include the matters specified in paragraph 4 of that Schedule (“section 106 report”).\""""}",
c47f2b3f-f3e1-4f8a-aeed-33b13784ee92,c8dd083f-978f-49f1-a7d1-08a11d012c84,single-source,2025-01-20 10:28:03.539217,2025-01-21 16:38:09.284766,,"{""text"": ""No - an IFS is something that is completed annually by local authorities individually and so each document will be separate and need to be collated.""}",
c8d1128e-fe09-495e-8d3f-50a88cb34dfa,6d1b245a-40e2-4eb7-b1d5-1304fcdad496,single-source,2025-02-06 11:02:14.133183,,,"{""text"": ""No - an SCI is a document produced by local authorities individually, and so we would have to collect this data per LPA.""}",
5cb7b2e9-4457-4973-bf47-48176052fcd3,6d1b245a-40e2-4eb7-b1d5-1304fcdad496,is-a-data-standard-required,2025-02-06 11:02:27.334945,,,"{""choice"": ""Yes""}",
eeed2e6d-20b2-41b7-b051-4dc64ba64a6f,6d1b245a-40e2-4eb7-b1d5-1304fcdad496,additional-users,2025-02-06 16:44:40.379943,,,"{""text"": ""Those being engaged - local communities, residents, businesses, landowners etc""}",
e9a7f74b-f6dd-4801-b1e2-6ed728ea535a,6d1b245a-40e2-4eb7-b1d5-1304fcdad496,user-and-data-needs,2025-02-06 16:44:09.964857,2025-02-06 16:47:02.202218,,"{""text"": ""There is a legal requirement under the Planning and Compulsory Purchase Act 2004 (as amended) for the City Council to produce a Statement of Community Involvement (SCI), which sets out how it intends to achieve community involvement in the preparation of plans and in decision-making on planning applications.\r\n\r\nThe Statement of Community Involvement:\r\n• Lets people know how they can get involved in planning decisions;\r\n• Sets out how LPAs will engage the wider community in planning decisions; and\r\n• Sets out the level of community engagement that the LPA expects from developers in the planning process.\r\n\r\nIt is is useful in providing how an LPA informs, involves and consults local people in planning decisions.""}",
654ac4dd-31b2-4bd4-93e2-bdec9343be5c,6d1b245a-40e2-4eb7-b1d5-1304fcdad496,related-planning-considerations,2025-02-06 16:48:26.613424,,,"{""text"": ""Local Plans, Development Plans""}",
2bdad843-f198-47b4-bba0-f378cb3b5aef,0ee51c1b-cc3f-44c5-9409-2d31b2e1b517,user-and-data-needs,2025-01-20 09:33:27.216546,2025-02-07 08:47:17.972073,,"{""text"": ""This data will display the presence of all assets of community value, as well as unsuccessful nominations over a 5 year period. \r\n\r\nThe planning need for this data is it's contribution towards gathering a clear picture of all planning and land designations. The designation does not place any restriction on what an owner can do with their property, but some LPAs may decide (through planning policy), that listing as an asset of community value is a material consideration if an application for change of use is submitted, considering all the circumstances of the case. Listing an asset of community value is also a Local Land Charge, which is a restriction or financial claim on a property or piece of land, and is an important consideration during the selling of a property or piece of land.""}",
9d1de36b-6188-475a-9d95-e379db0d5cab,dcbe489d-3928-4f0b-9f89-721fb3215488,existing-data-examples,2025-02-04 18:01:20.648215,2025-02-18 06:45:12.33954,,,"[{""url"": ""https://environment.data.gov.uk/dataset/9fede91f-5acd-4fd2-9bd8-98153fa3c2ff"", ""name"": ""National Coastal Erosion Risk Mapping (NCERM) - National (2024)"", ""fields"": """", ""licence"": ""OGL3"", ""coverage"": """", ""position"": ""0"", ""publisher"": ""Environment Agency"", ""csrf_token"": ""ImQ1MDZkZWIxOWYzNWQ5MTAzNzY5YTMzYmIxNTM4ZjAyMDQ3NzI0Yjci.Z7QscA.C1eRJqbsWWhhFr0pv4c24PTNwGc"", ""attribution"": """", ""metadata_url"": """"}]"
38c15ee2-8aaa-40a8-9c1f-36ae48df6a05,266e2c08-2f76-4856-83d9-1ad4ddd342bf,what-is-the-planning-consideration,2025-02-20 16:25:39.684518,,,"{""text"": ""LDOs provide permitted development rights for specified types of development in defined locations. They are flexible and locally determined tools that LPAs can use to help accelerate the delivery of appropriate development in the right places. ""}",
69892537-d100-4f06-9602-f93abc1a90bc,c8dd083f-978f-49f1-a7d1-08a11d012c84,user-and-data-needs,2025-01-20 10:56:46.260374,,,"{""text"": ""Local planning authorities must publish their Infrastructure Funding Statements annually, to demonstrate the amount of funding collected through developer contributions, as well as how that funding has been allocated and spent. This is useful, as it shows how development has been mitigated, through infrastructure schemes, affordable housing etc., to benefit the local community.\r\nIt also contributes towards improving transparency between LPAs, developers and local communities.\r\nFurthermore, reporting on developer contributions ensures that LPAs are able to keep track of the contibutions they have received, to reduce the risk of contributions being left unspent.""}",
2a76829e-cf32-4999-8e1a-50b79dd7ed07,c8dd083f-978f-49f1-a7d1-08a11d012c84,additional-users,2025-01-20 10:57:09.89719,,,"{""text"": ""LPA Planning officers (both DM and policy), developers, local communities""}",
121e949b-7928-495a-b2e3-caa387c3254c,c8dd083f-978f-49f1-a7d1-08a11d012c84,use-cases,2025-01-20 11:00:46.015579,,,"{""text"": ""The publication of infrastructure funding statements as data may contribute towards building an understanding of local communities that development leads to investment into affordable housing and infrastructure. An infrastructure funding statement demonstrates this in a clear and transparent way. \r\n\r\nFurthermore, where clear and up-to-date guides to developer contributions aren't available, it can be useful to review an infrastructure funding statement to understand the likely costs associated with growth, and the funding allocated to support investment into infrastructure and affordable housing.""}",
aff0c541-0ef3-4696-8f0d-fea4309df04f,c066a7f8-fd53-422a-a9d6-79290c819e05,what-is-the-planning-consideration,2025-01-20 12:08:43.152417,,,"{""text"": ""A 5 year land supply is a supply of specific deliverable sites sufficient to provide 5 years’ worth of housing (and appropriate buffer) against a housing requirement set out in adopted strategic policies, or against a local housing need figure, using the standard method, as appropriate in accordance with paragraph 78 of the National Planning Policy Framework.""}",
d8e20db6-50d4-403f-8aaa-868c2e7d3387,c066a7f8-fd53-422a-a9d6-79290c819e05,publishing-organisations,2025-01-20 12:09:04.004135,,,"{""choice"": ""Local authorities""}",
e0b07d5f-6432-46af-ae32-3a3c21c99a3a,c066a7f8-fd53-422a-a9d6-79290c819e05,is-it-a-trigger,2025-01-20 12:09:15.868601,,,"{""choice"": ""No""}",
c5abc3ff-e3ca-4dc9-a7a5-1a728b12c1b5,c066a7f8-fd53-422a-a9d6-79290c819e05,is-it-consulted,2025-01-20 12:09:18.140031,,,"{""choice"": ""Yes""}",
933fa677-4c60-4416-8615-6f05528d85b5,c066a7f8-fd53-422a-a9d6-79290c819e05,is-consulted,2025-01-20 12:10:21.510274,,,"{""text"": ""The purpose of the 5 year housing land supply is to provide an indication of whether there are sufficient sites available to meet the housing requirement set out in adopted strategic policies for the next 5 years.\r\n\r\nIn plan-making, strategic policies should identify a 5 year housing land supply from the intended date of adoption of the plan.\r\n\r\nFor decision-taking purposes, an authority will need to be able to demonstrate a 5 year housing land supply when dealing with applications and appeals. They can do this by using the latest available evidence such as a Strategic Housing Land Availability Assessment (SHLAA), Housing and Economic Land Availability Assessment (HELAA), or an Authority Monitoring Report (AMR).""}",
e46cd3a5-eef2-4121-b54e-b28065359a03,c066a7f8-fd53-422a-a9d6-79290c819e05,is-a-data-standard-required,2025-01-20 12:10:32.150568,,,"{""choice"": ""Yes""}",
393a6658-f0b7-46d1-aa6b-e9900dba3897,c066a7f8-fd53-422a-a9d6-79290c819e05,where-is-data-used,2025-01-20 12:11:02.998318,,,"{""text"": ""In plan-making, strategic policies should identify a 5 year housing land supply from the intended date of adoption of the plan.\r\n\r\nFor decision-taking purposes, an authority will need to be able to demonstrate a 5 year housing land supply when dealing with applications and appeals. They can do this by using the latest available evidence such as a Strategic Housing Land Availability Assessment (SHLAA), Housing and Economic Land Availability Assessment (HELAA), or an Authority Monitoring Report (AMR).""}",
3fa27f1b-9e08-45f2-a263-70bace5533fa,c066a7f8-fd53-422a-a9d6-79290c819e05,related-planning-considerations,2025-01-20 12:14:40.758941,,,"{""text"": ""Development plans, Housing and economic land availability assessment, housing delivery test, housing numbers, Local Plans, Strategic Housing Market Areas""}",
3de85b1d-8d72-407a-b6f7-39eae74429c0,c066a7f8-fd53-422a-a9d6-79290c819e05,user-and-data-needs,2025-01-20 12:18:05.832592,,,"{""text"": ""All LPAs must plan for their local housing need, to identify the number of homes which must be planned for. The 5 year housing land supply is a calculation of whether there is a deliverable supply of homes to meet the planned housing requirement (or, in some circumstances, local housing need) over the next 5 years. A 5 year land supply is a supply of specific deliverable sites sufficient to provide 5 years’ worth of housing (and appropriate buffer) against a housing requirement set out in adopted strategic policies, or against a local housing need figure, using the standard method, as appropriate in accordance with paragraph 78 of the National Planning Policy Framework.\r\n\r\nThis informs the policies which are developed as part of the Local Plan, which informs all decision making.""}",
fb20173f-6106-410e-9ef7-0364d730fc60,c066a7f8-fd53-422a-a9d6-79290c819e05,additional-users,2025-01-20 12:18:15.240852,,,"{""text"": ""developers, planning officers""}",
710313a6-20a9-4d07-a1e3-7a5a842ba1d8,c066a7f8-fd53-422a-a9d6-79290c819e05,primary-users,2025-01-20 12:14:52.166058,2025-01-20 12:18:57.968062,,"{""text"": ""developers, planning officers, planning inspectors""}",
71c52195-9e12-4f08-beb1-60724b0a1652,770529fd-b90e-438e-96c9-e0b0fae08c7b,is-there-legislation,2025-01-20 12:56:01.8361,,,"{""choice"": ""Yes""}",
0788f7eb-5225-4dfe-94af-e82ae225122f,770529fd-b90e-438e-96c9-e0b0fae08c7b,what-is-the-legislation-that-defines,2025-01-20 12:59:07.202836,,,"{""text"": ""In the [Electricity Act 1989, section 6, paragraph 5](https://www.legislation.gov.uk/ukpga/1989/29/section/6), the legislation states that \""A distribution licence may authorise the holder to distribute electricity in any area, or only in an area specified in the licence.\""\r\n\r\nThere are further permutations to the legislation but this is the most applicable to the question.""}",
5362c897-2241-442b-83b0-3c820aa5589e,770529fd-b90e-438e-96c9-e0b0fae08c7b,what-is-the-legislation-that-defines-designation,2025-01-20 13:01:50.734699,2025-01-20 15:32:32.633149,,"{""text"": ""In [section 6 of the Electricity Act 1989](https://www.legislation.gov.uk/ukpga/1989/29/section/6), it is explained that \""The Authority may grant any of the following licences - \"" with various options. \""The Authority\"" in this example is OFGEM.\r\n\r\n[Section 6A](https://www.legislation.gov.uk/ukpga/1989/29/section/6A) is titled \""Procedure for licence applications\"", and more information can be found there.\r\n\r\nIn short, an application should be made with a number of documents (undisclosed) and, should there be one, a fee, and the Authority then makes a decision on acceptance or refusal of the application, where further action can then be taken.""}",
08669174-ab85-485c-a34e-15016ada3d70,770529fd-b90e-438e-96c9-e0b0fae08c7b,what-is-the-legislation-for-publication,2025-01-20 15:35:08.933843,,,"{""text"": ""In [section 6A, paragraph (3)](https://www.legislation.gov.uk/ukpga/1989/29/section/6A), the legislation states that \""Within the prescribed period after the making of the application the applicant shall publish a notice of the application in the prescribed manner.\""\r\n\r\nSo, if the current 14 licence holders had to apply, this would have been how they would provide a publication.""}",
61be4ce8-bbae-45ef-800d-9d69ebf98563,c066a7f8-fd53-422a-a9d6-79290c819e05,existing-data,2025-01-20 12:10:24.944761,2025-01-21 12:23:55.667432,,"{""choice"": ""Yes""}",
2d7e3201-0faa-48cd-a323-b561e500430e,c066a7f8-fd53-422a-a9d6-79290c819e05,single-source,2025-01-20 12:10:29.53949,2025-01-21 12:27:17.011323,,"{""text"": ""No - in order to capture this information we will need to go into each local authority's monitoring report to collate the data, and it's likely to be worked out similarly but potentially with different language.""}",
ef0147b4-729d-41e8-a207-a796701f58c1,266e2c08-2f76-4856-83d9-1ad4ddd342bf,is-there-legislation,2025-02-20 16:28:29.354095,,,"{""choice"": ""Yes""}",
15f3cd49-5ed2-4a57-bd04-d4f10e06af17,0ee51c1b-cc3f-44c5-9409-2d31b2e1b517,what-is-the-legislation-for-publication,2025-01-20 15:53:23.439717,,,"{""text"": ""In Regulation 9 of The Assets of Community Value (https://www.legislation.gov.uk/uksi/2012/2421/regulation/9/made) Regulations 2012, it states that:\r\n\r\n\""A local authority which gives notice under section 91 of the Act must, in addition to the persons specified in that section, give it to—\r\n\r\n(a)where they are not the owner, the holder of the freehold estate in the land and the holder of any leasehold estate in the land, and\r\n\r\n(b)a parish council if any of the land is in the council’s area.\""\r\n\r\nThe legislation does not go to the extent of specifying in what medium this should be done or held.""}",
fb44e2e3-721f-4641-89f2-5811c2140bc7,c066a7f8-fd53-422a-a9d6-79290c819e05,existing-data-examples,2025-01-21 12:26:03.837363,,,,"[{""url"": ""https://www.cornwall.gov.uk/media/fuub1q3t/cornwall-5-year-housing-land-supply-statement-2024.pdf"", ""name"": ""Cornwall Monitoring Report"", ""fields"": ""Plan Requirement;5 Year requirement;Plus any additional shortfall;5 Year requirement plus 5% buffer;Total Supply capable of being delivered within 5 years;Supply as a percentage of 5 Year Requirement;Years Supply"", ""licence"": ""Unknown"", ""coverage"": ""Local Authority"", ""position"": ""0"", ""publisher"": ""Cornwall Council"", ""csrf_token"": ""IjcwY2UxMDczZDY3MWNjZjJkYzE1NWZmMjY0YWE2MGVkMDBlZGQyMWYi.Z4-R2w.YPBUzBUcnsLTeCncEEVE4SPuSlI"", ""attribution"": ""N / A"", ""metadata_url"": """"}]"
194290c5-0875-4674-86d1-9cc6d4272260,c066a7f8-fd53-422a-a9d6-79290c819e05,is-there-legislation,2025-01-21 12:27:48.374755,,,"{""choice"": ""No""}",
9cb8f476-fed2-482b-893e-c56eb0bc9efc,c066a7f8-fd53-422a-a9d6-79290c819e05,who-in-law-is-responsible-for-it,2025-01-21 12:32:00.602157,,,"{""text"": ""As per the [NPPF section 78](https://assets.publishing.service.gov.uk/media/675abd214cbda57cacd3476e/NPPF-December-2024.pdf), \""Local planning\r\nauthorities should identify and update annually a supply of specific deliverable sites sufficient to provide a minimum of five years’ worth of housing against their housing requirement set out in adopted strategic policies, or against their local housing need where the strategic policies are more than five years old.\"" So, it is the local authority's responsibility.""}",
30c16f84-9891-4d44-93a4-ff2358aa7603,c8dd083f-978f-49f1-a7d1-08a11d012c84,existing-data-examples,2025-01-21 16:37:29.261189,,,,"[{""url"": ""https://www.nottinghamshire.gov.uk/media/m41dje50/infrastructurefundingstatement20232024.pdf"", ""name"": ""Infrastructure Funding Statement 2023-2024"", ""fields"": ""N / A - this is a document"", ""licence"": ""Unknown"", ""coverage"": ""Local Authority"", ""position"": 0, ""publisher"": ""Nottinghamshire County Council"", ""csrf_token"": ""IjcwY2UxMDczZDY3MWNjZjJkYzE1NWZmMjY0YWE2MGVkMDBlZGQyMWYi.Z4_MqQ.Qt6sw7xCQfgjS2rTfqidKZQSw3c"", ""attribution"": ""N / A"", ""metadata_url"": """"}]"
406e9c6a-a2e8-4507-8ceb-650bd9c5f50e,770529fd-b90e-438e-96c9-e0b0fae08c7b,risks,2025-01-17 14:44:29.06647,2025-01-22 09:20:33.850278,,"{""text"": ""The licence that this data is available under is their public data sharing licence - which (from the description) is the same as CC BY-NC-ND (ie the no derivatives Creative Commons licence).\r\n\r\nThis means that whilst the data is available it is not open data - so can not currently be put onto the planning data platform. This consideration is marked as BLOCKED accordingly.""}",
44a0aafe-9739-4e46-968e-f6141a76d845,266e2c08-2f76-4856-83d9-1ad4ddd342bf,what-is-the-legislation-that-defines,2025-02-20 16:29:23.98189,,,"{""text"": ""Town and County Planning Act 1990 and Town and Country Planning (Development Management Procedure) (England) Order 2015 ""}",
f5acc137-b927-4325-af90-f1a0f742bcc1,266e2c08-2f76-4856-83d9-1ad4ddd342bf,what-is-the-legislation-that-defines-designation,2025-02-20 16:30:00.136713,,,"{""text"": ""Sections 61A to 61D and Schedule 4A of the Town and Country Planning Act 1990, as amended, and articles 38 and 41 of the Town and Country Planning (Development Management Procedure) (England) Order 2015.""}",
a140cedb-8b47-4946-b461-570e81d61471,266e2c08-2f76-4856-83d9-1ad4ddd342bf,what-is-the-legislation-for-publication,2025-02-20 16:30:14.913758,,,"{""text"": ""As above ""}",
37520064-8c6e-492f-acde-431ca14ce7f4,b81f5d53-6592-4957-b2d9-f57aa713c62e,is-a-data-standard-required,2025-03-19 12:24:11.985071,,,"{""choice"": ""Yes""}",
16fbdc39-ba94-46b9-8109-26654edde842,266e2c08-2f76-4856-83d9-1ad4ddd342bf,existing-data,2025-02-20 16:30:43.267339,2025-02-20 16:53:30.480364,,"{""choice"": ""Yes""}",
28f34457-377a-4c77-8fa5-50d1c0de443c,266e2c08-2f76-4856-83d9-1ad4ddd342bf,single-source,2025-02-20 16:31:47.255895,2025-02-20 16:55:54.340721,,"{""text"": ""Yes - it looks like the Planning Advisory Service has [a map of LDO's across the country.](https://www.local.gov.uk/pas/topics/local-development-orders/local-development-orders)""}",
49b03ae5-6b5a-4db5-bd0b-2ad29d8b7519,efd79d47-1b46-4de9-9004-12ba59e03794,what-is-the-planning-consideration,2025-03-17 09:04:52.400548,,,"{""text"": ""To determine the minimum number of homes needed, strategic policies should be informed by a local housing need assessment, conducted using the standard method in national planning practice guidance. The standard method is a calculation informed by existing housing stock and affordability. Existing housing stock is a dataset provided by MHCLG using ONS census data""}",
2fed83a6-b9e7-41c6-a593-d2d2be0e90da,efd79d47-1b46-4de9-9004-12ba59e03794,publishing-organisations,2025-03-17 09:05:08.378556,,,"{""choice"": ""Ministry of Housing, Communities & Local Government""}",
b95757cb-d8bf-4aad-950a-10fead238043,efd79d47-1b46-4de9-9004-12ba59e03794,is-it-consulted,2025-03-17 09:05:22.778433,,,"{""choice"": ""Yes""}",
3597c20f-a859-452c-b6d8-6f755ff717ab,b81f5d53-6592-4957-b2d9-f57aa713c62e,what-is-the-planning-consideration,2025-03-17 14:11:47.333028,,,"{""text"": ""Enterprise Zones are designated areas aimed at stimulating economic growth by offering incentives to businesses to establish or expand their operations within them.""}",
9d937e0c-e259-489a-9ab2-33b156cee515,b81f5d53-6592-4957-b2d9-f57aa713c62e,who-in-law-is-responsible-for-it,2025-03-19 12:20:47.014065,,,"{""text"": ""The Houses of Commons Library document on [Enterprise zones](https://researchbriefings.files.parliament.uk/documents/SN05942/SN05942.pdf) states that the \""the then Chancellor George Osborne made a speech, at the Conservative Party spring forum on 5 March 2011\"" announcing the new plans, which aligns with an update to the [Town and Country Planning Act 1990, Section 6](https://www.legislation.gov.uk/ukpga/1990/8/section/6), outlining that \""An order under paragraph 5 of Schedule 32 to the M1Local Government, Planning and Land Act 1980 (designation of enterprise zone) may provide that the enterprise zone authority shall be the local planning authority for the zone for such purposes of the planning Acts and in relation to such kinds of development as may be specified in the order.\""""}",
53c8d508-dcf4-4ca2-81c2-58e15f882d71,b81f5d53-6592-4957-b2d9-f57aa713c62e,publishing-organisations,2025-03-19 12:21:26.683351,,,"{""choice"": ""Ministry of Housing, Communities & Local Government""}",
a0733ada-9acb-4d9c-9bfd-a03e9092ceff,b81f5d53-6592-4957-b2d9-f57aa713c62e,existing-data,2025-03-19 12:22:05.821474,,,"{""choice"": ""No""}",
6d231379-295a-45d0-98a6-40ff94b38587,b81f5d53-6592-4957-b2d9-f57aa713c62e,single-source,2025-03-17 14:15:36.098085,2025-03-19 12:24:05.311917,,"{""text"": ""Yes, there is a [PDF map containing Enterprise zones](https://assets.publishing.service.gov.uk/media/5a7ca64eed915d6969f46605/121115_Enterprise_Zones_map.pdf) and Local Enterprise Partnership (LEP) boundaries. Currently, there are no plans the to extend the Enterprise Zone programme. \r\n\r\nThe issue with this document is that as it is portrayed on a national scale, there is no accurate way of defining geometries.""}",
c3b5c628-b71b-4a4a-907d-d0cf0da4af3e,b81f5d53-6592-4957-b2d9-f57aa713c62e,statutory-consultees,2025-03-19 12:25:17.849517,,,"{""text"": ""- MHCLG""}",
8aff91d3-c7a4-4d8a-a007-05d3ca4a1aaa,0de006ed-cc21-44b7-a8a6-823d18ffa259,who-in-law-is-responsible-for-it,2025-01-22 16:22:52.732547,,,"{""text"": ""On the [guidance page for minerals](https://www.gov.uk/guidance/minerals) in paragraph one, it states:\r\n\r\n\""The **mineral planning authority** is the county council (in 2-tier parts of the country), the unitary authority, or the national park authority. Minerals extraction may only take place if the operator has obtained both planning permission and any other permits and approvals. These include permits from bodies such as the Environment Agency, and licenses from Natural England and, in relation to coal resources, the Coal Authority.\""""}",
c1e262a2-228e-48f3-945c-467a0a629a0f,0de006ed-cc21-44b7-a8a6-823d18ffa259,what-is-the-planning-consideration,2025-01-22 15:24:06.526779,2025-01-22 16:27:47.007873,,"{""text"": ""A minerals and waste plan is a document produced by mineral and waste planning authorities that outlines where and how minerals can be extracted, and where waste management facilities can be located within their area.\r\n\r\nThere is no definition of Mineral and waste plans in legislation, but there is [legislation](https://www.legislation.gov.uk/ukpga/2004/5/section/16/2011-11-15) relating to the preparation and maintenance of Mineral and waste Development Schemes (MWDS), of which a mineral plan and a waste plan are outputs. MWDS' set out the programme for preparing and monitoring mineral and waste plans.""}",
ed11270b-c3d1-4958-bddf-e712e53f39e6,0de006ed-cc21-44b7-a8a6-823d18ffa259,existing-data,2025-01-22 16:36:24.911639,,,"{""choice"": ""Yes""}",
efe62aba-5878-4c71-b798-06ddd937d5d6,266e2c08-2f76-4856-83d9-1ad4ddd342bf,is-it-consulted,2025-02-20 16:33:23.669986,,,"{""choice"": ""No""}",
d430bd0c-3c25-4f70-bebc-346c9a821871,0de006ed-cc21-44b7-a8a6-823d18ffa259,existing-data-examples,2025-01-22 16:38:20.0158,2025-01-24 11:00:05.392716,,,"[{""url"": ""https://www.hertfordshire.gov.uk/media-library/documents/waste/mwlp/core-document-library/core-documents/cd-01-minerals-and-waste-local-plan-draft-plan-jul-2022.pdf"", ""name"": ""Hertfordshire Minerals and Waste Local Plan 2040 - Draft Plan"", ""fields"": ""N/A - This is a document"", ""licence"": ""Unknown"", ""coverage"": ""Mineral planning authority - local"", ""position"": ""1"", ""publisher"": ""Hertfordshire County Council"", ""csrf_token"": ""IjkxYzUyODI0MWY3NmM5YTgyZDEwYzE0ZDBkNDNkYWY2MWU5N2IyYWQi.Z5NysA.CCmujB-R9HAhhP04GOYce2YVtuA"", ""attribution"": ""N / A"", ""metadata_url"": """"}]"
70fa811e-40e7-41b5-b4c9-9bd45ab1ab9e,266e2c08-2f76-4856-83d9-1ad4ddd342bf,publishing-organisations,2025-02-20 16:33:43.956522,,,"{""choice"": ""Local authorities""}",
29787cd0-0e74-4c2b-b1cb-da93fe1c0e9f,266e2c08-2f76-4856-83d9-1ad4ddd342bf,user-and-data-needs,2025-02-20 16:35:39.987897,,,"{""text"": ""Yes - where an LDO is in place, the way of gaining planning permission is different to the standard method. ""}",
cf1954d5-98a4-4d34-8d67-6968d3d6460e,266e2c08-2f76-4856-83d9-1ad4ddd342bf,additional-users,2025-02-20 16:36:02.229663,,,"{""text"": ""LPA, Developers, Local Community ""}",
0d44e960-c94b-4c75-ab34-16b98a4b53ca,266e2c08-2f76-4856-83d9-1ad4ddd342bf,value-to-platform,2025-02-20 16:36:43.05438,,,"{""text"": ""Planning value, to understand the location of the LDO's, and where they are in place. ""}",
d6de8bc0-4253-4f0c-abfd-10b2e2362528,266e2c08-2f76-4856-83d9-1ad4ddd342bf,use-cases,2025-02-20 16:38:00.267593,,,"{""text"": ""Identifying the location of LDO's, as they grant planning permission in a different way, therefore knowing the location of them is beneficial for a number of stakeholders. ""}",
8b8dffa4-1251-4e63-a8af-97f524949e38,266e2c08-2f76-4856-83d9-1ad4ddd342bf,where-is-data-used,2025-02-20 16:38:56.712191,,,"{""text"": ""At a local level ""}",
2a3c6bb5-7c50-4f61-8697-eb92f3e687e1,266e2c08-2f76-4856-83d9-1ad4ddd342bf,statutory-consultees,2025-02-20 16:40:09.516069,,,"{""text"": ""Prescribed bodies need to be consulted for a minimum of 28 days. ""}",
11f9ad2d-1966-4fb4-acbf-752688d63d03,266e2c08-2f76-4856-83d9-1ad4ddd342bf,existing-data-examples,2025-02-20 16:55:35.240417,,,,"[{""url"": ""https://www.local.gov.uk/pas/topics/local-development-orders/local-development-orders"", ""name"": ""Local Development Orders"", ""fields"": ""Local Authority;Site / Name of Local Development Order;Date of notification to the Secretary of State;Date of adoption;Type of Local Development Order;Website;Category"", ""licence"": ""Unknown"", ""coverage"": ""National"", ""position"": 0, ""publisher"": ""Local Government Association"", ""csrf_token"": ""IjYyZGUxNDVmYWJlZjU2Njg2YzI2ZmI0NmRlZDc5ZWU2ZGRlYTJhZTki.Z7deDQ.cy3O28COO3iFH0VEkfPjKrsGLko"", ""attribution"": ""N / A"", ""metadata_url"": """"}]"
b482d44e-c839-4716-94f0-3873b510ff84,266e2c08-2f76-4856-83d9-1ad4ddd342bf,is-a-data-standard-required,2025-02-20 16:56:06.142737,,,"{""choice"": ""No""}",
a800a28e-c56d-445e-97f3-059453b550dc,266e2c08-2f76-4856-83d9-1ad4ddd342bf,risks,2025-02-20 16:58:25.25871,,,"{""text"": ""The data found produced by the Local Government Association is NOT explicitly published under an open licence, nor is it completely up to date. Accessing the links to local authority websites through this map more often than not returns an error 404, being that the page / file is not found. If this is the case, data might need to be collected from local authorities individually which modifies the outlook and time to completion for this data.""}",
f7c00ad4-204e-4db1-bc6d-1053e6a80c2f,efd79d47-1b46-4de9-9004-12ba59e03794,is-consulted,2025-03-17 09:39:55.586983,,,"{""text"": ""Housing need is an unconstrained assessment of the minimum number of homes needed in an area. Assessing housing need is the first step in the process of deciding how many homes need to be planned for. \r\n\r\nThe housing requirement is the minimum number of homes that a plan seeks to provide during the plan period. \r\n\r\nTo determine the minimum number of homes needed, strategic policies should be informed by a local housing need assessment, conducted using the standard method in national planning practice guidance. The standard method is a calculation informed by existing housing stock and affordability.\r\n\r\nOnce local housing need has been assessed, as set out in this guidance, authorities should then make an assessment of the amount of new homes that can be provided in their area. This should be justified by evidence on land availability, constraints on development and any other relevant matters. ""}",
4c515778-7361-4bed-9b48-63ccab9fa3d1,efd79d47-1b46-4de9-9004-12ba59e03794,existing-data,2025-03-17 09:40:00.07618,,,"{""choice"": ""Yes""}",
5a8ba0bf-80e0-4052-a8fa-dfacd67f6d08,efd79d47-1b46-4de9-9004-12ba59e03794,where-is-data-used,2025-03-17 09:40:41.4354,,,"{""text"": ""The data will predominantly be used in calculating a local authorities housing need.""}",
08c33f71-5353-48ba-a33d-c5520c01962b,b81f5d53-6592-4957-b2d9-f57aa713c62e,is-it-a-trigger,2025-03-17 14:13:44.588172,,,"{""choice"": ""Yes""}",
dc73f749-f1b5-45a7-8e72-21327fcf2436,b81f5d53-6592-4957-b2d9-f57aa713c62e,what-is-triggered,2025-03-17 14:14:27.065826,,,"{""text"": ""The require different planning permission and are considered differently in the planning system. They are often consented through Local Development Orders""}",
95c03015-06dd-4a5d-88f8-a303ac58aba2,b81f5d53-6592-4957-b2d9-f57aa713c62e,related-planning-considerations,2025-03-17 14:16:51.098049,,,"{""text"": ""Local Development Order, Local Plans and Housing, Economic Land Assessments (for economic land uses) ""}",
4fd037e9-a915-456d-8355-55749ef1309a,b81f5d53-6592-4957-b2d9-f57aa713c62e,user-and-data-needs,2025-03-17 14:17:48.115528,,,"{""text"": ""Consent is gained differently on enterprise zones - usually through the Local Development Order route. ""}",
8dd8ce84-d59b-45e8-81f7-f21556732c60,b81f5d53-6592-4957-b2d9-f57aa713c62e,value-to-platform,2025-03-17 14:18:43.813188,,,"{""text"": ""It should largely be available anyway, and useful for people to understand where they are located""}",
663a3bd0-2163-41ba-8bed-c8c7b44f36da,0de006ed-cc21-44b7-a8a6-823d18ffa259,is-consulted,2025-01-24 10:59:57.675693,,,"{""text"": ""The Minerals and Waste Plan provides the policies which seek to ensure that there are sufficient minerals or construction to meet the needs of the plan area, as well as ensuring that sufficient sites for facilities to meet the waste needs are provided. The policies must be followed when decision-making.""}",
c3abc949-018e-4c2e-bdef-12b0f454c348,0de006ed-cc21-44b7-a8a6-823d18ffa259,where-is-data-used,2025-01-24 11:02:31.758374,,,"{""text"": ""The policies set out within the Minerals and Waste Plan must be followed when submitting planning applications, as well as during the decision making process. Therefore, the data will be used byboth developers/landowners and LPA planning officers.""}",
5f985090-06f4-4df1-9013-334b97f91ab0,0de006ed-cc21-44b7-a8a6-823d18ffa259,related-planning-considerations,2025-01-24 11:06:46.858321,,,"{""text"": ""Authority Monitoring Reports, County Councils, Development Plans, Development Plan Policies, Local Development Schemes, Local Planning Authority, Unitary Authorities, Waste and Recycling Facilities, Waste and Recycling Statistics.""}",
4f42316c-8b49-4075-a2c2-5b55ec6c3388,0de006ed-cc21-44b7-a8a6-823d18ffa259,statutory-consultees,2025-01-24 11:10:57.148601,,,"{""text"": ""The Environment Agency, Natural England, Forestry Commission, the relevant authority""}",
9a01c97c-8490-409f-a176-4d9a560a7b60,0de006ed-cc21-44b7-a8a6-823d18ffa259,primary-users,2025-01-24 11:11:18.537383,,,"{""text"": ""developers/landowners/site promoters, LPA DM planning officers""}",
9a092174-f9b0-47ad-8ca5-d0b75e276036,0de006ed-cc21-44b7-a8a6-823d18ffa259,user-and-data-needs,2025-01-24 11:12:32.179699,,,"{""text"": ""Minerals and Waste Plan are an important element of Development Plans, which are the foundation of local planning decisions. The Minerals and Waste Plan provides the policies which seek to ensure that there are sufficient minerals or construction to meet the needs of the plan area, as well as ensuring that sufficient sites for facilities to meet the waste needs are provided. The policies must be followed when decision-making.""}",
a7fd2031-0c22-43ee-93d9-c775ac6c9b72,0de006ed-cc21-44b7-a8a6-823d18ffa259,additional-users,2025-01-24 11:12:47.893578,,,"{""text"": ""developers/landowners/site promoters, LPA DM planning officers\r\n\r\n""}",
054df6b9-a930-4b50-9674-fb823140665a,0de006ed-cc21-44b7-a8a6-823d18ffa259,value-to-platform,2025-01-24 11:13:06.242046,,,"{""text"": ""Minerals and Waste Plan are an important element of Development Plans, which are the foundation of local planning decisions. The Minerals and Waste Plan provides the policies which seek to ensure that there are sufficient minerals or construction to meet the needs of the plan area, as well as ensuring that sufficient sites for facilities to meet the waste needs are provided. The policies must be followed when decision-making.""}",
284594f2-5fef-4b32-8724-5402c3950495,efd79d47-1b46-4de9-9004-12ba59e03794,related-planning-considerations,2025-03-17 09:59:27.734156,,,"{""text"": ""Local housing need, 5 yeah housing land supply, housing and economic land supply, housing delivery test, housing numbers, local plans""}",
dcfadf7f-cbad-406b-9ce5-fca4c16947cd,efd79d47-1b46-4de9-9004-12ba59e03794,primary-users,2025-03-17 09:59:47.298409,,,"{""text"": ""LPAs, developers, planning consultants""}",
591c7df9-7990-413c-8736-910c4c9cd28f,efd79d47-1b46-4de9-9004-12ba59e03794,user-and-data-needs,2025-03-17 10:00:45.148831,,,"{""text"": ""Housing need is an unconstrained assessment of the minimum number of homes needed in an area. Assessing housing need is the first step in the process of deciding how many homes need to be planned for.\r\n\r\nThe housing requirement is the minimum number of homes that a plan seeks to provide during the plan period.\r\n\r\nTo determine the minimum number of homes needed, strategic policies should be informed by a local housing need assessment, conducted using the standard method in national planning practice guidance. The standard method is a calculation informed by existing housing stock and affordability.\r\n\r\nOnce local housing need has been assessed, as set out in this guidance, authorities should then make an assessment of the amount of new homes that can be provided in their area. This should be justified by evidence on land availability, constraints on development and any other relevant matters.""}",
08a547fc-eaee-43a6-943a-916097a540bb,efd79d47-1b46-4de9-9004-12ba59e03794,additional-users,2025-03-17 10:00:54.861311,,,"{""text"": ""LPAs, developers, planning consultants""}",
ed868828-1106-422f-9890-155345cd3c73,efd79d47-1b46-4de9-9004-12ba59e03794,existing-data-examples,2025-03-17 09:40:02.822858,2025-03-20 10:59:38.282946,,,"[{""url"": ""https://assets.publishing.service.gov.uk/media/664da823f34f9b5a56adcbf2/LT_125.ods"", ""name"": ""Dwelling stock estimates by local authority district"", ""fields"": ""Old ONS code;New ONS code;Area;2001;2002;2003;2004;2005;2006;2007;2008;2009;2010;2011;2012;2013;2014;2015;2016;2017;2018;2019;2020;2021;2022;2023"", ""licence"": ""unknown"", ""coverage"": ""National"", ""position"": ""0"", ""publisher"": ""MHCLG"", ""csrf_token"": ""ImI2NzJjZGE4ZTVjMjgxZjUzNzVmOWFjMjUzOTY3ZjUyZjFiMDA3OWUi.Z9vyFg.W87mk_3EdNO2VMyF332mg6UV4IQ"", ""attribution"": ""n / a"", ""metadata_url"": """"}]"
0f8e8220-bb44-445c-8436-59236d6d590b,efd79d47-1b46-4de9-9004-12ba59e03794,single-source,2025-03-20 11:01:16.810789,,,"{""text"": ""Yes, the data is nationally available through MHCLG's [Live tables on dwelling stock](https://www.gov.uk/government/statistical-data-sets/live-tables-on-dwelling-stock-including-vacants).""}",
5459d899-cc59-4bb7-8c3b-d8c981cf8647,efd79d47-1b46-4de9-9004-12ba59e03794,is-a-data-standard-required,2025-03-20 11:01:22.804044,,,"{""choice"": ""No""}",
c27d6fe7-bf1e-42f1-9d73-b5e369e6c651,efd79d47-1b46-4de9-9004-12ba59e03794,risks,2025-03-20 11:18:38.762959,2025-03-20 11:19:30.321921,,"{""text"": ""This dataset is an estimation. No data is collected directly for this statistical release. Instead, it draws on information from a range of data sources to compile a coherent set of statistics on the total number of dwellings and the tenure profile of the stock. The statistical sources used are:\r\n* Census 2001 (Office for National Statistics)\r\n* Census 2011 (Office for National Statistics)\r\n* Census 2021 (Office for National Statistics)\r\n* Housing Supply: Net Additional Dwellings (Department for Levelling Up, - Housing and Communities)\r\n* Local Authority Housing Statistics (Department for Levelling Up, Housing and Communities)\r\n* Statistical Data Return (Regulator of Social Housing)\r\n* Labour Force Survey (Office for National Statistics)\r\n* English Housing Survey (Department for Levelling Up, Housing and Communities)\r\n* Standard Area Measurements (Office for National Statistics)""}",
28b424a4-ae37-40f0-be9c-42ce9a776b23,161b167f-ac57-4140-a680-495915508745,existing-data-examples,2024-06-26 19:08:44.039139,2025-03-21 10:28:44.918716,,,"[{""url"": ""https://www.data.gov.uk/dataset/cf494c44-05cd-4060-a029-35937970c9c6/flood-map-for-planning-rivers-and-sea-flood-zone-2"", ""name"": ""Flood Map for Planning (Rivers and Sea) - Flood Zone 2"", ""fields"": ""FID;Shape;LAYER;TYPE"", ""licence"": ""OGL"", ""coverage"": ""National"", ""position"": ""0"", ""publisher"": ""Environment Agency"", ""csrf_token"": ""ImI2NzJjZGE4ZTVjMjgxZjUzNzVmOWFjMjUzOTY3ZjUyZjFiMDA3OWUi.Z90_Cg.1QmiEpOEzlmQTH3n8w_6_bWQYuE"", ""attribution"": ""© Environment Agency copyright and/or database right 2023. All rights reserved.\r\n\r\nSome features of this map are based on digital spatial data from the Centre for Ecology & Hydrology, © NERC (CEH).\r\n\r\n© Crown Copyright and Database Rights 2023 OS AC0000807064."", ""metadata_url"": ""https://environment.data.gov.uk/api/file/download?fileDataSetId=0715ee89-f9ce-4ad5-93ec-bf06b35971b1&fileName=Guidance_Flood_Zone_2_v6_1.pdf""}]"
