id,name,description,synonyms,github_discussion_number,stage,public,expected_number_of_records,frequency_of_updates,prioritised,datasets,useful_links,legislation,slug,created,updated,deleted_date,specification,is_local_land_charge,blocked_reason,os_declaration,is_local_plan_data
adc9c085-ee94-4c92-9c70-949b3992944b,Waste and recycling statistics,Information on waste generation and management,,272,BACKLOG,t,,,f,,,,waste-and-recycling-statistics,2024-03-25,2025-01-28 17:10:12.176425,,,f,,,f
2f57aaf8-03e2-4f98-bf5e-fb066631e32b,Site allocations,"Areas identified as sites for housing, employment, retail or green space to be developed in the future",,42,CO_DESIGN,t,,AD_HOC,f,,,,site-allocations,2024-03-25,2024-09-02 14:12:45.141587,,,f,Has been deprioritised for now.,,t
a771a6f1-b79f-4a12-be15-a9ff7fb40058,Brownfield land,Previously developed land that's no longer being used,,28,ON_THE_PLATFORM,t,,ANNUALLY,f,"[{""name"": ""brownfield-land"", ""label"": ""Brownfield land"", ""schema_url"": ""https://github.com/digital-land/specification/blob/main/content/dataset/brownfield-land.md?plain=1"", ""platform_url"": ""https://www.planning.data.gov.uk/dataset/brownfield-land"", ""dataset_editor_url"": null}, {""name"": ""brownfield-site"", ""label"": ""Brownfield site"", ""schema_url"": ""https://github.com/digital-land/specification/blob/main/content/dataset/brownfield-site.md?plain=1"", ""platform_url"": ""https://www.planning.data.gov.uk/dataset/brownfield-site"", ""dataset_editor_url"": null}]","[{""link_url"": ""https://www.gov.uk/guidance/brownfield-land-registers"", ""link_text"": ""Brownfield land registers guidance""}, {""link_url"": ""https://www.gov.uk/government/publications/brownfield-land-registers-data-standard"", ""link_text"": ""Brownfield land registers data standard""}]","{""link_url"": ""https://www.legislation.gov.uk/uksi/2017/403/contents/made"", ""link_text"": ""The Town and Country Planning (Brownfield Land Register) Regulations 2017""}",brownfield-land,2024-03-25,2024-09-04 15:01:51.227399,,"{""link_url"": ""https://digital-land.github.io/specification/specification/brownfield-land/"", ""link_text"": ""Brownfield Land""}",f,,,t
f31b91a9-db04-48c5-bd33-124efaf0dbc2,Advertisments,Areas where hoardings or similar are used for advertising,,,ARCHIVED,t,,,f,,,,advertisments,2024-03-25,2024-04-09 14:01:21.324915,,,f,,,f
f160755d-01b3-4b7e-8f5c-cb18400b53fc,"Gypsy, Roma & traveller sites","An area of land where gypsy, Roma and traveller communities live which may be owned and managed privately or by the council",,35,CO_DESIGN,t,,UNKNOWN,f,"[{""name"": ""gypsy-and-traveller-site"", ""label"": ""Gypsy and traveller site"", ""schema_url"": ""https://github.com/digital-land/specification/blob/main/content/dataset/gypsy-and-traveller-site.md?plain=1"", ""platform_url"": ""https://www.planning.data.gov.uk/dataset/gypsy-and-traveller-site"", ""dataset_editor_url"": null}]","[{""link_url"": ""https://www.gov.uk/government/publications/planning-policy-for-traveller-sites"", ""link_text"": ""Planning policy for traveller sites""}]",,gypsy-roma-traveller-sites,2024-03-25,2024-09-05 11:04:55.012157,,,f,Waiting for engagement on the [draft data model](https://miro.com/app/board/uXjVNIiMA2Y=/?share_link_id=116913957286).,,t
9d7b5fea-693c-4ca3-bd12-afde38e0360f,Authority monitoring reports (amrs),"Local planning authorities must publish information at least annually, monitoring their progress on various planning activities, such as Local Plan preparation, activities relating to the duty to cooperate, indicators in the plan, and poligies which are not being implemented.","{""Annual Monitoring Report""}",,CO_DESIGN,t,,ANNUALLY,f,,,,annual-monitoring-reports,2024-07-08,2025-01-07 10:36:26.597392,,,f,,,t
2e451151-6dc2-48c7-83ab-d203bcff6099,Parish,The smallest type of local government administrative area in England,,38,ON_THE_PLATFORM,t,,ANNUALLY,f,"[{""name"": ""parish"", ""label"": ""Civil parish"", ""schema_url"": ""https://github.com/digital-land/specification/blob/main/content/dataset/parish.md?plain=1"", ""platform_url"": ""https://www.planning.data.gov.uk/dataset/parish"", ""dataset_editor_url"": null}]",,,parish,2024-03-25,2024-12-04 11:39:13.321009,,,f,,,t
23b4e5f8-f065-4610-9816-8a5c13f569da,Abandoned mines,Areas where mining has previously taken place but is no longer in use,,105,BACKLOG,t,,,f,,,"{""link_url"": ""https://www.legislation.gov.uk/uksi/1998/892/contents/made"", ""link_text"": ""The Mines (Notice of Abandonment) Regulations 1998""}",abandoned-mines,2024-03-25,2025-01-28 14:10:01.941623,,,f,,,f
447b0fed-6668-410f-b20e-65bbd8eb55ae,Developer contributions,Financial or physical contributions from developers towards the cost of providing appropriate infrastructure and services to support their development,,34,ON_THE_PLATFORM,t,,AD_HOC,f,"[{""name"": ""contribution-funding-status"", ""label"": ""Contribution funding status"", ""schema_url"": ""https://github.com/digital-land/specification/blob/main/content/dataset/contribution-funding-status.md?plain=1"", ""platform_url"": ""https://www.planning.data.gov.uk/dataset/contribution-funding-status"", ""dataset_editor_url"": ""https://dluhc-datasets.planning-data.dev/dataset/contribution-funding-status""}, {""name"": ""contribution-purpose"", ""label"": ""Contribution purpose"", ""schema_url"": ""https://github.com/digital-land/specification/blob/main/content/dataset/contribution-purpose.md?plain=1"", ""platform_url"": ""https://www.planning.data.gov.uk/dataset/contribution-purpose"", ""dataset_editor_url"": ""https://dluhc-datasets.planning-data.dev/dataset/contribution-purpose""}, {""name"": ""developer-agreement-contribution"", ""label"": ""Developer agreement contribution"", ""schema_url"": ""https://github.com/digital-land/specification/blob/main/content/dataset/developer-agreement-contribution.md?plain=1"", ""platform_url"": ""https://www.planning.data.gov.uk/dataset/developer-agreement-contribution"", ""dataset_editor_url"": null}, {""name"": ""developer-agreement-transaction"", ""label"": ""Developer agreement transaction"", ""schema_url"": ""https://github.com/digital-land/specification/blob/main/content/dataset/developer-agreement-transaction.md?plain=1"", ""platform_url"": ""https://www.planning.data.gov.uk/dataset/developer-agreement-transaction"", ""dataset_editor_url"": null}, {""name"": ""developer-agreement-type"", ""label"": ""Developer agreement type"", ""schema_url"": ""https://github.com/digital-land/specification/blob/main/content/dataset/developer-agreement-type.md?plain=1"", ""platform_url"": ""https://www.planning.data.gov.uk/dataset/developer-agreement-type"", ""dataset_editor_url"": ""https://dluhc-datasets.planning-data.dev/dataset/developer-agreement-type""}, {""name"": ""developer-agreement"", ""label"": ""Developer agreement"", ""schema_url"": ""https://github.com/digital-land/specification/blob/main/content/dataset/developer-agreement.md?plain=1"", ""platform_url"": ""https://www.planning.data.gov.uk/dataset/developer-agreement"", ""dataset_editor_url"": null}]",,"{""link_url"": ""https://www.legislation.gov.uk/ukpga/1990/8/contents"", ""link_text"": ""The Town and Country Planning Act 1990 ""}",developer-contributions,2024-03-25,2024-09-26 09:50:40.789409,,"{""link_url"": ""https://digital-land.github.io/specification/specification/developer-contributions/"", ""link_text"": ""Developer Contributions""}",f,,,t
c066a7f8-fd53-422a-a9d6-79290c819e05,5 year housing land supply (5yhls),Data about sites where they are expected to come forward to build-out within the next five years,,102,RESEARCH,t,,,f,,,,5-year-housing-land-supply,2024-08-30,2025-01-24 11:36:14.937112,,,f,,,t
e17adf66-a4d2-4e84-9ea2-e594aa85fd8e,Local wildlife sites,Areas of land that are especially important for their local wildlife,"{""Protected sites""}",208,BACKLOG,t,,,f,,,,local-wildlife-sites,2024-03-25,2025-01-28 16:36:43.746867,,,f,,,t
59f4c505-a62b-4db9-bf40-38fb6660a816,Air quality index,"Tool to show pollution levels in a particular site or region, through determining the concentration of Nitrogen Dioxide, Sulphur Dioxide, Ozone, Particles < 2.5µm (PM2.5), Particles < 10µm (PM10)",,107,BACKLOG,t,,,f,,,,air-quality-index,2024-03-25,2025-01-28 14:10:51.322925,,,f,,,f
aa6c8827-622b-4d1b-aad1-135e6fe41d90,Cultural infrastructure,"Places, spaces, and buildings where cultural activities take place.",,145,BACKLOG,t,,,f,,,,cultural-infrastructure,2025-01-09,2025-01-28 16:07:48.991095,,,f,,,f
625ca867-08c3-47ca-8a95-27a999e5c22e,Water quality,"The condition of water, including chemical, physical, and biological characteristics",,273,BACKLOG,t,,,f,,,,water-quality,2024-03-25,2025-01-28 17:10:33.764434,,,f,,,f
9b8326d9-7f68-4698-85b8-0f178b040d0e,Water stressed areas,Areas where the demand for water exceeds the available amount,,274,BACKLOG,t,,,f,,,,water-stressed-areas,2024-03-25,2025-01-28 17:11:14.300358,,,f,,,f
a31d6c68-e4fe-4f9c-a5e5-54481d971e91,Wildbelt designations,Land currently of low biodiversity value that is designated for nature's recovery,,275,BACKLOG,t,,,f,"[{""name"": ""wildbelt"", ""label"": ""Wildbelt"", ""schema_url"": ""https://github.com/digital-land/specification/blob/main/content/dataset/wildbelt.md?plain=1"", ""platform_url"": ""https://www.planning.data.gov.uk/dataset/wildbelt"", ""dataset_editor_url"": null}]",,,wildbelt-designations,2024-03-25,2025-01-28 17:11:38.902423,,,f,,,t
3151b259-2c53-480e-9517-8c7e5c937ef3,BGS mineral resources,The geological distribution of all onshore mineral resources,,,ARCHIVED,t,,,f,,,,bgs-mineral-resources,2024-03-25,2024-04-09 14:01:21.543348,,,f,,,f
61517005-0035-4ce0-8652-c0ce9e0bb297,Long established & protected woodland,Areas that have been wooded continuously from 1893,,,ARCHIVED,t,,,f,"[{""name"": ""long-established-woodland"", ""label"": ""Long established woodland"", ""schema_url"": ""https://github.com/digital-land/specification/blob/main/content/dataset/long-established-woodland.md?plain=1"", ""platform_url"": ""https://www.planning.data.gov.uk/dataset/long-established-woodland"", ""dataset_editor_url"": null}, {""name"": ""long-protected-woodland"", ""label"": ""Long protected woodland"", ""schema_url"": ""https://github.com/digital-land/specification/blob/main/content/dataset/long-protected-woodland.md?plain=1"", ""platform_url"": ""https://www.planning.data.gov.uk/dataset/long-protected-woodland"", ""dataset_editor_url"": null}]",,,long-established-protected-woodland,2024-03-25,2024-07-05 15:38:28.478358,,,f,,,f
6871d5e4-b330-4b07-8440-a75098350bbc,Development plans and timetables,The status of emerging and current local plans and other development plans for local planning authorities,"{""Local plans"",""Development plan documents"",""Local development scheme""}",26,TEST_AND_ITERATE,t,,AD_HOC,f,"[{""name"": ""development-plan-document-type"", ""label"": ""Development plan document type"", ""schema_url"": ""https://github.com/digital-land/specification/blob/main/content/dataset/development-plan-document-type.md?plain=1"", ""platform_url"": ""https://www.planning.data.gov.uk/dataset/development-plan-document-type"", ""dataset_editor_url"": ""https://dluhc-datasets.planning-data.dev/dataset/development-plan-document-type""}, {""name"": ""development-plan-document"", ""label"": ""Development plan document"", ""schema_url"": ""https://github.com/digital-land/specification/blob/main/content/dataset/development-plan-document.md?plain=1"", ""platform_url"": ""https://www.planning.data.gov.uk/dataset/development-plan-document"", ""dataset_editor_url"": null}, {""name"": ""development-plan-event"", ""label"": ""Development plan event"", ""schema_url"": ""https://github.com/digital-land/specification/blob/main/content/dataset/development-plan-event.md?plain=1"", ""platform_url"": ""https://www.planning.data.gov.uk/dataset/development-plan-event"", ""dataset_editor_url"": ""https://dluhc-datasets.planning-data.dev/dataset/development-plan-event""}, {""name"": ""development-plan-geography-type"", ""label"": ""Development plan geography type"", ""schema_url"": ""https://github.com/digital-land/specification/blob/main/content/dataset/development-plan-geography-type.md?plain=1"", ""platform_url"": ""https://www.planning.data.gov.uk/dataset/development-plan-geography-type"", ""dataset_editor_url"": ""https://dluhc-datasets.planning-data.dev/dataset/development-plan-geography-type""}, {""name"": ""development-plan-geography"", ""label"": ""Development plan geography"", ""schema_url"": ""https://github.com/digital-land/specification/blob/main/content/dataset/development-plan-geography.md?plain=1"", ""platform_url"": ""https://www.planning.data.gov.uk/dataset/development-plan-geography"", ""dataset_editor_url"": null}, {""name"": ""development-plan-status"", ""label"": ""Development plan status"", ""schema_url"": ""https://github.com/digital-land/specification/blob/main/content/dataset/development-plan-status.md?plain=1"", ""platform_url"": ""https://www.planning.data.gov.uk/dataset/development-plan-status"", ""dataset_editor_url"": ""https://dluhc-datasets.planning-data.dev/dataset/development-plan-status""}, {""name"": ""development-plan-timetable"", ""label"": ""Development plan timetable"", ""schema_url"": ""https://github.com/digital-land/specification/blob/main/content/dataset/development-plan-timetable.md?plain=1"", ""platform_url"": ""https://www.planning.data.gov.uk/dataset/development-plan-timetable"", ""dataset_editor_url"": null}, {""name"": ""development-plan-type"", ""label"": ""Development plan type"", ""schema_url"": ""https://github.com/digital-land/specification/blob/main/content/dataset/development-plan-type.md?plain=1"", ""platform_url"": ""https://www.planning.data.gov.uk/dataset/development-plan-type"", ""dataset_editor_url"": ""https://dluhc-datasets.planning-data.dev/dataset/development-plan-type""}, {""name"": ""development-plan"", ""label"": ""Development plan"", ""schema_url"": ""https://github.com/digital-land/specification/blob/main/content/dataset/development-plan.md?plain=1"", ""platform_url"": ""https://www.planning.data.gov.uk/dataset/development-plan"", ""dataset_editor_url"": null}]","[{""link_url"": ""https://www.gov.uk/guidance/plan-making"", ""link_text"": ""Plan-making guidance""}, {""link_url"": ""https://app.mural.co/t/mhclg2837/m/mhclg2837/1718210633604/0ef44d48a82d8a72f5b1a4e81d9a46fcfe4ec880?wid=0-1718212491587"", ""link_text"": ""Concept map (mural)""}, {""link_url"": ""https://digital-land.github.io/local-plans-timetable/"", ""link_text"": ""Create Local Plan Timetable (Prototype)""}]","{""link_url"": ""https://design.planning.data.gov.uk/planning-consideration/development-plans-and-timetables/screen/#is-there-legislation"", ""link_text"": ""See legislation details""}",development-plans-and-timetables,2024-03-25,2024-08-29 06:07:20.244504,,"{""link_url"": ""https://digital-land.github.io/specification/specification/development-plan/"", ""link_text"": ""Development plan""}",f,,,t
7cac6c4c-6047-463b-9bed-207c6df6b463,Design codes,A Design Code is a set of design requirements providing specific parameters for the physical development of a site or area. They set expectations of design quality for any upcoming development.,"{""Design Guides""}",27,TEST_AND_ITERATE,t,,AD_HOC,t,"[{""name"": ""design-code-area-type"", ""label"": ""Design code area type"", ""schema_url"": ""https://github.com/digital-land/specification/blob/main/content/dataset/design-code-area-type.md?plain=1"", ""platform_url"": ""https://www.planning.data.gov.uk/dataset/design-code-area-type"", ""dataset_editor_url"": ""https://dluhc-datasets.planning-data.dev/dataset/design-code-area-type""}, {""name"": ""design-code-area"", ""label"": ""Design code area"", ""schema_url"": ""https://github.com/digital-land/specification/blob/main/content/dataset/design-code-area.md?plain=1"", ""platform_url"": ""https://www.planning.data.gov.uk/dataset/design-code-area"", ""dataset_editor_url"": null}, {""name"": ""design-code-characteristic"", ""label"": ""Design code characteristic"", ""schema_url"": ""https://github.com/digital-land/specification/blob/main/content/dataset/design-code-characteristic.md?plain=1"", ""platform_url"": ""https://www.planning.data.gov.uk/dataset/design-code-characteristic"", ""dataset_editor_url"": ""https://dluhc-datasets.planning-data.dev/dataset/design-code-characteristic""}, {""name"": ""design-code-rule-category"", ""label"": ""Design code rule category"", ""schema_url"": ""https://github.com/digital-land/specification/blob/main/content/dataset/design-code-rule-category.md?plain=1"", ""platform_url"": ""https://www.planning.data.gov.uk/dataset/design-code-rule-category"", ""dataset_editor_url"": ""https://dluhc-datasets.planning-data.dev/dataset/design-code-rule-category""}, {""name"": ""design-code-rule"", ""label"": ""Design code rule"", ""schema_url"": ""https://github.com/digital-land/specification/blob/main/content/dataset/design-code-rule.md?plain=1"", ""platform_url"": ""https://www.planning.data.gov.uk/dataset/design-code-rule"", ""dataset_editor_url"": null}, {""name"": ""design-code-status"", ""label"": ""Design code status"", ""schema_url"": ""https://github.com/digital-land/specification/blob/main/content/dataset/design-code-status.md?plain=1"", ""platform_url"": ""https://www.planning.data.gov.uk/dataset/design-code-status"", ""dataset_editor_url"": ""https://dluhc-datasets.planning-data.dev/dataset/design-code-status""}, {""name"": ""design-code"", ""label"": ""Design code"", ""schema_url"": ""https://github.com/digital-land/specification/blob/main/content/dataset/design-code.md?plain=1"", ""platform_url"": ""https://www.planning.data.gov.uk/dataset/design-code"", ""dataset_editor_url"": null}]","[{""link_url"": ""https://www.gov.uk/guidance/creating-a-design-code"", ""link_text"": ""Design code guidance""}, {""link_url"": ""https://app.mural.co/t/mhclg2837/m/mhclg2837/1709140526813/9a28b5a76405c33dbb1568a2870a5e6057bf0b91?sender=u254215e050d2f98c69580938"", ""link_text"": ""Draft data model (living document)""}, {""link_url"": ""https://design-code-prototype.planning-data.dev/"", ""link_text"": ""Design code library proof of concept""}, {""link_url"": ""https://www.local.gov.uk/sites/default/files/documents/DLUHC%20PAS%20LURB%20Design%20Code%20presentation.pdf"", ""link_text"": ""Background on design code policy""}, {""link_url"": ""https://docs.google.com/spreadsheets/d/1oLuL8rQ3yBz0fzycDZQczLxFZ-PpAKzNaG2swrRPF1E/edit?usp=sharing"", ""link_text"": ""Design code template spreadsheet""}]","{""link_url"": ""https://www.legislation.gov.uk/ukpga/2023/55/contents/enacted"", ""link_text"": ""Levelling Up and Regeneration Act (2023)""}",design-codes,2024-03-25,2024-08-30 13:26:03.653509,,"{""link_url"": ""https://digital-land.github.io/specification/specification/design-code/"", ""link_text"": ""Design code""}",f,,,t
fced4f94-9dd5-45e8-9a12-737317320838,Internal drainage district,Areas that derive benefit or avoid danger as a result of drainage operations,,188,BACKLOG,t,,,f,"[{""name"": ""internal-drainage-board"", ""label"": ""Internal drainage board"", ""schema_url"": ""https://github.com/digital-land/specification/blob/main/content/dataset/internal-drainage-board.md?plain=1"", ""platform_url"": ""https://www.planning.data.gov.uk/dataset/internal-drainage-board"", ""dataset_editor_url"": null}, {""name"": ""internal-drainage-district"", ""label"": ""Internal drainage district"", ""schema_url"": ""https://github.com/digital-land/specification/blob/main/content/dataset/internal-drainage-district.md?plain=1"", ""platform_url"": ""https://www.planning.data.gov.uk/dataset/internal-drainage-district"", ""dataset_editor_url"": null}]",,,internal-drainage-district,2024-03-25,2025-01-28 16:30:12.229323,,,f,,,f
8c4f91df-8ae4-417e-a24d-bf28ba9a952b,BGS infiltration Sustainable Drainage Systems (SuDS),An initial indication of the suitability of the ground for infiltration SuDS,,,ARCHIVED,t,,,f,,,,bgs-infiltration-sustainable-drainage-systems,2024-03-25,2024-09-05 10:08:50.683209,,,f,,,t
ec5a8e87-a510-4147-ab57-2f061e557e46,Invasive non native species,Species which have been introduced into areas outside their natural range through human actions and are posing a threat to native wildlife,,189,BACKLOG,t,,,f,,,,invasive-non-native-species,2024-03-25,2025-01-28 16:30:35.312734,,,f,,,f
8e92df53-a37a-41c0-8c9d-656a19fbb870,Lakes,Large areas of fresh water surrounded by land,{Watercourses},191,BACKLOG,t,,,f,,,,lakes,2024-03-25,2025-01-28 16:31:16.0177,,,f,,,f
3619e662-648f-4b5a-9514-e33a729e301d,Greenbelt,An area of open land around a city that cannot be built on,"{""Green belt""}",45,ON_THE_PLATFORM,t,,AD_HOC,f,"[{""name"": ""green-belt-core"", ""label"": ""Green belt core"", ""schema_url"": ""https://github.com/digital-land/specification/blob/main/content/dataset/green-belt-core.md?plain=1"", ""platform_url"": ""https://www.planning.data.gov.uk/dataset/green-belt-core"", ""dataset_editor_url"": ""https://dluhc-datasets.planning-data.dev/dataset/green-belt-core""}, {""name"": ""green-belt"", ""label"": ""Green belt"", ""schema_url"": ""https://github.com/digital-land/specification/blob/main/content/dataset/green-belt.md?plain=1"", ""platform_url"": ""https://www.planning.data.gov.uk/dataset/green-belt"", ""dataset_editor_url"": null}]","[{""link_url"": ""https://www.gov.uk/guidance/green-belt"", ""link_text"": ""Greenbelt guidance""}]",,greenbelt,2024-03-25,2024-09-26 16:03:05.787416,,,f,,,t
7e3d7fc7-fe1b-4307-afdc-300f2e3a2958,Building safety levy,"Developers will pay a Levy on new residential buildings which
require building control approval, unless exempt to ensure
fairness and mitigate supply impacts. The Levy will raise funds to pay for remediation of cladding on buildings,
where a developer cannot be held responsible or identified, and is a key
element of ensuring industry pays.",,124,BACKLOG,t,,,f,,"[{""link_url"": ""https://www.local.gov.uk/sites/default/files/documents/BSL%20webinar%20slides.pdf"", ""link_text"": ""Building Safety Levy by MHCLG (2024-11-18)""}]",,building-safety-levy,2025-01-12,2025-01-28 14:24:35.87382,,,f,,,f
2c6607da-f515-446d-97be-8f336dd5e91c,Community halls,Community halls are available to the public for community-related recreational activities.,,134,BACKLOG,t,,,f,,,,community-halls,2024-03-25,2025-01-28 14:29:05.696171,,,f,,,t
ac1e862c-a45d-43e1-81d4-e0bb508e5d1d,County council,"Local government tier, often having the role of minerals and waste planning authority, highways authority and statutory consultee.",,142,BACKLOG,t,,,f,,,,county-council,2024-03-25,2025-01-28 16:06:41.275286,,,f,,,f
603f9f05-a061-4aac-9794-b8fcd5ea06c0,Open roads,"High-level view of the road network, from motorways to country lanes",,83,CO_DESIGN,t,,EVERY_6_MONTHS,f,,"[{""link_url"": ""https://www.ordnancesurvey.co.uk/business-government/products/open-map-roads"", ""link_text"": ""National dataset documentation page""}]",,open-roads,2024-03-25,2024-09-05 10:53:47.226539,,,f,,,f
8e31b7e6-87b2-4daa-8e11-26b863750bc6,Conservation areas,An area of special architectural or historic interest with a character or appearance that must be preserved or enhanced ,,33,ON_THE_PLATFORM,t,10000,AD_HOC,f,"[{""name"": ""conservation-area"", ""label"": ""Conservation area"", ""schema_url"": ""https://github.com/digital-land/specification/blob/main/content/dataset/conservation-area.md"", ""platform_url"": ""https://www.planning.data.gov.uk/dataset/conservation-area"", ""dataset_editor_url"": null}, {""name"": ""conservation-area-document"", ""label"": ""Conservation area document"", ""schema_url"": ""https://github.com/digital-land/specification/blob/main/content/dataset/conservation-area-document.md?plain=1"", ""platform_url"": ""https://www.planning.data.gov.uk/dataset/conservation-area-document"", ""dataset_editor_url"": null}, {""name"": ""conservation-area-document-type"", ""label"": ""Conservation area document type"", ""schema_url"": ""https://github.com/digital-land/specification/blob/main/content/dataset/conservation-area-document-type.md?plain=1"", ""platform_url"": ""https://www.planning.data.gov.uk/dataset/conservation-area-document-type"", ""dataset_editor_url"": ""https://dluhc-datasets.planning-data.dev/dataset/conservation-area-document-type""}]","[{""link_url"": ""https://docs.google.com/document/d/1xXmcLRxSzEzLB9Z2H2ztsjh75ZtpSVz0V89R2j-hC1g/edit"", ""link_text"": ""Design process document""}, {""link_url"": ""https://app.mural.co/t/mhclg2837/m/mhclg2837/1712065213311/0ddf4128ff318850d5965b157fb7ebd91e3c140a?sender=u1cae178c0a712eade24c2472"", ""link_text"": ""Conservation areas process map""}, {""link_url"": ""https://www.gov.uk/guidance/conserving-and-enhancing-the-historic-environment"", ""link_text"": ""Historic environment guidance""}]","{""link_url"": ""https://www.legislation.gov.uk/ukpga/1990/9/part/II "", ""link_text"": ""Planning (Listed Building and Conservation Areas) Act 1990, Part II""}",conservation-areas,2024-03-25,2024-09-04 11:21:41.157528,,"{""link_url"": ""https://digital-land.github.io/specification/specification/conservation-area/"", ""link_text"": ""Conservation area""}",t,,"{""status"": ""Presumption to publish"", ""further_information_url"": ""https://github.com/digital-land/data-standards-backlog/discussions/33#discussioncomment-10190956""}",t
f14b4a63-f760-41ae-b0ed-07d4e5c4d579,Local nature reserves,A protected area of land designated by a local authority because of its special natural interest or educational value,"{""Protected sites""}",48,ON_THE_PLATFORM,t,,AD_HOC,f,"[{""name"": ""local-nature-reserve"", ""label"": ""Local nature reserve"", ""schema_url"": ""https://github.com/digital-land/specification/blob/main/content/dataset/local-nature-reserve.md?plain=1"", ""platform_url"": ""https://www.planning.data.gov.uk/dataset/local-nature-reserve"", ""dataset_editor_url"": null}]","[{""link_url"": ""https://naturalengland-defra.opendata.arcgis.com/datasets/Defra::local-nature-reserves-england/about"", ""link_text"": ""National dataset documentation page""}, {""link_url"": ""https://services.arcgis.com/JJzESW51TqeY9uat/arcgis/rest/services/Local_Nature_Reserves_England/FeatureServer/0/query?outFields=*&where=1%3D1&f=geojson"", ""link_text"": ""URL of national dataset""}, {""link_url"": ""https://docs.google.com/document/d/1ZObCVL1dGKVEgputfdwPs-Ih43UH5Mradk4zvteeA_Y/edit#heading=h.lb9do641w06g"", ""link_text"": ""Fact sheet url""}]","{""link_url"": ""https://www.legislation.gov.uk/ukpga/Geo6/12-13-14/97/section/21"", ""link_text"": ""Section 21 of the National Parks and Access to the Countryside Act 1949""}",local-nature-reserves,2024-03-25,2024-09-04 11:36:26.405996,,,f,,,t
395d2157-3550-44f5-a964-6d7c7a8a8327,Hazardous waste interrogator,,,,ARCHIVED,t,,,f,,,,hazardous-waste-interrogator,2024-03-25,2024-07-19 08:48:20.982244,,,f,,,f
3bc3d939-cd2f-4f08-b47c-3fe066d0763e,Land to be acquired for roadworks,Land reserved for roadworks,,194,BACKLOG,t,,,f,,,"{""link_url"": ""https://www.legislation.gov.uk/ukpga/1990/8/contents"", ""link_text"": ""Town and Country Planning Act 1990""}",land-to-be-acquired-for-roadworks,2024-03-25,2025-01-28 16:32:44.106879,,,f,,,f
e56e8e80-cffa-43cf-a8d8-77090db1f0d2,Nationally Significant Infrastructure Projects (NSIP),"Major infrastructure projects such as new harbours, roads, power generating stations (including offshore wind farms) and electricity transmission lines, which require a type of consent known as ‘development consent’",,,ON_THE_PLATFORM,t,,AD_HOC,f,"[{""name"": ""infrastructure-project-decision"", ""label"": ""Infrastructure project decision"", ""schema_url"": ""https://github.com/digital-land/specification/blob/main/content/dataset/infrastructure-project-decision.md?plain=1"", ""platform_url"": ""https://www.planning.data.gov.uk/dataset/infrastructure-project-decision"", ""dataset_editor_url"": ""https://dluhc-datasets.planning-data.dev/dataset/infrastructure-project-decision""}, {""name"": ""infrastructure-project-document-type"", ""label"": ""Infrastructure project document type"", ""schema_url"": ""https://github.com/digital-land/specification/blob/main/content/dataset/infrastructure-project-document-type.md?plain=1"", ""platform_url"": ""https://www.planning.data.gov.uk/dataset/infrastructure-project-document-type"", ""dataset_editor_url"": ""https://dluhc-datasets.planning-data.dev/dataset/infrastructure-project-document-type""}, {""name"": ""infrastructure-project-document"", ""label"": ""Infrastructure project document"", ""schema_url"": ""https://github.com/digital-land/specification/blob/main/content/dataset/infrastructure-project-document.md?plain=1"", ""platform_url"": ""https://www.planning.data.gov.uk/dataset/infrastructure-project-document"", ""dataset_editor_url"": null}, {""name"": ""infrastructure-project-event"", ""label"": ""Infrastructure project event"", ""schema_url"": ""https://github.com/digital-land/specification/blob/main/content/dataset/infrastructure-project-event.md?plain=1"", ""platform_url"": ""https://www.planning.data.gov.uk/dataset/infrastructure-project-event"", ""dataset_editor_url"": ""https://dluhc-datasets.planning-data.dev/dataset/infrastructure-project-event""}, {""name"": ""infrastructure-project-log"", ""label"": ""Infrastructure project log"", ""schema_url"": ""https://github.com/digital-land/specification/blob/main/content/dataset/infrastructure-project-log.md?plain=1"", ""platform_url"": ""https://www.planning.data.gov.uk/dataset/infrastructure-project-log"", ""dataset_editor_url"": null}, {""name"": ""infrastructure-project-type"", ""label"": ""Infrastructure project type"", ""schema_url"": ""https://github.com/digital-land/specification/blob/main/content/dataset/infrastructure-project-type.md?plain=1"", ""platform_url"": ""https://www.planning.data.gov.uk/dataset/infrastructure-project-type"", ""dataset_editor_url"": ""https://dluhc-datasets.planning-data.dev/dataset/infrastructure-project-type""}, {""name"": ""infrastructure-project"", ""label"": ""Infrastructure project"", ""schema_url"": ""https://github.com/digital-land/specification/blob/main/content/dataset/infrastructure-project.md?plain=1"", ""platform_url"": ""https://www.planning.data.gov.uk/dataset/infrastructure-project"", ""dataset_editor_url"": null}]","[{""link_url"": ""https://www.gov.uk/guidance/guidance-on-procedural-requirements-for-major-infrastructure-projects"", ""link_text"": ""NSIP guidance""}]",,nationally-significant-infrastructure-projects,2024-03-25,2024-09-02 14:37:40.410666,,"{""link_url"": ""https://digital-land.github.io/specification/specification/infrastructure-project/"", ""link_text"": ""Infrastructure project""}",f,,,f
770529fd-b90e-438e-96c9-e0b0fae08c7b,Distribution network operator (dno) licence area,There are 14 licensed Distribution Network Operators (DNOs) in Britain and each is responsible for a regional distribution services area. DNO Licence Areas are sometimes referred to as GSP Groups and historically have also been known as Public Electricity Supplier (PES) regions,"{""GSP Groups"",""Public Electricity Supplier (PES) regions""}",101,RESEARCH,t,,,f,,"[{""link_url"": ""https://www.neso.energy/data-portal/gis-boundaries-gb-dno-license-areas"", ""link_text"": ""Available data from NESO""}]",,distribution-network-operator,2025-01-12,2025-01-24 09:55:25.664939,,,f,"The licence that this data is available under is their public data sharing licence - which (from the description) the same as CC BY-NC-ND (ie the no derivatives Creative Commons licence).

This means that whilst the data is available it is not open data - so can not currently be put onto the planning data platform. - [Github discussion](https://github.com/digital-land/data-standards-backlog/discussions/101#discussioncomment-11913435)",,f
311a519f-bcd8-4ba8-9787-7f2c65f6de16,Sites of special scientific interest,A protected area that’s of particular interest to science due to rare species of fauna or flora or important geological or physiological features,"{""Protected sites"",SSSIs}",96,RESEARCH,t,,AD_HOC,f,"[{""name"": ""site-of-special-scientific-interest"", ""label"": ""Site of special scientific interest"", ""schema_url"": ""https://github.com/digital-land/specification/blob/main/content/dataset/site-of-special-scientific-interest.md?plain=1"", ""platform_url"": ""https://www.planning.data.gov.uk/dataset/site-of-special-scientific-interest"", ""dataset_editor_url"": null}]","[{""link_url"": ""https://www.gov.uk/guidance/protected-areas-sites-of-special-scientific-interest"", ""link_text"": ""SSSI guidance""}]",,sites-of-special-scientific-interest,2024-03-25,2025-01-27 08:00:37.944886,,,f,,,t
704d7aa2-90d5-4bae-ae28-8c8908533241,Ancient and veteran trees,"A tree that is of interest biologically, culturally or aesthetically because of its age, size or condition","{""Veteran trees""}",108,BACKLOG,t,,,f,,"[{""link_url"": ""https://www.gov.uk/guidance/ancient-woodland-ancient-trees-and-veteran-trees-advice-for-making-planning-decisions"", ""link_text"": ""Ancient and veteran tree guidance""}]","{""link_url"": ""https://www.gov.uk/guidance/ancient-woodland-ancient-trees-and-veteran-trees-advice-for-making-planning-decisions#ancient-and-veteran-trees"", ""link_text"": ""Natural England, Forestry Commission""}",ancient-and-veteran-trees,2024-03-25,2025-01-28 14:11:20.05077,,,f,,,t
4256b884-12b4-4c51-a42f-176e3ad25688,Areas which would benefit from flood defences,Areas that would benefit from the presence of defences in a 1 percent fluvial / 0.5 percent tidal flood event.,{},113,BACKLOG,t,,,f,,"[{""link_url"": ""https://ckan.publishing.service.gov.uk/dataset/flood-map-for-planning-rivers-and-sea-areas-benefiting-from-defences"", ""link_text"": ""National dataset documentation page""}]",,areas-which-would-benefit-from-flood-defences,2024-03-25,2025-01-28 14:13:26.86031,,,f,,,f
7e607c45-7d6d-4ce3-b27d-22e3883755fb,Local housing need,"",,,BACKLOG,t,,,f,,,,local-housing-need,2025-02-25,,,,f,,,f
b2e17328-e974-433c-abeb-39940e061a9c,Libraries,"A building containing collections of books and other media for use and borrowing by the public. Libraries increasingly have broader offerings, including child and youth provision, community services and health and wellbeing support.",,196,BACKLOG,t,,,f,,,,libraries,2024-03-25,2025-01-28 16:33:19.899748,,,f,,,t
f0b7c670-b91a-499a-8d1c-01580f95b01b,National forest inventory,"All forest and woodland area over 0.5 hectare with a minimum of 20% canopy cover, or the potential to achieve it",,84,CO_DESIGN,t,360143,ANNUALLY,f,,"[{""link_url"": ""http://data-forestry.opendata.arcgis.com/datasets/295e0278dc2641e2935c411d28908be9_0"", ""link_text"": ""National dataset documentation page""}]",,national-forest-inventory,2024-03-25,2024-09-03 14:27:46.654584,,,f,"The available data doesn't have a persistent ID for us to use as the reference. This would make it harder to track any changes that are made to entities.

We should reach out to the Forestry Commission to see if they can add one.
[See github discussion for more details](https://design.planning.data.gov.uk/planning-consideration/air-quality-management-areas/screen/).",,f
022c6960-7f05-416d-af8e-953848030cdd,Mine entry,The entrances into a mine,,,ARCHIVED,t,,,f,,,,mine-entry,2024-03-25,2024-04-09 14:01:22.728375,,,f,,,f
d0c8d988-27b8-4d10-ac3e-6d3957efe430,Certificate of immunity,A guarantee that a building or buildings will not be newly listed or given a building preservation notice for the next 5 years,,93,RESEARCH,t,,FORTNIGHTLY,f,"[{""name"": ""certificate-of-immunity"", ""label"": ""Certificate of immunity"", ""schema_url"": ""https://github.com/digital-land/specification/blob/main/content/dataset/certificate-of-immunity.md?plain=1"", ""platform_url"": ""https://www.planning.data.gov.uk/dataset/certificate-of-immunity"", ""dataset_editor_url"": null}]","[{""link_url"": ""https://historicengland.org.uk/listing/protect-historic-places/building-preservation-notices-and-certificates-of-immunity/#COIs"", ""link_text"": ""Guidance on applying to Historic England""}]","{""link_url"": ""https://www.legislation.gov.uk/ukpga/1990/9/contents"", ""link_text"": ""The Planning (Listed Buildings and Conservation Areas) Act 1990""}",certificate-of-immunity,2024-03-25,2025-01-29 08:42:26.955539,,,f,,,f
66c43537-0cb6-4b5a-88a4-5a2c29ea7159,Species data,Curated database of UK wildlife taxonomy ,,,ARCHIVED,t,,,f,,,,species-data,2024-03-25,2024-04-09 14:01:23.580015,,,f,,,f
463b59f8-70be-4839-ad8a-500509c8b876,Annual position statement,"",,,BACKLOG,t,,,f,,,,annual-position-statement,2025-02-25,,,,f,,,f
608c3a28-b485-4a34-ac29-0191b9b98e0e,Affordability index,"",,,BACKLOG,t,,,f,,,,affordability-index,2025-02-25,,,,f,,,f
97b2958b-3fd4-42a7-a555-d9ff3ea62884,Local air quality action plan,Plan that outlines local action to improve air quality,,200,BACKLOG,t,,,f,,,"{""link_url"": ""https://www.legislation.gov.uk/ukpga/1995/25/contents"", ""link_text"": ""Environment Act 1995""}",local-air-quality-action-plan,2024-03-25,2025-01-28 16:33:56.61149,,,f,,,t
08ba3e9f-8fd1-4a1f-8c0e-a8a586100b10,Price paid data,Information on all property sales in England and Wales that are sold for value,,,ARCHIVED,t,,,f,,"[{""link_url"": ""https://www.gov.uk/government/collections/uk-house-price-index-reports#about-the-uk-hpi"", ""link_text"": ""National dataset documentation page""}]",,price-paid-data,2024-03-25,2024-04-09 14:01:23.116198,,,f,,,f
1157bfe4-8e1e-4f15-9ed6-c4aa62350cfd,Wildlife,Undomesticated animal species,,,ARCHIVED,t,,,f,"[{""name"": ""wildlife"", ""label"": ""Wildlife"", ""schema_url"": ""https://github.com/digital-land/specification/blob/main/content/dataset/wildlife.md?plain=1"", ""platform_url"": ""https://www.planning.data.gov.uk/dataset/wildlife"", ""dataset_editor_url"": null}]",,,wildlife,2024-03-25,2024-07-05 15:38:05.083587,,,f,,,f
b587e9b5-18b9-4a54-baea-f5303429e6ad,National grid overhead lines,Electrical cables that transmit electricity across the country,,80,SCREEN,t,,,f,,"[{""link_url"": ""https://www.nationalgridet.com/network-and-assets/network-route-maps"", ""link_text"": ""National dataset documentation page""}]",,national-grid-overhead-lines,2024-03-25,2024-07-02 14:13:01.25923,,,f,Restrictive licence,,f
fac290eb-3c65-495c-822e-651ef3ef9ace,Authorised landfill sites,"Areas of land that are used to dump rubbish, either directly on the ground or filling in an unwanted hole",,114,BACKLOG,t,,,f,,,,authorised-landfill-sites,2024-03-25,2025-01-28 14:14:56.880722,,,f,,,f
52a17805-5097-48bd-9c03-34fb84b6a713,Borehole scans,"Scanned images of the records of all onshore Great Britain (or near shore) boreholes, trial pits, shafts and wells","{""Wellmaster hydrogeological database index""}",,ARCHIVED,t,,,f,,,,borehole-scans,2024-03-25,2024-04-09 14:01:21.599463,,,f,,,f
c4287c43-bcd7-4922-8149-d9e3aa537c30,Religious grounds,"Green space or greenspace is an area of undeveloped land in an urban context which is not usually available for development, such as playing fields, sports’ facilities, play areas and allotments.",,64,CO_DESIGN,t,,EVERY_6_MONTHS,f,,,,religious-grounds,2024-08-09,2024-09-24 10:25:51.609313,,,f,,,f
7b0a37be-abae-4bbc-aca1-d53cf20bbe1c,Best and most versatile agricultural land,Land considered the most capable of growing crops for food and non-food uses,,115,BACKLOG,t,,,f,"[{""name"": ""best-and-most-versatile-agricultural-land"", ""label"": ""Best and most versatile agricultural land"", ""schema_url"": ""https://github.com/digital-land/specification/blob/main/content/dataset/best-and-most-versatile-agricultural-land.md?plain=1"", ""platform_url"": ""https://www.planning.data.gov.uk/dataset/best-and-most-versatile-agricultural-land"", ""dataset_editor_url"": null}]",,"{""link_url"": ""https://www.legislation.gov.uk/uksi/2015/595/contents/made"", ""link_text"": ""Town and Country Planning (Development Management Procedure (England) Order) (DMPO) 2015""}",best-and-most-versatile-agricultural-land,2024-03-25,2025-01-28 14:15:36.788852,,,f,,,t
0487a8b6-18d1-4798-858b-797328679585,Historic landfill,Sites where there is no PPC (Pollution Prevention and Control) permit or waste management licence currently in force,,90,CO_DESIGN,t,19806,AD_HOC,f,,,,historic-landfill,2024-03-25,2024-10-07 16:00:08.738553,,,f,"The identified single source dataset is currently blocked by the EA conditional licence, which is non-perpetual. To un-block this, we need to contact the EA to find a solution.",,f
1400219e-6371-40a4-ad49-2c87b52e70ef,Bgs mining hazards (not including coal),The potential for hazards due to underground (non-coal) mining,,116,BACKLOG,t,,,f,,,,bgs-mining-hazards,2024-03-25,2025-01-28 14:16:10.544237,,,f,,,f
a9ea0b0d-ba14-4775-91b4-8f8153d4f53a,Other sports facilities,"Courts and greens comprising natural or artificial surfaces, including tennis courts, bowling greens, athletics tracks and other outdoor sports areas",,64,CO_DESIGN,t,,EVERY_6_MONTHS,f,,,,other-sports-facilities,2024-08-09,2024-09-26 16:12:33.41565,,,f,,,t
ed8fa294-a35d-46ea-bd19-87ae5fbe72b0,Playing fields,Land in the open air provided for physical education or recreation,,64,CO_DESIGN,t,,EVERY_6_MONTHS,f,,,,playing-fields,2024-03-25,2024-09-26 16:13:04.923395,,,f,,,t
8ac76668-bc27-47f6-9702-6838ee66625c,Coal authority managed tips,Disused colliery tip sites owned and managed by the Coal Authority,,87,RESEARCH,t,34,UNKNOWN,f,,,,coal-authority-managed-tips,2024-03-25,2024-11-11 07:26:10.470165,,,f,,,f
ecac498d-b9fd-4477-8d6f-817c4fd22c23,Bldgs (buildings),Tall buildings over 50m,,121,BACKLOG,t,,,f,,,,bldgs,2024-03-25,2025-01-28 14:23:24.585821,,,f,,,f
ea34775f-9da0-4f90-abc7-59416d507e53,Britpits mines & quarries,"BritPits (an abbreviation of British Pits), include both surface and underground mineral workings, such as mines, quarries, oil wells, gas wells, ash and desulphogypsum plants.",,122,BACKLOG,t,,,f,,,,britpits-mines-quarries,2024-03-25,2025-01-28 14:23:49.997938,,,f,,,f
0d43fb3b-8f09-4797-8633-62bb084f2a6a,Enforcement notices,"",,156,BACKLOG,t,,,f,,,,enforcement-notices,2024-04-24,2025-01-28 16:15:08.72196,,,t,,,f
c8943f13-e7ff-409f-9122-e0fc01eeb373,Green corridors,Areas that create habitat connections and active travel routes through encouraging exercise and healthy living while linking fragmented sites of biodiversity,,171,BACKLOG,t,,,f,,,,green-corridors,2024-03-25,2025-01-28 16:22:46.60568,,,f,,,t
09d99208-349d-45da-abf1-e218de42fcf7,CASI multispectral imagery,,,,ARCHIVED,t,,,f,,,,casi-multispectral-imagery,2024-03-25,2024-04-09 14:01:21.658982,,,f,,,f
d3e0cad2-355b-4021-a22b-c3c19ff5580c,Central government buildings,Buildings that the UK central government owns or occupies,,,ARCHIVED,t,,,f,,"[{""link_url"": ""https://www.data.gov.uk/dataset/c186e17f-654d-4134-aed7-b3f13469546a/central-government-welsh-ministers-and-local-government-including-property-and-land"", ""link_text"": ""URL of national dataset""}]",,central-government-buildings,2024-03-25,2024-04-09 14:01:21.678114,,,f,,,f
9a50c3c9-0bcf-4f7e-8287-c01c615561b9,Outstanding notices,,,,ARCHIVED,t,,,f,,,,outstanding-notices,2024-03-25,2024-04-09 14:01:23.003266,,,f,,,f
edebb0c5-f465-4008-ad18-ededa22b54fe,Clinics,Buildings which people can go to for medical care or advice,,,ARCHIVED,t,,,f,,,,clinics,2024-03-25,2024-07-29 10:13:37.469603,,,f,,,f
3ce85739-1a7e-4e77-8a38-9c574641d426,Local heritage assets,Assets designated by local authorities which are of local significance and require protection,"{""Non designated and locally listed historic assets"",""Locally listed areas""}",204,BACKLOG,t,,,f,,,,local-heritage-assets,2024-03-25,2025-01-28 16:34:45.169187,,,f,,,t
d0c60ff6-a408-4433-9c23-2ffe1ed8b324,Major roads,Motorways and all class 'A' roads,,,ARCHIVED,t,,,f,,,,major-roads,2024-03-25,2024-07-29 10:22:58.945382,,,f,,,f
e85551cc-2b49-4fd1-883d-49266befdc5d,Archaeological remains,"Sites where archaeological remains are discovered, and require conservation",,88,RESEARCH,t,,,f,,,"{""link_url"": ""https://www.legislation.gov.uk/ukpga/1979/46"", ""link_text"": ""Ancient Monuments and Archaeological Areas Act 1979""}",archaeological-remains,2024-03-25,2024-08-09 07:14:38.71258,,,f,,,f
f3a62905-f923-4c74-a101-6e8b810f197a,Uprn,Unique Property Reference Number (UPRN) is the unique identifier for every addressable location in the UK,,72,CO_DESIGN,t,,EVERY_6_WEEKS,f,,"[{""link_url"": ""https://osdatahub.os.uk/downloads/open/OpenUPRN"", ""link_text"": ""National dataset documentation page""}]",,uprn,2024-03-25,2024-09-05 11:00:41.626286,,,f,,,f
3abac54c-66e9-47af-bae2-b13393f17e23,BGS geological indicators of flooding,,,,ARCHIVED,t,,,f,,,,bgs-geological-indicators-of-flooding,2024-03-25,2024-04-09 14:01:21.46651,,,f,,,f
d7a60592-1265-46fe-a301-6b3d8cfe68d1,Locally significant industrial sites (lsis),Sites that have particular local importance for industrial and related functions,,206,BACKLOG,t,,,f,,,,locally-significant-industrial-sites,2024-03-25,2025-01-28 16:35:51.103653,,,f,,,t
a4376e37-24f1-4fef-8ace-a6c723067fce,BGS geological map scans,,,,ARCHIVED,t,,,f,,,,bgs-geological-map-scans,2024-03-25,2024-04-09 14:01:21.473612,,,f,,,f
c69cde34-7f17-471e-ae77-0077d9569234,BGS Geology 10k,,,,ARCHIVED,t,,,f,,,,bgs-geology-10k,2024-03-25,2024-04-09 14:01:21.480256,,,f,,,f
560ce66c-f754-441a-8c41-4e1e1f8b77f2,BGS Geology 250k,,,,ARCHIVED,t,,,f,,,,bgs-geology-250k,2024-03-25,2024-04-09 14:01:21.486618,,,f,,,f
71d8746c-89f0-4c64-bdf5-ab62954f044a,BGS Geology 25k,,,,ARCHIVED,t,,,f,,,,bgs-geology-25k,2024-03-25,2024-04-09 14:01:21.49504,,,f,,,f
20d0cade-9081-464c-8d8e-2ad24a0b7bf2,BGS Geology 50k,,,,ARCHIVED,t,,,f,,,,bgs-geology-50k,2024-03-25,2024-04-09 14:01:21.506256,,,f,,,f
7012ae6a-887e-47f1-897c-cd9bd8899b08,BGS Geology 625k,,"{""Geology 625k""}",,ARCHIVED,t,,,f,,,,bgs-geology-625k,2024-03-25,2024-04-09 14:01:21.514303,,,f,,,f
b3d0e898-06c2-40b7-9dae-48952d12cfd2,BGS Geology: superficial thickness,,,,ARCHIVED,t,,,f,,,,bgs-geology-superficial-thickness,2024-03-25,2024-04-09 14:01:21.520976,,,f,,,f
54e49b87-750a-411a-bb5a-70b51e5b4554,BGS groundwater flooding,"Areas where groundwater flooding could occur or where groundwater may come close to the ground surface in England, Wales and Scotland",,,ARCHIVED,t,,,f,,,,bgs-groundwater-flooding,2024-03-25,2024-04-09 14:01:21.527616,,,f,,,f
ada0db25-524e-4a60-862e-c8fe14a92456,Marine conservation zones,"Marine areas that protect a range of nationally important, rare or threatened habitats and species","{""Protected sites""}",209,BACKLOG,t,,,f,,,,marine-conservation-zones,2024-03-25,2025-01-28 16:37:13.112044,,,f,,,f
22633c22-db7b-41b1-9f80-e35cb94decdb,BGS permeability,‘Permeability’ refers to whether and how water can flow through a rock. This data is often used in studies of groundwater and in particular during investigations of pollution or aquifer contamination,,,ARCHIVED,t,,,f,,,,bgs-permeability,2024-03-25,2024-04-09 14:01:21.559952,,,f,,,f
ec05ba9c-17e3-43ce-ba62-fd9d43abba0e,GeoScour,Information on the likelihood of river scour (when water erodes sediments) occurences,,,ARCHIVED,t,,,f,,,,geoscour,2024-03-25,2024-04-09 14:01:22.110546,,,f,,,f
de9786e8-9eaa-4ff8-b809-9dac457be2c9,Aircraft noise,"",,106,BACKLOG,t,,,f,,,,aircraft-noise,2024-07-18,2025-01-28 14:10:34.378858,,,f,,,f
1d1d484f-c4a6-41e0-bf6d-a2a55629418d,Air quality management locations,Locations of air quality monitoring sites,"{""Air quality management areas""}",,ARCHIVED,t,,,f,,,,air-quality-management-locations,2024-03-25,2024-04-09 14:01:21.351846,,,f,,,f
a4ec95e8-3f7d-4db7-a8a5-fa295bf0cce0,Public transport accessibility levels (ptal),"A detailed and accurate measure of the accessibility of a point to the public transport network, taking into account walk access time and service availability",,241,BACKLOG,t,,,f,,,,public-transport-accessibility-levels,2024-03-25,2025-01-28 16:53:48.06596,,,f,,,t
380ed5ad-2a47-427c-b8c2-61e10205458c,Areas for environmental enhancement,Areas where new habitats for wildlife will be created or restored,,,ARCHIVED,t,,,f,,,,areas-for-environmental-enhancement,2024-03-25,2024-04-09 14:01:21.417236,,,f,,,f
05366a3f-b8a7-4717-83e4-cfd98ae2b7fc,Road classification,"The system of roads classification that all UK roads (excluding motorways) fall into - A roads, B roads, classified unnumbered, unclassified","{""Classified roads""}",,SCREEN,t,,,f,,"[{""link_url"": ""https://docs.google.com/document/d/199-f6cigd4WcQm2jFDlb7qt3HrriLPkvY95qNzbQ-34/edit#heading=h.lb9do641w06g"", ""link_text"": ""Fact sheet url""}]",,road-classification,2024-03-25,2024-06-06 11:26:12.952947,,,t,,,f
b2ce4358-e58a-4dd4-a330-9ce77e5f2d58,School catchment areas,Geographical area surrounding a school from which it will usually take most of its pupils,,248,BACKLOG,t,,,f,,,,school-catchment-areas,2024-03-25,2025-01-28 16:56:55.752235,,,f,,,t
dcbe489d-3928-4f0b-9f89-721fb3215488,Coastal erosion risk,"",,,BACKLOG,t,,,f,,"[{""link_url"": ""https://www.gov.uk/guidance/updates-to-national-flood-and-coastal-erosion-risk-information"", ""link_text"": ""New national flood and coastal erosion risk information""}]",,coastal-erosion-risk,2025-02-04,2025-02-04 18:00:29.645043,,,f,,,f
e1f23247-74f6-4c89-8f88-426cb9a7ffcc,Canals,Human-made waterways that allow boats and ships to pass from one body of water to another,{Watercourses},125,BACKLOG,t,,,f,,,,canals,2024-03-25,2025-01-28 14:24:57.63959,,,f,,,f
9d88e537-4dd1-447e-b25c-ae862021b97d,Coal authority mine water treatment schemes,Locations where mine water is treated to improve water quality in polluted rivers,,126,BACKLOG,t,,,f,,,,coal-authority-mine-water-treatment-schemes,2024-03-25,2025-01-28 14:25:22.041139,,,f,,,f
45f27fed-ab64-4bc1-b205-93c134551a30,Existing railway network,The existing railway network.,,160,BACKLOG,t,,,f,,,,existing-railway-network,2024-03-25,2025-01-28 16:16:58.896699,,,f,,,t
603a7940-bf70-4518-8c32-ac35f3221079,National chargepoint register,Database of public electric vehicle chargepoints  in the UK,,214,BACKLOG,t,,,f,,,,national-chargepoint-register,2024-03-25,2025-01-28 16:42:49.51229,,,f,,,f
bd32868f-79d0-4663-a018-41346cc1083e,National cycle network,"The UK-wide network of signed paths and routes for walking, wheeling, and cycling outdoors",,215,BACKLOG,t,,,f,,,,national-cycle-network,2024-03-25,2025-01-28 16:43:11.674802,,,f,,,t
9d38e216-3284-41d5-b32e-4c527b507c55,Local Environment Record Centre boundaries,Local Environmental Records Centre (LERC) areas,{LERC},,BACKLOG,t,,,f,,,,local-environment-record-centre-boundaries,2024-03-25,2025-01-08 08:56:50.555314,,,f,,,f
7e50aecf-18bd-4511-88b3-c957f8d80d45,COMAH – major hazard sites,Sites storing or handling large quantities of chemicals or hazardous substances that are covered by the Control of Major Accident Hazards (COMAH) Regulations ,"{""Control of major accident and hazard sites""}",,ARCHIVED,t,,,f,,,,comah-major-hazard-sites,2024-03-25,2024-04-09 14:01:21.748365,,,f,,,f
3d615878-c8f8-4fbc-a3f4-bbe9a760601f,Contravention of building notices,"Notices requiring work that does not comply with building regulations to be pulled down or removed, or for additional work to be carried out to make it comply",,,ARCHIVED,t,,,f,,,,contravention-of-building-notices,2024-03-25,2024-04-09 14:01:21.794253,,,f,,,f
af160b10-5e35-49ba-bdec-da85bbe4b589,Doorstep greens,New or renovated areas of public open space close to people’s homes that can be enjoyed permanently by the local community,,,ARCHIVED,t,,,f,,,,doorstep-greens,2024-03-25,2024-07-29 10:14:54.135464,,,f,,,f
529cd585-7b69-42a9-9591-b6d0e2481cc9,Crossrail route,"Train route linking Reading and Heathrow in the west with Shenfield and Abbey Wood in the east, via tunnels under central London",,,ARCHIVED,t,,,f,,,,crossrail-route,2024-03-25,2024-04-09 14:01:21.836854,,,f,,,f
03bc9014-6e82-49db-9f81-80057bd1b52a,Crossrail stations,"Stations on the train route linking Reading and Heathrow in the west with Shenfield and Abbey Wood in the east, via tunnels under central London",,,ARCHIVED,t,,,f,,,,crossrail-stations,2024-03-25,2024-04-09 14:01:21.844003,,,f,,,f
a77daebb-2cf9-4e52-a97a-e17fc5eb6d36,Nhs trusts,An organisational unit within the NHS that serves either a geographical area or a specialised function (such as an ambulance service),,218,BACKLOG,t,,,f,,,,nhs-trusts,2024-03-25,2025-01-28 16:44:13.732589,,,f,,,f
29064999-c6f2-4d80-ab3b-286b65eccbba,Landmark buildings,Buildings of great historical or artistic value that have protection to prevent them from being changed or destroyed,,,ARCHIVED,t,,,f,,,,landmark-buildings,2024-03-25,2024-04-09 14:01:22.483396,,,f,,,f
d058f26a-6095-4411-98b6-3861b0944110,Noise action important areas,A framework to manage environmental noise and to protect quiet areas in large urban areas,,219,BACKLOG,t,,,f,,,,noise-action-important-areas,2024-03-25,2025-01-28 16:44:36.730174,,,f,,,f
e1fc55e4-6955-47df-ba6b-ffe2c98fd17f,Development consent order boundary,"The boundary of the nationally significant infrastructure project (NSIP), which has been granted planning consent through the development consent order (DCO) process.",,,ARCHIVED,t,,,f,,,,development-consent-order-boundary,2024-03-25,2024-04-09 14:01:21.876851,,,f,,,f
7782ee42-f96d-4d21-b383-73838a78589f,Non designated heritage asset,"Buildings, monuments, sites, places, areas or landscapes identified by planmaking bodies as having a degree of heritage significance needing consideration in planning decisions, but which do not meet the criteria for designated heritage assets",,220,BACKLOG,t,,,f,,,,non-designated-heritage-asset,2024-03-25,2025-01-28 16:44:59.667691,,,f,,,t
232fed70-256f-43c0-8f54-9283ccd6e8cf,Dune slack likely locations,Likely locations and boundaries of dune slacks (a depression in the coastal dune system) for sites around England,,,ARCHIVED,t,,,f,,"[{""link_url"": ""https://ckan.publishing.service.gov.uk/dataset/dune-slack-likely-locations"", ""link_text"": ""National dataset documentation page""}]",,dune-slack-likely-locations,2024-03-25,2024-04-09 14:01:21.910008,,,f,,,f
df78f99d-7f3a-4dd7-93b9-c58ca963d590,Environmental & pollution notice,Notice issuing penalties for environmental crimes,,,ARCHIVED,t,,,f,,,,environmental-pollution-notice,2024-03-25,2024-04-09 14:01:21.941722,,,f,,,f
f61c8d59-4a57-48a4-8e07-2ea76f3dea5d,Nuclear consultation zone,Consultation zones to limit the radiological consequences to members of the public in the event of a radiation emergency,"{""Nuclear safety zones""}",221,BACKLOG,t,,,f,,,,nuclear-consultation-zone,2024-03-25,2025-01-28 16:45:23.092239,,,f,,,f
a3c807a8-a2fb-4947-9135-4a4c645eb3d2,Nuclear power stations,Power plants that use the process of nuclear fission to generate electricity,,222,BACKLOG,t,,,f,,,,nuclear-power-stations,2024-03-25,2025-01-28 16:45:45.894582,,,f,,,f
68c8de54-f9be-4617-a25a-19b874d16a9c,Explosive and ordnance storage,,,,ARCHIVED,t,,,f,,"[{""link_url"": ""https://docs.google.com/document/d/13TarVxC94K5M49_LfJyr2EHW9rZT0_cPsJ_u8fVWNrw/edit#heading=h.lb9do641w06g"", ""link_text"": ""Fact sheet url""}]",,explosive-and-ordnance-storage,2024-03-25,2024-04-09 14:01:21.979801,,,f,,,f
5a1bd3ab-d040-4e9e-9e6e-3835b1b5292f,Planning application consultations,The period of consultation where views on the proposed development can be communicated,,225,BACKLOG,t,,,f,,,,planning-application-consultations,2024-03-25,2025-01-28 16:46:58.94175,,,f,,,f
0de006ed-cc21-44b7-a8a6-823d18ffa259,Minerals and waste plan,Locations for future minerals extraction (such as sand and gravel pits or crushed rock quarries) and for the development of waste management facilities (such as recycling centres),,212,RESEARCH,t,,,f,,,,minerals-and-waste-plan,2024-03-25,2025-01-29 15:15:25.912287,,,f,,,t
4b1298fe-202a-49b2-a79b-490407081e89,Previously developed land,"",,,BACKLOG,t,,,f,,,,previously-developed-land,2025-02-25,,,,f,,,f
b69da32c-55a4-4b54-9a79-67f13136fe22,Grey belt,"",,,BACKLOG,t,,,f,,,,grey-belt,2025-02-25,,,,f,,,f
becf3fb7-b26f-417a-8d99-dcdcfe883b75,Coalfield,A coal mining area that could contain unrecorded hazards,,128,BACKLOG,t,,,f,,,,coalfield,2024-03-25,2025-01-28 14:26:27.818208,,,f,,,f
baa7ea15-a430-4427-8e46-54f3e4bb8f7c,Coalfield consultation area,Areas where the Coal Authority recommends a mining search report is required for property conveyancing or development,,129,BACKLOG,t,,,f,,,,coalfield-consultation-area,2024-03-25,2025-01-28 14:26:49.397986,,,f,,,f
540ad92b-850d-4cbc-8ecb-9d58c4b91d07,Coastal storm surge flood risk areas,A storm surge is a change in sea level that is caused by a storm. They can lead to extensive flooding and are dangerous for people living in many coastal areas.,,131,BACKLOG,t,,,f,,,,coastal-storm-surge-flood-risk-areas,2024-03-25,2025-01-28 14:27:39.967868,,,f,,,f
fb65e64b-227a-4cc3-ae95-417a7b72603a,Coastal topographic surveys,"Surveys covering beaches, dunes, cliffs, saltmarshes and coastal defence structures",,132,BACKLOG,t,,,f,,,,coastal-topographic-surveys,2024-03-25,2025-01-28 14:28:16.289432,,,f,,,f
a0732327-1461-4ea5-ad15-a9ff713cd31a,Conservation convenant,"A conservation covenant agreement is a private, voluntary agreement to conserve the natural or heritage features of the land. This can include buildings on the land.",,137,BACKLOG,t,,,f,,,,conservation-convenant,2024-05-16,2025-01-28 16:04:44.629112,,,t,,,f
646f5ef5-d648-4ef8-9d6d-bc718d1560cb,Critical drainage areas,"",,143,BACKLOG,t,,,f,,,,critical-drainage-areas,2024-07-08,2025-01-28 16:07:07.920336,,,f,,,t
28280507-b23a-43ef-82f9-cff9241e3403,Gigabit availability coverage,"The coverage of where wifi download speeds of 1,000mbps (megabits per second) are available.",,281,BACKLOG,t,,,f,,,,gigabit-availability-coverage,2025-03-03,2025-03-04 12:18:04.697444,,,f,,,f
9c841ea6-440a-4fbe-b50c-853e8dbeaace,Neighbourhood development order,"",,,BACKLOG,t,,,f,,,,neighbourhood-development-order,2025-03-25,,,,f,,,f
d093c179-a107-49c3-ab80-5f4707229c6c,Supplementary plans,"",,,BACKLOG,t,,,f,,,,supplementary-plans,2025-03-25,,,,f,,,f
4c509ddc-4e99-491d-8a80-df4f18d04479,Business improvement districts,"",,,BACKLOG,t,,,f,,,,business-improvement-districts,2025-03-25,,,,f,,,f
f917ba49-a6b0-4a7f-a033-ebff86928814,Village green status,"",,,BACKLOG,t,,,f,,,,village-green-status,2025-03-25,,,,f,,,f
2192e8db-00af-428f-8741-771dd55f0210,Less favoured areas,Remote and constrained rural areas where funding is provided to farming businesses,,195,BACKLOG,t,,,f,,,,less-favoured-areas,2024-03-25,2025-01-28 16:32:58.899275,,,f,,,f
6ab75da5-9d23-4ff4-8530-5f2468dc4b18,Planning application variance,Options for amending proposals that have planning permission,{Section73},226,BACKLOG,t,,,f,,,,planning-application-variance,2024-03-25,2025-01-28 16:47:25.545802,,,f,,,f
dcc84cbd-7f05-4ca8-b53f-5c20acab192d,Flood risk zones 3,"An area with a 1% (1 in 100) or greater chance of flooding from rivers, or a 0.5% (1 in 200) or greater chance of flooding from the sea ",,46,ARCHIVED,t,,,f,,"[{""link_url"": ""https://ckan.publishing.service.gov.uk/dataset/flood-map-for-planning-rivers-and-sea-flood-zone-3"", ""link_text"": ""National dataset documentation page""}]",,flood-risk-zones-3,2024-03-25,2024-04-10 08:01:11.839699,,,f,,,f
ef3ba6e8-0273-48f2-b3fb-604bf8012f07,Food hygiene rating,Rating that reflects the standards of food hygiene found on the date of the local authority inspection,,,ARCHIVED,t,,,f,,,,food-hygiene-rating,2024-03-25,2024-04-09 14:01:22.055345,,,f,,,f
d0c8d287-d2c6-43cc-9257-ada5b7fab040,Food safety notice,Notices of serious food safety problems that can include banning certain equipment or processes until improvements have been made,,,ARCHIVED,t,,,f,,,,food-safety-notice,2024-03-25,2024-04-09 14:01:22.062021,,,f,,,f
7b844a3f-a754-4962-b002-734f1ff854e1,Development corporation,"Statutory bodies set up to regenerate a designated area - once designated, they become the planning authority",,148,BACKLOG,t,,,f,,,"{""link_url"": ""https://www.legislation.gov.uk/ukpga/2016/1/enacted"", ""link_text"": ""The Localism Act 2011, The Cities and Local Government Devolution Act 2016 ""}",development-corporation,2024-03-25,2025-01-28 16:08:53.81182,,,f,,,f
839a0905-243b-4f2b-b23c-141086d9efe5,GeoClimate,Maps and data showing potential change in subsidence due to changes in climate,,,ARCHIVED,t,,,f,,"[{""link_url"": ""https://www.bgs.ac.uk/datasets/geoclimateukcp18-open/"", ""link_text"": ""National dataset documentation page""}]",,geoclimate,2024-03-25,2024-04-09 14:01:22.084492,,,f,,,f
bc4536ac-3295-42e7-9d55-6a57b7c942bb,Geological disturbance - faults,Lines of discontinuity in bedrock where rocks have moved relative to each other,,,ARCHIVED,t,,,f,,,,geological-disturbance-faults,2024-03-25,2024-04-09 14:01:22.090667,,,f,,,f
828c8d0d-2d24-49c5-bee5-8c320abd252c,Geological disturbance - fissure and breakline,"Fissures are a crack or opening in rock or the earth created by mining  and breaklines are a vertical step in the rock or earth, created when underground mining has caused differential settlement at the surface",,,ARCHIVED,t,,,f,,,,geological-disturbance-fissure-and-breakline,2024-03-25,2024-04-09 14:01:22.09713,,,f,,,f
d29557fb-2a26-4d1a-b7ba-0bd9ebcdeab7,Geology 625K,Data identifying landscape areas (shown as polygons) attributed with geological names and rock type descriptions,"{""BGS Geology 625k""}",,ARCHIVED,t,,,f,,"[{""link_url"": ""https://www.bgs.ac.uk/products/digitalmaps/DiGMapGB_625.html"", ""link_text"": ""National dataset documentation page""}]",,geology-625k,2024-03-25,2024-04-09 14:01:22.10377,,,f,,,f
0179f838-5b91-4fd9-b3f4-b71f9ecf04b1,GeoSure 5km hex grids,Overview of the likelihood of 6 naturally occurring geohazards ,,,ARCHIVED,t,,,f,,,,geosure-5km-hex-grids,2024-03-25,2024-04-09 14:01:22.117393,,,f,,,f
18bb90d9-79ae-4538-8fe5-c878ff404a54,GeoSure shrink-swell 3D,Map identifying areas of potential shrinking and swelling of the ground in 3D in the London and Thames Valley area,,,ARCHIVED,t,,,f,,,,geosure-shrink-swell-3d,2024-03-25,2024-04-09 14:01:22.123755,,,f,,,f
5bbb94ba-e97f-4965-9032-84171d0fc4b5,GeoSure shrink-swell subsurface,Map identifying areas of potential shrinking and swelling of the ground that are hidden from the surface underneath other solid formations ,,,ARCHIVED,t,,,f,,,,geosure-shrink-swell-subsurface,2024-03-25,2024-04-09 14:01:22.130451,,,f,,,f
f5cf16a1-dec6-47e5-bdd5-b9b30ec8a382,Police stations,The local headquarters of the police,,227,BACKLOG,t,,,f,,,,police-stations,2024-03-25,2025-01-28 16:47:43.867027,,,f,,,t
d6a55a9a-608d-4798-9ce0-2570e3857392,Pollinator corridors,"A corridor of native plants that connects different areas of habitat, providing nutrition and homes for pollinators",,228,BACKLOG,t,,,f,,,,pollinator-corridors,2024-03-25,2025-01-28 16:48:05.850614,,,f,,,f
8cdf1565-d9db-499d-bdf1-0783cc3044a4,Great Crested Newt strategic opportunity areas,Areas where new ponds would benefit great crested newt (GCN) populations ,,,BACKLOG,t,,,f,,,,great-crested-newt-strategic-opportunity-areas,2024-03-25,2024-04-09 14:01:22.17375,,,f,,,f
9f5c81cc-0712-40b3-b784-66f5c8a1a96d,Ports,"A maritime facility comprising one or more wharves or loading areas, where ships load and discharge cargo and passengers.","{""Ferry exchanges""}",229,BACKLOG,t,,,f,,,,ports,2024-03-25,2025-01-28 16:48:23.697711,,,f,,,f
20775188-2260-4d61-8b7c-f83936d074d4,GP practices,Buildings in which one or more GPs provide general medical services to patients,,,ARCHIVED,t,,,f,,,,gp-practices,2024-03-25,2024-07-29 10:18:33.225935,,,f,,,f
eee5654b-322b-4888-9208-0bec2510b210,Previously listed buildings,Listed buildings that have been de-listed,,230,BACKLOG,t,,,f,,,,previously-listed-buildings,2024-03-25,2025-01-28 16:49:08.93267,,,f,,,f
4f8adde6-5ef3-4d36-8e7e-54444c70d2ac,Primary healthcare,"Primary care services provide the first point of contact in the healthcare system, including GPs, pharmacies, dentists, and optometrists",,231,BACKLOG,t,,,f,,,,primary-healthcare,2024-03-25,2025-01-28 16:49:30.570453,,,f,,,t
27a45bc7-e68f-442b-9b03-4f3213937f39,Primary schools,Primary education typically cover those aged between 4 and 11.,,232,BACKLOG,t,,,f,,,,primary-schools,2024-03-25,2025-01-28 16:49:58.345891,,,f,,,t
0476c8f1-7243-4d50-aedd-23cccaf86a4f,Health and Safety Executive Consultation Zones,"The Health and Safety Executive (HSE) sets the consultation zone around major hazard sites and major accident hazard pipelines, after assessing the risks and likely effects of major accidents","{""Safety hazard areas""}",,SCREEN,t,,,f,,"[{""link_url"": ""https://docs.google.com/document/d/1YgFbQ_-ye98hrGYQg9j5HXtPeVrr8Zcx_08NHAlWe6c/edit"", ""link_text"": ""Fact sheet url""}]",,health-and-safety-executive-consultation-zones,2024-03-25,2024-04-09 14:01:22.250068,,,f,,,f
10d1bd51-664c-4adb-940a-8b4e9be55120,Priority habitat inventory,Geographic extent and location of habitats of principal importance,,233,BACKLOG,t,,,f,,,,priority-habitat-inventory,2024-03-25,2025-01-28 16:50:23.693173,,,f,,,f
76549fe5-08d5-4ac9-b611-a0c3863fa45d,Landmark features,Easily recognisable features of land that help us work out where we are,,,ARCHIVED,t,,,f,,,,landmark-features,2024-03-25,2024-04-09 14:01:22.490007,,,f,,,f
96d81c2d-1fb2-4f8c-b52b-0ef1e6fee732,Proposed ramsar sites,Proposed boundaries of wetlands of international importance,"{""Protected sites""}",234,BACKLOG,t,,,f,"[{""name"": ""proposed-ramsar-site"", ""label"": ""Proposed ramsar site"", ""schema_url"": ""https://github.com/digital-land/specification/blob/main/content/dataset/proposed-ramsar-site.md?plain=1"", ""platform_url"": ""https://www.planning.data.gov.uk/dataset/proposed-ramsar-site"", ""dataset_editor_url"": null}]",,,proposed-ramsar-sites,2024-03-25,2025-01-28 16:50:44.878501,,,f,,,t
65e8a086-b6d3-47b6-9b97-c12e27f5c847,Highway network,,,,ARCHIVED,t,,,f,,,,highway-network,2024-03-25,2024-07-29 10:22:28.444563,,,f,,,f
2f093fc8-de8b-467d-ba26-83996ae89a08,Houses in multiple occupation,A property rented out by at least 3 people who are not from one 'household' (for example a family) but share facilities like the bathroom and kitchen,,,ARCHIVED,t,,,f,,,,houses-in-multiple-occupation,2024-03-25,2024-06-06 11:26:17.783967,,,t,,,f
c444d76d-dcf2-4e0a-9260-2db1e04d39d0,Energy and renewable statistics,"",,154,BACKLOG,t,,,f,,,,energy-and-renewable-statistics,2024-03-25,2025-01-28 16:14:01.456675,,,f,,,f
f8db0a26-0995-4a50-9fd1-df052433dac2,Hospital performance,Measures of hospital performance on a national level,,,ARCHIVED,t,,,f,,,,hospital-performance,2024-03-25,2024-04-09 14:01:22.340198,,,f,,,f
55919589-3600-4222-834e-994e8ad863e7,Hydrogeological maps,Maps that bring basic geological information together with data on the hydraulic and hydrochemical characteristics of rocks and their usefulness for groundwater supply,,,ARCHIVED,t,,,f,,,,hydrogeological-maps,2024-03-25,2024-04-09 14:01:22.380553,,,f,,,f
5d89ab76-8d0b-4afd-94e4-5e0fa89c9995,Inner urban improvement area,,,,ARCHIVED,t,,,f,,,,inner-urban-improvement-area,2024-03-25,2024-04-09 14:01:22.406134,,,f,,,f
99d9688c-18de-491f-9b27-a252691c178c,Key business areas,,,,ARCHIVED,t,,,f,,,,key-business-areas,2024-03-25,2024-04-09 14:01:22.438115,,,f,,,f
9c7bca75-c414-4584-8f6f-64aa03e798cb,Main rivers,Designated larger rivers and streams,"{Watercourses,rivers}",70,CO_DESIGN,t,,EVERY_6_MONTHS,f,"[{""name"": ""main-river"", ""label"": ""Main river"", ""schema_url"": ""https://github.com/digital-land/specification/blob/main/content/dataset/main-river.md?plain=1"", ""platform_url"": ""https://www.planning.data.gov.uk/dataset/main-river"", ""dataset_editor_url"": null}]","[{""link_url"": ""https://www.ordnancesurvey.co.uk/business-government/products/open-map-rivers"", ""link_text"": ""National dataset documentation page""}]",,main-rivers,2024-03-25,2024-09-05 10:54:07.140693,,,f,,,f
db39f341-af14-4dde-a718-07827727ec30,Air quality management areas,Areas where air pollution levels have exceeded the national air quality objectives,"{""Air quality management locations"",AQMA}",55,TEST_AND_ITERATE,t,643,AD_HOC,f,"[{""name"": ""air-quality-management-area"", ""label"": ""Air quality management area"", ""schema_url"": ""https://github.com/digital-land/specification/blob/main/content/dataset/air-quality-management-area.md?plain=1"", ""platform_url"": ""https://www.planning.data.gov.uk/dataset/air-quality-management-area"", ""dataset_editor_url"": null}]","[{""link_url"": ""https://docs.google.com/document/d/1TU0-gSBKGoc6XJMtm_ccB1W3z2zb_1SvVakfn2yiE4w/edit#heading=h.9rwg3m580tpf"", ""link_text"": ""Fact sheet url""}]","{""link_url"": ""https://www.legislation.gov.uk/ukpga/1995/25/contents"", ""link_text"": ""The Environment Act 1995""}",air-quality-management-areas,2024-03-25,2025-02-05 11:20:05.348134,,,f,,"{""status"": ""Unknown"", ""further_information_url"": """"}",t
c1ca0682-f29d-4adb-8b69-88d1cf504a8b,Land ownership boundary,The rough boundary of a property,"{""Land registry polygons;Red line boundaries""}",,ARCHIVED,t,,,f,,,,land-ownership-boundary,2024-03-25,2024-04-09 14:01:22.457778,,,f,,,f
f10c5196-ca9a-46fb-b610-aa024105eb0a,Hospitals,Building where medical and surgical treatment and nursing care for sick or injured people is provided,,,ARCHIVED,t,,,f,,,,hospitals,2024-03-25,2024-07-29 10:25:48.22553,,,f,,,f
61994b2d-18bd-441f-9f9c-42aa96b933bd,Locally listed areas,To protect locally important historic places and spaces,,,ARCHIVED,t,,,f,,,,locally-listed-areas,2024-03-25,2024-07-29 10:28:12.564864,,,f,,,f
6d1b245a-40e2-4eb7-b1d5-1304fcdad496,Statement of community involvement (sci),"A ""Statement of Community Involvement"" (SCI) is a document issued by a local council that outlines how they will engage with the community when making planning decisions, explaining the methods they will use to consult residents and other stakeholders during the development of planning policies and when considering individual planning applications.",{SCI},278,RESEARCH,t,,,f,,,,statement-of-community-involvement,2025-02-05,2025-02-07 11:28:16.295227,,,f,,,f
ae7700dc-adc4-44af-a01c-321b508bb0ae,LiDAR composite DSM - 2m,,,,ARCHIVED,t,,,f,,"[{""link_url"": ""https://ckan.publishing.service.gov.uk/dataset/lidar-composite-dsm-2017-2m"", ""link_text"": ""National dataset documentation page""}]",,lidar-composite-dsm-2m,2024-03-25,2024-04-09 14:01:22.518851,,,f,,,f
ddef1c1d-5276-4dd3-bef1-8fc29fb3d1b0,LiDAR composite DTM - 1m,,,,ARCHIVED,t,,,f,,"[{""link_url"": ""https://ckan.publishing.service.gov.uk/dataset/lidar-composite-dtm-2017-1m"", ""link_text"": ""National dataset documentation page""}]",,lidar-composite-dtm-1m,2024-03-25,2024-04-09 14:01:22.525437,,,f,,,f
513e53d6-959d-48f3-bd71-cde16f3d934e,LiDAR composite DTM - 25cm,,,,ARCHIVED,t,,,f,,"[{""link_url"": ""https://ckan.publishing.service.gov.uk/dataset/lidar-composite-dtm-2017-25cm"", ""link_text"": ""National dataset documentation page""}]",,lidar-composite-dtm-25cm,2024-03-25,2024-04-09 14:01:22.532372,,,f,,,f
5d89bd30-886e-432e-86c6-cc4ddea45422,Bgs soil chemistry for environmental assessments,"Identification of potentially harmful elements (PHEs) that under certain circumstances can be harmful to plants, animals or people",,117,BACKLOG,t,,,f,,,,bgs-soil-chemistry-for-environmental-assessments,2024-03-25,2025-01-28 14:16:32.118994,,,f,,,f
b2cb61c7-129e-4228-aa9c-aef008c606d4,Historical mineral planning permissions,"Boundaries for permitted, withdrawn and refused mineral planning permissions for England and Wales",,181,BACKLOG,t,,,f,,,,historical-mineral-planning-permissions,2024-03-25,2025-01-28 16:27:07.708573,,,f,,,f
17b3c8fd-cd07-46e3-ad65-c50df99534ff,Major railway improvement schemes,,,,ARCHIVED,t,,,f,,,,major-railway-improvement-schemes,2024-03-25,2024-04-09 14:01:22.688403,,,f,,,f
5b212b7b-e622-4803-85bd-067b2a3f2dfc,Local validation checklist,,"{""Local area requirements""}",52,ARCHIVED,t,,,f,,,,local-validation-checklist,2024-03-25,2024-04-10 08:01:12.39099,,,f,,,f
c5b7cd75-c9e7-4c62-becc-cae9919879c0,National underground asset register,"The Geospatial Commission, part of the Department for Science, Innovation and Technology, is building a digital map of underground pipes and cables that will revolutionise the way we install, maintain, operate and repair our buried infrastructure - the National Underground Asset Register (NUAR).",{NUAR},279,BACKLOG,t,,,f,,,,national-underground-asset-register,2025-02-10,2025-02-10 17:15:19.172103,,,f,The NUAR is available via a portal for those involved in 'digging' to refer to. DSIT are keen for 'planning' to be a use case to consider wider applications for the NUAR and are looking at running a discovery in 2025. ,,f
3379d2ea-9ede-4422-868c-759b16558310,Millennium greens,Areas of green space for the benefit of local communities created to celebrate the millennium,,,ARCHIVED,t,,,f,,,,millennium-greens,2024-03-25,2024-04-09 14:01:22.713335,,,f,,,f
e71eb3fc-9c33-4699-bafe-7dd786175770,Mineral assessment reports,,,,ARCHIVED,t,,,f,,,,mineral-assessment-reports,2024-03-25,2024-04-09 14:01:22.736528,,,f,,,f
4517ba1b-d58a-496d-b05d-2ee74d36b024,MORECS,Evaporation and soil moisture deficit for the UK (Meteorological Office rainfall and evaporation calculation system),,,ARCHIVED,t,,,f,,,,morecs,2024-03-25,2024-04-09 14:01:22.763846,,,f,,,f
6ac94919-fd01-47ff-9b38-c7db19ad9b78,Multibeam bathymetry,High resolution elevation information of underwater terrain,,,ARCHIVED,t,,,f,,,,multibeam-bathymetry,2024-03-25,2024-04-09 14:01:22.770533,,,f,,,f
0e909115-743c-4233-9bbe-fc3b831c3cf4,Water resource management plan,Water Resource Management Plans (WRMPs) set out how water companies intend to achieve a secure supply of water for their customers while protecting and enhancing the environment.,{WRMPs},282,BACKLOG,t,,,f,,,,water-resource-management-plan,2025-03-03,2025-03-04 12:19:44.269517,,,f,,,f
7445c8ff-625d-48d5-9eea-e429f1cb6aa4,Supply-demand balance (water),"A ""water supply-demand balance"" refers to the equilibrium between the amount of available water supply and the amount of water demanded by users, essentially signifying whether there is enough water to meet current needs.",,283,BACKLOG,t,,,f,,,,supply-demand-balance,2025-03-03,2025-03-04 12:21:15.136563,,,f,,,f
94fc1b9b-214c-4bfb-a886-4b4a5ec91bea,National coach services,Timetable data for several mainland UK coach services not contained in the Traveline national dataset (TNDS),,,ARCHIVED,t,,,f,,"[{""link_url"": ""https://data.gov.uk/dataset/3a3b32f3-d727-4623-aa17-daa2f39aaf92/national-coach-services-ncsd"", ""link_text"": ""National dataset documentation page""}]",,national-coach-services,2024-03-25,2024-04-09 14:01:22.790806,,,f,,,f
c50c73ea-689f-416b-9255-5b9db57c91ec,Local listed building consent orders,"",,,BACKLOG,t,,,f,,,,locally-listed-building-consent-orders,2025-03-25,2025-03-26 10:41:01.493707,,,f,,,f
1c26ae29-b6cd-4f3f-8014-456cf9fd7e83,Nearby road schemes,,,,ARCHIVED,t,,,f,,,,nearby-road-schemes,2024-03-25,2024-07-19 08:58:41.922655,,,f,,,f
988cde99-5852-4406-b316-99f115d50ac4,Integrated care board (icb),"Partnerships between the NHS, councils and the voluntary sector to improve health and care services",,187,BACKLOG,t,,,f,,,,integrated-care-board,2024-03-25,2025-01-28 16:29:48.534244,,,f,,,f
354a5da8-4919-48f2-ac55-5945f025b4c1,National character areas,Geographically unique areas of the UK,,213,BACKLOG,t,,,f,,,,national-character-areas,2024-03-25,2025-01-28 16:42:23.707572,,,f,,,t
8a454795-c478-4302-9b1d-0c4578977e3b,National flood and coastal erosion risk management strategy,Strategy for flooding and coastal change resilience,,,ARCHIVED,t,,,f,,,,national-flood-and-coastal-erosion-risk-management-strategy,2024-03-25,2024-07-29 10:29:59.15871,,,f,,,f
be234e8b-e1c8-4411-ae31-22dd7d11d60c,National landslide database,Databse of reported landslide events,,,ARCHIVED,t,,,f,,,,national-landslide-database,2024-03-25,2024-04-09 14:01:22.846551,,,f,,,f
45697341-5c2e-42f6-89be-051f1c9ead70,Local plans,"","{""Development plans"",""Local plans and timetables""}",97,TEST_AND_ITERATE,t,,,f,"[{""name"": ""local-plan"", ""label"": ""Local plan"", ""schema_url"": ""https://github.com/digital-land/specification/blob/main/content/dataset/local-plan.md?plain=1"", ""platform_url"": ""https://www.planning.data.gov.uk/dataset/local-plan"", ""dataset_editor_url"": null}, {""name"": ""local-plan-document"", ""label"": ""Local plan document"", ""schema_url"": ""https://github.com/digital-land/specification/blob/main/content/dataset/local-plan-document.md?plain=1"", ""platform_url"": ""https://www.planning.data.gov.uk/dataset/local-plan-document"", ""dataset_editor_url"": null}, {""name"": ""local-plan-boundary"", ""label"": ""Local plan boundary"", ""schema_url"": ""https://github.com/digital-land/specification/blob/main/content/dataset/local-plan-boundary.md?plain=1"", ""platform_url"": ""https://www.planning.data.gov.uk/dataset/local-plan-boundary"", ""dataset_editor_url"": null}, {""name"": ""local-plan-timetable"", ""label"": ""Local plan timetable"", ""schema_url"": ""https://github.com/digital-land/specification/blob/main/content/dataset/local-plan-timetable.md?plain=1"", ""platform_url"": ""https://www.planning.data.gov.uk/dataset/local-plan-timetable"", ""dataset_editor_url"": null}]","[{""link_url"": ""https://design.planning.data.gov.uk/planning-consideration/development-plans-and-timetables"", ""link_text"": ""Development plans consideration""}, {""link_url"": ""https://docs.google.com/document/d/1QERjoyZ-7oZkhNdxRmUXDVhCfxZj105SGmEaWUX9uYI/edit?usp=sharing"", ""link_text"": ""Local plan data collection - summary and challenges""}]",,local-plans,2024-10-08,2025-02-03 10:00:49.884514,,"{""link_url"": ""https://digital-land.github.io/specification/specification/local-plan/"", ""link_text"": ""Local plan""}",f,,,t
00bede34-152a-40cc-ac14-bb638d1a287d,Greater london archaeological priority areas,Areas of Greater London where there is significant known archaeological interest or potential for new discoveries,,89,CO_DESIGN,t,1015,QUARTERLY,f,"[{""name"": ""archaeological-priority-area"", ""label"": ""Archaeological priority area"", ""schema_url"": ""https://github.com/digital-land/specification/blob/main/content/dataset/archaeological-priority-area.md?plain=1"", ""platform_url"": ""https://www.planning.data.gov.uk/dataset/archaeological-priority-area"", ""dataset_editor_url"": null}]","[{""link_url"": ""https://historicengland.org.uk/services-skills/our-planning-services/greater-london-archaeology-advisory-service/greater-london-archaeological-priority-areas/"", ""link_text"": ""Historic England guidance""}]",,greater-london-archaeological-priority-areas,2024-03-25,2025-02-11 13:00:46.798749,,,f,,,t
32e846eb-f9f0-403e-8b76-76f67691bb6a,Nearby railway schemes,,,,ARCHIVED,t,,,f,,,,nearby-railway-schemes,2024-03-25,2024-04-09 14:01:22.897515,,,f,,,f
50e34b76-7f7e-4213-a135-2c53abf81f7c,Noise abatement,A set of strategies designed to reduce noise pollution,,,ARCHIVED,t,,,f,,,,noise-abatement,2024-03-25,2024-04-09 14:01:22.925948,,,f,,,f
20420d2d-fdb5-4b2e-a6ed-e34f49a313b8,"Notices, Orders, Directions under Planning Acts",,,,ARCHIVED,t,,,f,,,,notices-orders-directions-under-planning-acts,2024-03-25,2024-04-09 14:01:22.95368,,,f,,,f
efd79d47-1b46-4de9-9004-12ba59e03794,Existing housing stock,"To determine the minimum number of homes needed, strategic policies should be informed by a local housing need assessment, conducted using the standard method in national planning practice guidance. The standard method is a calculation informed by existing housing stock and affordability.",,,CO_DESIGN,t,,ANNUALLY,f,,"[{""link_url"": ""https://www.gov.uk/government/statistical-data-sets/live-tables-on-dwelling-stock-including-vacants"", ""link_text"": ""Live tables on dwelling stock""}]",,existing-housing-stock,2025-02-25,2025-03-20 11:22:53.374586,,,f,,,f
b2080e49-4ccf-454c-bb46-4479058fb265,National trust land,Land that is enclosed as part of a National Trust estate and public access is limited,,216,BACKLOG,t,,,f,,,,national-trust-land,2024-03-25,2025-01-28 16:43:36.875395,,,f,,,f
90daa36f-0751-4692-ad5e-2ad13c014069,Probable coal mining,Locations and estimated extents of probable shallow coal mines for which no recorded plan exists,,,ARCHIVED,t,,,f,,,,probable-coal-mining,2024-03-25,2024-04-09 14:01:23.16274,,,f,,,f
5233bb0b-2424-4ba6-b76a-aaf3ca033f63,Protected sites (statutory sites),Sites that have protection through legislation in recognition of biodiversity and geological value,"{""Protected land;SAC;SPA;Ramsar;Proposed Ramsar;SSSI;Marine Conservation Area;Local Nature Reserve;Local Wildlife SIte;National Parks and the Broads;AONB;Heritage Coast""}",,ARCHIVED,t,,,f,,,,protected-sites,2024-03-25,2024-04-09 14:01:23.185513,,,f,,,f
b163dd82-d6fd-42a7-bbb0-382fe4745e35,Public health service delivery performance,,,,ARCHIVED,t,,,f,,,,public-health-service-delivery-performance,2024-03-25,2024-04-09 14:01:23.207689,,,f,,,f
f1a48f85-c3a4-4bee-9cb6-ed559ed99933,Public transport timetables,Information on timings of all forms of public transport,,,ARCHIVED,t,,,f,,"[{""link_url"": ""https://data.gov.uk/dataset/0447f8d9-8f1b-4a68-bbc8-246981d02256/traveline-national-dataset"", ""link_text"": ""National dataset documentation page""}]",,public-transport-timetables,2024-03-25,2024-04-09 14:01:23.237491,,,f,,,f
b516bf0f-8317-47e3-921f-127b5647ff73,Rainfall data,Rainfall measurements across the UK,,,ARCHIVED,t,,,f,,"[{""link_url"": ""https://environment.data.gov.uk/flood-monitoring/doc/rainfall"", ""link_text"": ""National dataset documentation page""}]",,rainfall-data,2024-03-25,2024-04-09 14:01:23.257805,,,f,,,f
a27e8b01-43a8-43df-b8d9-7b94511210da,Recorded flood outlines,"Records of historic flooding from rivers, the sea, groundwater and surface water",,,ARCHIVED,t,,,f,,,,recorded-flood-outlines,2024-03-25,2024-04-09 14:01:23.271112,,,f,,,f
a8aa85ac-c14d-48a0-a988-7de67268ec4f,Regional flood and coastal committees,Boundaries of the regional flood and coastal committees in England,,,ARCHIVED,t,,,f,,,,regional-flood-and-coastal-committees,2024-03-25,2024-04-09 14:01:23.277707,,,f,,,f
66fe00b3-74cc-40e0-b3cd-06b5b3644792,Renewable energy planning database (REPD),Progress tracking of UK renewable electricity projects over 150kW,,,ARCHIVED,t,,,f,,,,renewable-energy-planning-database,2024-03-25,2024-04-09 14:01:23.304496,,,f,,,f
a226be12-46e8-4138-9d83-f33acec805ca,National trust land – always open,National Trust land that the public has access to on foot only,,217,BACKLOG,t,,,f,,,,national-trust-land-always-open,2024-03-25,2025-01-28 16:43:54.197996,,,f,,,f
16ef9034-52a6-4515-9107-d0368ca04760,Priority river habitat - headwater areas,River and stream sources that exhibit a high degree of naturalness,,,ARCHIVED,t,,,f,,,,priority-river-habitat-headwater-areas,2024-03-25,2024-07-19 08:51:13.043119,,,f,,,f
b4fb290d-914e-4cf8-ac78-3e79871782f0,Priority river habitat - rivers,Rivers and streams that exhibit a high degree of naturalness,,,ARCHIVED,t,,,f,,,,priority-river-habitat-rivers,2024-03-25,2024-07-19 08:51:28.766159,,,f,,,f
5f00e5f0-3195-49b7-957c-d769f5cc7e9f,Retail opportunity areas,Appropriate areas for improvement for retail and regeneration ,,,ARCHIVED,t,,,f,,,,retail-opportunity-areas,2024-03-25,2024-04-09 14:01:23.319274,,,f,,,f
32bda11b-69ae-4baf-b206-dcf2460b65f5,Biodiversity net gain assessments,A biodiversity net gain assessment compares baseline conditions to post-development plans. Biodiversity net gain is achieved if the post-development plans provide a net improvement to the biodiversity of a site,,119,BACKLOG,t,,,f,"[{""name"": ""biodiversity-net-gain-assessment"", ""label"": ""Biodiversity net gain assesment"", ""schema_url"": ""https://github.com/digital-land/specification/blob/main/content/dataset/biodiversity-net-gain-assessment.md?plain=1"", ""platform_url"": ""https://www.planning.data.gov.uk/dataset/biodiversity-net-gain-assessment"", ""dataset_editor_url"": null}]",,"{""link_url"": ""https://www.legislation.gov.uk/ukpga/2021/30/contents/enacted"", ""link_text"": ""The Environment Act 2021""}",biodiversity-net-gain-assessments,2024-03-25,2025-01-28 14:17:10.555113,,,f,,,f
28ba91b4-8ff4-4294-8bdc-aa7705976b83,Central activities zone,Central areas of London with implications for planning designated by the Greater London Authority (GLA),,,ON_THE_PLATFORM,t,,AD_HOC,f,"[{""name"": ""central-activites-zone"", ""label"": ""Central activities zone"", ""schema_url"": ""https://github.com/digital-land/specification/blob/main/content/dataset/central-activities-zone.md?plain=1"", ""platform_url"": null, ""dataset_editor_url"": null}]","[{""link_url"": ""https://www.london.gov.uk/programmes-strategies/planning/implementing-london-plan/london-plan-guidance-and-spgs/central-activities-zone#:~:text=of%20the%20CAZ.-,What%20is%20the%20Central%20Activities%20Zone%3F,its%20shopping%2C%20culture%20and%20heritage."", ""link_text"": ""Central Activities Zone""}, {""link_url"": ""https://www.london.gov.uk/sites/default/files/caz_spg_final_v4.pdf"", ""link_text"": ""Supplementary Planning Guidance""}, {""link_url"": ""https://www.london.gov.uk/programmes-strategies/planning/london-plan/past-versions-and-alterations-london-plan/london-plan-2004"", ""link_text"": ""London Plan 2004""}, {""link_url"": ""https://www.london.gov.uk/sites/default/files/2022-11/CLFJ9889-Future-actions-221122-WEB_optimised.pdf"", ""link_text"": ""CAZ Futures Action Plan""}]",,central-activty-zones,2024-03-25,2025-03-19 16:28:14.63953,,,f,,,t
236d00bd-605e-4eb8-9883-3bc113c2062d,Risk of flooding from rivers and seas – postcodes,Postcodes where there is a chance of flooding from rivers and/or the sea,,,ARCHIVED,t,,,f,,"[{""link_url"": ""https://ckan.publishing.service.gov.uk/dataset/risk-of-flooding-from-rivers-and-sea-postcodes-in-areas-at-risk"", ""link_text"": ""National dataset documentation page""}]",,risk-of-flooding-from-rivers-and-seas-postcodes,2024-03-25,2024-04-09 14:01:23.328607,,,f,,,f
d6c90c1f-3ab6-4599-a8f1-c98996e7166d,Risk of flooding from rivers and seas – properties,Properties where there is a chance of flooding from rivers and/or the sea,,,ARCHIVED,t,,,f,,"[{""link_url"": ""https://ckan.publishing.service.gov.uk/dataset/risk-of-flooding-from-rivers-and-sea-properties-in-areas-at-risk"", ""link_text"": ""National dataset documentation page""}]",,risk-of-flooding-from-rivers-and-seas-properties,2024-03-25,2024-04-09 14:01:23.336495,,,f,,,f
2ab04384-7081-495b-85c5-d3c3bc66a338,Risk of flooding from surface water,Areas where there is risk of flooding from excessive rainfall,,,ARCHIVED,t,,,f,,"[{""link_url"": ""https://data.gov.uk/dataset/95ea1c96-f3dd-4f92-b41f-ef21603a2802/risk-of-flooding-from-surface-water-extent-3-3-percent-annual-chance"", ""link_text"": ""National dataset documentation page""}]",,risk-of-flooding-from-surface-water,2024-03-25,2024-04-09 14:01:23.344516,,,f,,,f
c8dd083f-978f-49f1-a7d1-08a11d012c84,Infrastructure funding statements,A summary of financial contributions councils have secured through section 106 agreements from new developments,{IFS},53,ON_THE_PLATFORM,t,,ANNUALLY,f,"[{""name"": ""infrastructure-funding-statement"", ""label"": ""Infrastructure funding statement"", ""schema_url"": ""https://github.com/digital-land/specification/blob/main/content/dataset/infrastructure-funding-statement.md?plain=1"", ""platform_url"": ""https://www.planning.data.gov.uk/dataset/infrastructure-funding-statement"", ""dataset_editor_url"": null}]",,"{""link_url"": ""https://www.legislation.gov.uk/uksi/2010/948/contents"", ""link_text"": ""The Community Infrastructure Levy Regulations 2010""}",infrastructure-funding-statements,2024-03-25,2025-03-21 10:31:58.436132,,"{""link_url"": ""https://digital-land.github.io/specification/specification/infrastructure-funding-statement/"", ""link_text"": ""Infrastructure funding statement""}",f,,,t
568704b4-b85f-4fc6-a239-1ab31f70cfa7,River corridor features,"Habitats, flow types and physical features of a watercourse",,,ARCHIVED,t,,,f,,,,river-corridor-features,2024-03-25,2024-04-09 14:01:23.361174,,,f,,,f
ea97052a-f9fb-4aad-98f6-046ca0929f06,"Roadways, footways and footpaths",,,,ARCHIVED,t,,,f,,,,roadways-footways-and-footpaths,2024-03-25,2024-04-09 14:01:23.373636,,,f,,,f
1186a61c-32e7-4137-9ad5-9db4a3ac3abb,Rocky shores,Seacoasts where solid rock predominates,,,ARCHIVED,t,,,f,,,,rocky-shores,2024-03-25,2024-04-09 14:01:23.380562,,,f,,,f
ff408941-593d-44ad-aa45-49e2ebfc9bce,Protected land,Sites with special status as protected areas because of their natural and cultural importance,"{""Protected sites""}",235,BACKLOG,t,,,f,"[{""name"": ""protected-land"", ""label"": ""Protected land"", ""schema_url"": ""https://github.com/digital-land/specification/blob/main/content/dataset/protected-land.md?plain=1"", ""platform_url"": ""https://www.planning.data.gov.uk/dataset/protected-land"", ""dataset_editor_url"": null}]",,,protected-land,2024-03-25,2025-01-28 16:51:12.302554,,,t,,,f
704cba86-cef0-4261-bb4b-7ecdbece5c47,Section 73,Applications for planning permission to develop land without complying with previously imposed planning conditions,"{""Planning application variance""}",,ARCHIVED,t,,,f,,,,section-73,2024-03-25,2024-04-09 14:01:23.458385,,,f,,,f
93b04c65-15c9-41a7-9644-ff2a3d21381c,Secondary schools,Secondary education for children from 11 to 16,,,ARCHIVED,t,,,f,,,,secondary-schools,2024-03-25,2024-07-29 10:08:54.462873,,,f,,,f
523ff7e0-9316-4385-84c4-c7ffa01b3ce6,Shallow coal mine workings,Shallow coal mine workings are derived from the Coal Authority’s records of underground coal mine workings,,,ARCHIVED,t,,,f,,,,shallow-coal-mine-workings,2024-03-25,2024-04-09 14:01:23.477589,,,f,,,f
c060d498-4397-4a11-a984-7efbac30c387,SOBI (Single Onshore Boreholes Index),"Records of boreholes, shafts and wells from all forms of drilling and site investigation work ",,,ARCHIVED,t,,,f,,,,sobi,2024-03-25,2024-04-09 14:01:23.519737,,,f,,,f
f7150d9e-3f8f-4a1f-9a6b-44aaec9c7ad5,Soil parent material model,Characteristics of the upper 2–3 m of the geology beneath our feet,,,ARCHIVED,t,,,f,,,,soil-parent-material-model,2024-03-25,2024-04-09 14:01:23.533072,,,f,,,f
3c38a6bc-d7e1-4e18-995d-4a20c49bfb11,Soil type,Soil landscapes of England and Wales,,,ARCHIVED,t,,,f,,,,soil-type,2024-03-25,2024-04-09 14:01:23.540096,,,f,,,f
246d5d2a-5008-4837-8bc4-d7150ebd50d9,Religious buildings,Structures created for worship,,64,BACKLOG,t,,,f,,,,religious-buildings,2024-03-25,2024-09-26 16:15:32.954154,,,f,,,t
73c60300-cc70-4730-b320-c3bc43afe251,Safeguarded land,A planning mechanism to make sure land which has been identified for development in the future is protected from conflicting development,,,SCREEN,t,,,f,,"[{""link_url"": ""https://docs.google.com/document/d/1BrSkKUzocPAV1OlMkZC0kwIgKWg2W5vq22i4vjN38T0/edit#heading=h.lb9do641w06g"", ""link_text"": ""Fact sheet url""}]",,safeguarded-land,2024-03-25,2024-09-26 16:15:46.428026,,,f,,,t
e3347ece-3c02-4fd9-a222-abb995493bfd,Tennis courts,Courts or areas with a net across the middle used for playing tennis,,64,CO_DESIGN,t,,EVERY_6_MONTHS,f,,,,tennis-courts,2024-03-25,2024-09-26 16:19:53.481963,,,f,,,t
157560a8-bba9-47b6-9d4b-761a1baccd98,Uk airport data,The presence of passenger and cargo airports in the UK.,,268,BACKLOG,t,,,f,,,,uk-airport-data,2024-03-25,2025-01-28 17:07:34.812834,,,f,,,f
4798e6eb-49ad-48ef-b8c9-418ee1e7c46e,TOID,A unique reference identifier assigned by Ordnance Survey to identify every topographical feature ,,,ARCHIVED,t,,,f,,"[{""link_url"": ""https://osdatahub.os.uk/downloads/open/OpenTOID"", ""link_text"": ""National dataset documentation page""}]",,toid,2024-03-25,2024-04-09 14:01:23.630617,,,f,,,f
c115473a-3b5c-4b10-b1ec-b30b792a49f8,Unitary authority,Where county and district councils in ‘two-tier’ areas are replaced with a single tier of ‘unitary’ authorities responsible for all functions of county and district councils,,269,BACKLOG,t,,,f,,,,unitary-authority,2024-03-25,2025-01-28 17:07:55.61541,,,f,,,t
470e2df4-722c-4ca5-948e-23e98bc9e2d0,Traffic schemes,Scheme to reduce motor vehicle traffic in residential streets,,,ARCHIVED,t,,,f,,,,traffic-schemes,2024-03-25,2024-04-09 14:01:23.655696,,,f,,,f
e4688760-599e-4f14-b522-925981ef0bf7,Transaction data,Records of land transactions,,,ARCHIVED,t,,,f,,"[{""link_url"": ""https://www.gov.uk/guidance/hm-land-registry-transaction-data"", ""link_text"": ""National dataset documentation page""}]",,transaction-data,2024-03-25,2024-04-09 14:01:23.662478,,,f,,,f
9964e15d-e51c-49bf-b15e-8d88cac25b99,Traveline national dataset,"Public transport timetables for bus, light rail, tram and ferry services",,,ARCHIVED,t,,,f,,,,traveline-national-dataset,2024-03-25,2024-04-09 14:01:23.675531,,,f,,,f
7f8a68f3-0c0d-4313-a30f-bbdfe7542d0a,UK house price data,Changes in the value of residential properties,,,ARCHIVED,t,,,f,,"[{""link_url"": ""https://www.gov.uk/government/collections/uk-house-price-index-reports#about-the-uk-hpi"", ""link_text"": ""National dataset documentation page""}]",,uk-house-price-data,2024-03-25,2024-04-09 14:01:23.700764,,,f,,,f
eb109d79-b19d-4946-8044-96145246c706,Urban development area,"Comprising residential, growth zones, commercial, industrial, public-use, and mixed-use zones",,,ARCHIVED,t,,,f,,,,urban-development-area,2024-03-25,2024-04-09 14:01:23.726152,,,f,,,f
280b14d0-d4a2-4ec7-9d34-dca085ded553,Vertical aerial photography,Airborne mapping technique,,,ARCHIVED,t,,,f,,"[{""link_url"": ""https://ckan.publishing.service.gov.uk/dataset/vertical-aerial-photography"", ""link_text"": ""National dataset documentation page""}]",,vertical-aerial-photography,2024-03-25,2024-04-09 14:01:23.747743,,,f,,,f
ba183408-63ee-4b78-a869-aa2065297b4b,Waterside regeneration zones,Regeneration areas to make the most of waterways ,,,ARCHIVED,t,,,f,,,,waterside-regeneration-zones,2024-03-25,2024-04-09 14:01:23.789608,,,f,,,f
2e000d54-640b-4f45-b2ec-44350d942f8f,Weather forecasting,"A prediction of what the weather will be like in an hour, tomorrow, or further in the future",,,ARCHIVED,t,,,f,,"[{""link_url"": ""https://www.metoffice.gov.uk/services/data/datapoint"", ""link_text"": ""National dataset documentation page""}]",,weather-forecasting,2024-03-25,2024-04-09 14:01:23.797821,,,f,,,f
fb8a4c11-44d6-4b97-ab6a-5089069927a7,Wellmaster hydrogeological database index,Information on water wells and boreholes,"{""Borehole scans""}",,ARCHIVED,t,,,f,,,,wellmaster-hydrogeological-database-index,2024-03-25,2024-04-09 14:01:23.805469,,,f,,,f
424e6587-fd00-4f9f-9e3b-bd976c1f6778,Flood risk zones 2,An area with between 0.1% (1 in 1000) and 1% (1 in 100) chance of flooding from rivers or between 0.1% (1 in 1000) and 0.5% (1 in 200) chance of flooding from the sea,,46,ARCHIVED,t,,,f,,"[{""link_url"": ""https://ckan.publishing.service.gov.uk/dataset/flood-map-for-planning-rivers-and-sea-flood-zone-2"", ""link_text"": ""National dataset documentation page""}, {""link_url"": ""https://environment.data.gov.uk/arcgis/rest/services/EA/FloodMapForPlanningRiversAndSeaFloodZone2/MapServer/0"", ""link_text"": ""URL of national dataset""}]",,flood-risk-zones-2,2024-03-25,2024-04-10 08:01:11.830628,,,f,,,f
0ee49016-6cde-4add-a666-a78e38abc6e6,Green space,Places that are intentionally not developed,,64,BACKLOG,t,,,t,,"[{""link_url"": ""https://www.ordnancesurvey.co.uk/business-government/products/open-map-greenspace"", ""link_text"": ""National dataset documentation page""}]",,open-green-space,2024-03-25,2024-09-26 16:03:21.726699,,,f,,,t
72ff5370-6e19-4454-b281-a12975564523,Use class,Legal framework which determines what a particular property may be used for by its lawful occupants,,270,BACKLOG,t,,,f,,,,use-class,2024-03-25,2025-01-28 17:08:19.248626,,,f,,,f
92b87c13-5592-41a2-b21c-e8b7f66b60fd,Strategic Industrial Location (SIL),"London’s largest concentrations of industrial, logistics and related capacity for uses that support the functioning of London’s economy",,,BACKLOG,t,,,f,,,,strategic-industrial-location,2024-03-25,2024-09-26 16:19:23.970239,,,f,,,t
c0b5af68-2fbf-435e-a609-9662cd65a475,Waste and recycling facilities,"Specialist locations where waste is taken to be sorted, separated, and recycled",,271,BACKLOG,t,,,f,,,,waste-and-recycling-facilities,2024-03-25,2025-01-28 17:08:48.141206,,,f,,,t
b3a119d4-21cf-4d76-ace2-b0afe2967b2d,Border,The boundary of England as provided by the ONS for the purposes of producing statistics.,,65,ON_THE_PLATFORM,t,1,AD_HOC,t,"[{""name"": ""border"", ""label"": ""Border"", ""schema_url"": ""https://github.com/digital-land/specification/blob/main/content/dataset/border.md?plain=1"", ""platform_url"": ""https://www.planning.data.gov.uk/dataset/border"", ""dataset_editor_url"": null}]",,,border,2024-06-11,2025-03-21 14:23:08.744691,,,f,,,f
2c2d52bc-f8a5-4695-8782-3a6bfa2955f2,Biosphere reserves,Areas where local people model how we can live with nature and use its resources sustainably. They are designated by UNESCO (United Nations Educational Scientific and Cultural Organisation),,120,BACKLOG,t,,,f,,,,biosphere-reserves,2024-03-25,2025-01-28 14:22:31.681914,,,f,,,f
0aa18ec5-8866-4b83-84da-85da63e37bb7,Land required for public purpose,Land reserved for a public purpose under a planning scheme,,193,BACKLOG,t,,,f,,,"{""link_url"": ""https://www.legislation.gov.uk/ukpga/1990/8/contents"", ""link_text"": ""Town and Country Planning Act 1990""}",land-required-for-public-purpose,2024-03-25,2025-01-28 16:32:23.648193,,,f,,,f
6a5351d2-5a62-4358-8419-51306b978120,National grid cables,Locations of national electricity transmission network cables,,79,SCREEN,t,,,f,,"[{""link_url"": ""https://www.nationalgridet.com/network-and-assets/network-route-maps"", ""link_text"": ""National dataset documentation page""}, {""link_url"": ""https://www.nationalgrid.com/electricity-transmission/network-and-infrastructure/network-route-maps"", ""link_text"": ""National Grid - Network Route Maps website""}]",,national-grid-cables,2024-03-25,2024-07-02 14:14:15.261109,,,f,Restrictive Licence,,f
df4f4187-d0fb-4d3a-b78f-dfe7b8796832,Local nature recovery strategy,Locations to create or improve habitat most likely to provide the greatest benefit for nature and the wider environment,,207,BACKLOG,t,,,f,"[{""name"": ""local-nature-recovery-strategy"", ""label"": ""Local nature recovery strategy"", ""schema_url"": ""https://github.com/digital-land/specification/blob/main/content/dataset/local-nature-recovery-strategy.md?plain=1"", ""platform_url"": ""https://www.planning.data.gov.uk/dataset/local-nature-recovery-strategy"", ""dataset_editor_url"": null}]",,"{""link_url"": ""https://www.legislation.gov.uk/uksi/2023/341/made"", ""link_text"": ""The Environment (Local Nature Recovery Strategies) (Procedure) Regulations 2023""}",local-nature-recovery-strategy,2024-03-25,2025-01-28 16:36:17.086694,,,f,,,t
fbf6a8c0-c8ed-496d-a7cb-8427c500becf,Area of archaeological importance,Areas designated to protect archaeological remains from being damaged or destroyed,,110,BACKLOG,t,,,f,,,"{""link_url"": ""https://www.legislation.gov.uk/ukpga/1979/46"", ""link_text"": ""Ancient Monuments and Archaeological Areas Act 1979""}",area-of-archaeological-importance,2024-03-25,2025-01-28 14:12:41.234434,,,f,,,t
d7c164c3-0177-4a2c-ae5a-6917a24ddd14,Broadband speed,Coverage of broadband availability,,123,BACKLOG,t,,,f,,,"{""link_url"": ""https://www.legislation.gov.uk/uksi/2018/445/contents/made"", ""link_text"": ""The Electronic Communications (Universal Service) (Broadband) Order 2018""}",broadband-speed,2024-03-25,2025-01-28 14:24:11.971294,,,f,,,f
e1b4bcb3-4ae5-4252-80b6-c265fde9effb,Area of deficiency in access to public open space,Areas over specific walking distance from each of the categories of public open space as set out within the London Plan,,,BACKLOG,t,,,f,,,"{""link_url"": ""https://www.london.gov.uk/sites/default/files/the_london_plan_2021.pdf"", ""link_text"": ""The London Plan""}",area-of-deficiency-in-access-to-public-open-space,2024-03-25,2024-09-26 09:47:49.474983,,,f,,,t
bbfe0ece-dbf6-4f01-835f-7cb776ed18e9,Protected rural landscapes,"","{""Historic rural landscapes""}",236,BACKLOG,t,,,f,,,,protected-rural-landscapes,2024-03-25,2025-01-28 16:51:40.396837,,,f,,,f
266e2c08-2f76-4856-83d9-1ad4ddd342bf,Local development order,Local development orders (LDOs) provide permitted development rights for specified types of development in defined locations.,,62,RESEARCH,t,,,f,,"[{""link_url"": ""https://www.savills.co.uk/blog/article/351131/residential-property/in-plain-english--what-is-a-local-development-order-.aspx"", ""link_text"": ""What is a local development order""}]","{""link_url"": ""https://www.legislation.gov.uk/ukpga/2004/5/contents"", ""link_text"": ""Planning and Compulsory Purchase Act 2004""}",local-development-order,2024-03-25,2025-02-21 08:55:02.619614,,,f,,,t
6249d754-3f41-4de2-b14c-719ba09d5644,Biodiversity net gain,Biodiversity net gain (BNG) is a strategy to develop land and contribute to the recovery of nature. It's a way of making sure the habitat for wildlife is in a better state than it was before development,,118,BACKLOG,t,,,f,,,"{""link_url"": ""https://www.legislation.gov.uk/ukpga/2021/30/contents/enacted"", ""link_text"": ""The Environment Act 2021""}",biodiversity-net-gain,2024-03-25,2025-01-28 14:16:54.02375,,,f,,,t
b5588dc6-496d-4c3f-a774-fc5c37a58ec2,Coal authority risk area,Areas which contain recorded features which could cause risk from the legacy of coal mining operations,"{""Development risk and coal resource areas""}",127,BACKLOG,t,,,f,,,,coal-authority-risk-area,2024-03-25,2025-01-28 14:25:51.320567,,,f,,,f
eac0d98d-092e-4c72-8784-51c209a67597,Early years provision,"Education and childcare provision for children under 5 through nurseries, private, voluntary and independent (PVI) providers, including childminders",,152,BACKLOG,t,,,f,,,"{""link_url"": ""https://www.legislation.gov.uk/ukpga/2016/5/enacted"", ""link_text"": ""Childcare Act 2016, Childcare Act 2006.""}",early-years-provision,2024-03-25,2025-01-28 16:13:09.131133,,,f,,,t
5e813aeb-81f8-4741-b139-5425772eefa6,Gas pipeline,"Gas pipelines are wide-diameter, long-distance pipelines that transport natural gas from the producing and processing areas to storage facilities and distribution centres",,166,BACKLOG,t,,,f,,,"{""link_url"": ""https://www.legislation.gov.uk/uksi/1996/825/contents/made"", ""link_text"": ""The Pipelines Safety Regulations 1996""}",gas-pipeline,2024-03-25,2025-01-28 16:20:25.548442,,,t,,,f
156fa149-62b9-4e2f-a995-20bfcbf109fd,Gas pipeline zones,"Zones which require proper selection and installation of apparatus to be used safely in that environment,because of the properties of the flammable gas present - classified as inner, middle and outer zones",,167,BACKLOG,t,,,f,,,"{""link_url"": null, ""link_text"": ""The Pipelines Safety Regulations 1997""}",gas-pipeline-zones,2024-03-25,2025-01-28 16:20:49.007489,,,f,,,f
595310fc-82f3-4c5b-b6b4-0406b2411f25,Protected species,"Threatened, vulnerable or endangered species which are protected from extinction",,237,BACKLOG,t,,,f,,,,protected-species,2024-03-25,2025-01-28 16:52:04.965283,,,f,,,f
120e8eaf-a4ab-4bb1-8aa4-58675ac93bf1,Public paths byways,Tracks and paths open to the public,,239,BACKLOG,t,,,f,,,,public-paths-byways,2024-03-25,2025-01-28 16:52:54.536171,,,t,,,f
8114dd7d-e9a7-411e-8bfa-c9ab840032b6,Area habitats,Habitats recorded in the biodiversity metric tool in area (hectares) used to calculate BNG.,,109,BACKLOG,t,,,f,,,"{""link_url"": ""https://www.legislation.gov.uk/ukpga/2021/30/part/6/enacted"", ""link_text"": ""The Environment Act 2021""}",area-habitats,2024-03-25,2025-01-28 14:12:16.092496,,,f,,,f
3aa8c390-a846-4bcc-a3ea-bb0a95d92aaf,Land registry polygons / red line boundaries,The indicative shapes and positions of each boundary of registered titles for land and property,"{""Land ownership boundary"",""Land Registry Parcels"",""INSPIRE Index Polygons"",""Land Registry Cadastral Parcels"",""Title boundaries"",""Title extent""}",49,ON_THE_PLATFORM,t,,MONTHLY,f,"[{""name"": ""title-boundary"", ""label"": ""Title boundary"", ""schema_url"": ""https://github.com/digital-land/specification/blob/main/content/dataset/title-boundary.md?plain=1"", ""platform_url"": ""https://www.planning.data.gov.uk/dataset/title-boundary"", ""dataset_editor_url"": null}]","[{""link_url"": ""https://docs.google.com/document/d/1iGOw61rjvFIqZHR8RzL6yGXcjs0EYHQdHNEANUdF3Jc/edit"", ""link_text"": ""Fact sheet url""}]",,land-registry-polygons-red-line-boundaries,2024-03-25,2025-01-30 15:39:04.460669,,,f,,,f
0f10fc63-322f-467b-b869-0ce696efedf7,Non designated and locally listed historic assets,,,,ARCHIVED,t,,,f,"[{""name"": ""non-designated-and-locally-listed-historic-asset"", ""label"": ""Non-designated and locally listed historic asset"", ""schema_url"": ""https://github.com/digital-land/specification/blob/main/content/dataset/non-designated-and-locally-listed-historic-asset.md?plain=1"", ""platform_url"": ""https://www.planning.data.gov.uk/dataset/non-designated-and-locally-listed-historic-asset"", ""dataset_editor_url"": null}]",,,non-designated-and-locally-listed-historic-assets,2024-03-25,2024-07-29 10:33:42.266082,,,f,,,f
509f7b0c-4583-404b-ae27-e7c8bb6c05e6,Coastal change management areas,Areas identified as likely to be affected by physical change to the shoreline through erosion,,130,BACKLOG,t,,,f,"[{""name"": ""coastal-change-management-area"", ""label"": ""Coastal change management area"", ""schema_url"": ""https://github.com/digital-land/specification/blob/main/content/dataset/coastal-change-management-area.md?plain=1"", ""platform_url"": ""https://www.planning.data.gov.uk/dataset/coastal-change-management-area"", ""dataset_editor_url"": null}]",,"{""link_url"": ""https://www.gov.uk/guidance/flood-risk-and-coastal-change"", ""link_text"": ""The NPPF and PPG on Flood Risk and Coastal Change""}",coastal-change-management-areas,2024-03-25,2025-01-28 14:27:15.048837,,,f,,,f
02d32e36-5158-4094-a794-666b775c1c0a,Safeguarded aerodromes,"Areas designed to protect aircraft from obstacles when manoeuvring on the ground, taking off, landing or flying in the vicinity of the aerodrome","{""Safeguarded military explosives site""}",,ARCHIVED,t,,,f,"[{""name"": ""safeguarded-aerodrome"", ""label"": ""Safeguarded aerodrome"", ""schema_url"": ""https://github.com/digital-land/specification/blob/main/content/dataset/safeguarded-aerodrome.md?plain=1"", ""platform_url"": ""https://www.planning.data.gov.uk/dataset/safeguarded-aerodrome"", ""dataset_editor_url"": null}]",,,safeguarded-aerodromes,2024-03-25,2024-07-05 15:38:46.686414,,,f,,,f
324faab1-abf7-4f96-9697-e3060f0ee916,Completion notices,Documents that set a date when work on a new building or conversion should be complete,,135,BACKLOG,t,,,f,,,"{""link_url"": ""https://www.legislation.gov.uk/ukpga/2003/26/contents"", ""link_text"": ""Local Government Act 2003""}",completion-notices,2024-03-25,2025-01-28 14:29:29.495023,,,f,,,f
8da71a60-a503-4b22-9e6b-2ea6e9265580,Public Rights of Way (PRoW),Specific routes the public have a legal right to use across land that may be owned by a private individual ,,,CO_DESIGN,t,,,f,,,"{""link_url"": ""https://www.legislation.gov.uk/ukpga/2000/37/contents"", ""link_text"": ""Countryside and Rights of Way Act 2000""}",public-rights-of-way,2024-03-25,2024-12-17 11:04:28.161469,,,t,,,f
c7cb6d2e-7074-4c1b-aebb-c329d6e58502,Flood risk zones 3b,"Flood risk zone 3b, or the 'functional floodplain' is land where water has to flow or be stored in times of flooding, often to protect downstream communities from flooding.",,46,SCREEN,t,,,f,,"[{""link_url"": ""https://www.gov.uk/guidance/flood-risk-assessment-in-flood-zones-2-and-3"", ""link_text"": ""Flood risk assessment zones 2 + 3 guidance""}, {""link_url"": ""https://www.gov.uk/guidance/flood-risk-and-coastal-change"", ""link_text"": ""Flood risk guidance""}, {""link_url"": ""https://docs.google.com/document/d/1a458xs4QgOG-WDKXyNzz3vPVLcAFh9jobIUn4wcgBTc/edit?usp=sharing"", ""link_text"": ""Design process document""}]",,flood-risk-zones-3b,2024-03-25,2024-09-26 09:59:27.260223,,,f,,,t
8151cff2-ba08-490f-9120-b2a35a3c61c7,Neighbourhood plans,"A plan prepared by a parish council or neighbourhood forum for a designated neighbourhood area, giving communities direct power to shape the development and growth of their local area","{""Faster local plans""}",37,BACKLOG,t,,,f,,,,neighbourhood-plans,2024-03-25,2024-09-26 16:11:50.010911,,,f,,,t
f48caca1-7a4c-4e70-91a6-a5020542d748,Housing and economic land availability assessment (helaa),"","{SHELAA,SHLAA}",184,BACKLOG,t,,,f,,"[{""link_url"": ""https://www.gov.uk/guidance/housing-and-economic-land-availability-assessment"", ""link_text"": ""Guidance""}]",,housing-and-economic-land-availability-assessment,2024-07-08,2025-01-28 16:28:29.375883,,,f,,,t
050d58b4-c8de-4fe7-9477-efc14bf402b7,Local green space,"Protected green areas demonstrably special to the local community, whether in a village or in a neighbourhood in a town or city",,203,BACKLOG,t,,,f,"[{""name"": ""local-green-space"", ""label"": ""Local green space"", ""schema_url"": ""https://github.com/digital-land/specification/blob/main/content/dataset/local-green-space.md?plain=1"", ""platform_url"": ""https://www.planning.data.gov.uk/dataset/local-green-space"", ""dataset_editor_url"": null}]",,,local-green-space,2024-03-25,2025-01-28 16:34:19.579887,,,f,,,t
5676e342-2811-4eeb-8ef7-98f4a7178b3f,London squares,"Protected squares in London that should only be used as ornamental gardens, pleasure grounds or for play, rest or recreation",,,ARCHIVED,t,,,f,"[{""name"": ""london-square"", ""label"": ""London square"", ""schema_url"": ""https://github.com/digital-land/specification/blob/main/content/dataset/london-square.md?plain=1"", ""platform_url"": ""https://www.planning.data.gov.uk/dataset/london-square"", ""dataset_editor_url"": null}]",,,london-squares,2024-03-25,2024-07-05 15:37:46.40337,,,f,,,f
222236f6-d708-4d78-8d51-8f0e5e03924b,Local area requirements,Requirements (sometimes known as validation checklists) that set out supporting information which applicants need to include with a planning application,"{""Local validation checklist""}",52,TEST_AND_ITERATE,t,350,ANNUALLY,f,"[{""name"": ""local-area-requirements"", ""label"": ""Local area requirements"", ""schema_url"": ""https://github.com/digital-land/specification/blob/main/content/dataset/local-area-requirements.md?plain=1"", ""platform_url"": ""https://www.planning.data.gov.uk/dataset/local-area-requirements"", ""dataset_editor_url"": null}]","[{""link_url"": ""https://docs.google.com/document/d/1MGkEfDDjKrT17b-QSzwZffiOgKKQyWUrn9GufbpYZsc/edit?usp=sharing"", ""link_text"": ""Original screening document""}]",,local-area-requirements,2024-03-25,2024-07-12 12:18:08.276867,,,f,,,f
9b275500-b483-4bec-9586-f85fd0d11057,Environmental pollution incidents,"Events that may cause harm or potential harm to an environmental aspect (air, water, land, wildlife or local habitat)",,,ARCHIVED,t,,,f,,,"{""link_url"": ""https://www.legislation.gov.uk/ukpga/1990/43/contents"", ""link_text"": ""Environmental Protection Act 1990""}",environmental-pollution-incidents,2024-03-25,2024-07-19 08:46:25.217006,,,f,,,f
c2407dfa-2fa4-42ee-a665-00ea48d6e137,Community infrastructure levy (cil),The Community Infrastructure Levy (CIL) is a charge which can be levied by local authorities on new development. It only applies in areas where a local authority has consulted on and approved a charging schedule which sets out those charges,"{CIL,""CIL charging zones"",""CIL rates"",""CIL index""}",99,CO_DESIGN,t,,,f,,,"{""link_url"": ""https://www.legislation.gov.uk/uksi/2010/948/contents/made"", ""link_text"": ""The Community Infrastructure Levy Regulations 2010""}",community-infrastructure-levy,2024-03-25,2025-01-06 11:52:32.147117,,,f,,,t
9fabaeac-ff41-40e6-80d6-e90dba63737d,Housing waiting list,A waiting list of people who qualify for social housing,,,ARCHIVED,t,,,f,,,,housing-waiting-list,2024-03-25,2024-07-29 10:26:52.18352,,,f,,,f
277ebb03-7337-44dd-8298-6135d0a63c85,Listed building outlines,The boundary of the area relating to a listed building which is protected because it has special architectural or historic interest,,44,ON_THE_PLATFORM,t,800000,FORTNIGHTLY,f,"[{""name"": ""listed-building-grade"", ""label"": ""Listed building grade"", ""schema_url"": ""https://github.com/digital-land/specification/blob/main/content/dataset/listed-building-grade.md?plain=1"", ""platform_url"": ""https://www.planning.data.gov.uk/dataset/listed-building-grade"", ""dataset_editor_url"": ""https://dluhc-datasets.planning-data.dev/dataset/listed-building-grade""}, {""name"": ""listed-building-outline"", ""label"": ""Listed building outline"", ""schema_url"": ""https://github.com/digital-land/specification/blob/main/content/dataset/listed-building-outline.md?plain=1"", ""platform_url"": ""https://www.planning.data.gov.uk/dataset/listed-building-outline"", ""dataset_editor_url"": null}, {""name"": ""listed-building"", ""label"": ""Listed building"", ""schema_url"": ""https://github.com/digital-land/specification/blob/main/content/dataset/listed-building.md?plain=1"", ""platform_url"": ""https://www.planning.data.gov.uk/dataset/listed-building"", ""dataset_editor_url"": null}]","[{""link_url"": ""https://docs.google.com/document/d/1BoTm7kmESHZLBNJibuvdVaMsF3odKsKGLXlPnf-8gFY/edit?usp=sharing"", ""link_text"": ""Design process document""}, {""link_url"": ""https://docs.google.com/document/d/1SJBxZ_pKY1BL9aTckboKS6u6nqwZJOk4_buY9SKJ3Xg/edit"", ""link_text"": ""Data dependency document""}, {""link_url"": ""https://historicengland.org.uk/listing/apply-for-listing/listing-process/"", ""link_text"": ""The listing process (Historic England)""}, {""link_url"": ""https://app.mural.co/t/mhclg2837/m/mhclg2837/1712065005247/3ff6509868c8d96c9665debd82d8f6c1ef627897?sender=u1cae178c0a712eade24c2472"", ""link_text"": ""Listed buildings process map""}]","{""link_url"": ""https://www.legislation.gov.uk/ukpga/1990/9/contents"", ""link_text"": ""Planning (Listed Buildings and Conservation Areas) Act 1990""}",listed-buildings,2024-03-25,2025-03-24 08:10:44.63301,,"{""link_url"": ""https://digital-land.github.io/specification/specification/listed-building/"", ""link_text"": ""Listed building outline""}",t,,"{""status"": ""Presumption to publish"", ""further_information_url"": ""https://github.com/digital-land/data-standards-backlog/discussions/44#discussioncomment-10187427""}",t
0ee51c1b-cc3f-44c5-9409-2d31b2e1b517,Assets of community value,Buildings or pieces of land that are used for the social wellbeing and interests of the local community,{ACV},100,CO_DESIGN,t,,,f,"[{""name"": ""asset-of-community-value"", ""label"": ""Asset of community value"", ""schema_url"": ""https://github.com/digital-land/specification/blob/main/content/dataset/asset-of-community-value.md?plain=1"", ""platform_url"": ""https://www.planning.data.gov.uk/dataset/asset-of-community-value"", ""dataset_editor_url"": null}]","[{""link_url"": ""https://www.camden.gov.uk/assets-of-community-value#dfmo"", ""link_text"": ""Camden guidance on ACVs""}]","{""link_url"": ""https://www.legislation.gov.uk/uksi/2012/2421/contents/made"", ""link_text"": ""The Assets of Community Value (England) Regulations 2012""}",assets-of-community-value,2024-03-25,2025-02-09 18:34:45.573877,,,t,,,f
c4466289-4ac5-4ca8-b80a-eadb8d6277f3,Compulsory purchase orders,Orders that allow a public authority to acquire land without the consent of the owner,,136,BACKLOG,t,,,f,,,"{""link_url"": ""https://www.legislation.gov.uk/ukpga/1965/56/contents"", ""link_text"": ""Compulsory Purchase Act 1965""}",compulsory-purchase-orders,2024-03-25,2025-01-28 14:29:51.150815,,,t,,,f
bf46550e-91e4-40e1-aad8-7d9733d69587,National parks and the broads,A large area of land protected by law for the benefit of the nation,"{""Protected sites""}",,ON_THE_PLATFORM,t,,UNKNOWN,f,"[{""name"": ""national-park"", ""label"": ""National park"", ""schema_url"": ""https://github.com/digital-land/specification/blob/main/content/dataset/national-park.md?plain=1"", ""platform_url"": ""https://www.planning.data.gov.uk/dataset/national-park"", ""dataset_editor_url"": null}]",,,national-parks-and-the-broads,2024-03-25,2024-09-26 16:11:18.050735,,,f,,,t
50a024e7-e213-4b1f-944a-8a97e75a6a20,Special protection areas,An area containing bird habitats and species that need conservation,"{""Protected sites""}",,ON_THE_PLATFORM,t,,AD_HOC,f,"[{""name"": ""special-protection-area"", ""label"": ""Special protection area"", ""schema_url"": ""https://github.com/digital-land/specification/blob/main/content/dataset/special-protection-area.md?plain=1"", ""platform_url"": ""https://www.planning.data.gov.uk/dataset/special-protection-area"", ""dataset_editor_url"": null}]","[{""link_url"": ""https://www.gov.uk/guidance/duty-to-protect-conserve-and-restore-european-sites"", ""link_text"": ""SPA guidance""}]","{""link_url"": ""https://www.legislation.gov.uk/uksi/2017/1012/contents/made"", ""link_text"": ""Conservation of Habitats and Species Regulations 2017 (as amended)""}",special-protection-areas,2024-03-25,2024-09-26 16:18:40.31337,,,f,,,t
1eb21972-bce3-47ad-ba70-a0e4ee99d0c4,Land maintenance notice,"A notice served when the condition of land is having an
adverse effect on a neighbourhood",,192,BACKLOG,t,,,f,,,"{""link_url"": ""https://www.legislation.gov.uk/ukpga/1990/8/contents"", ""link_text"": ""Town and Country Planning Act 1990""}",land-maintenance-notice,2024-03-25,2025-01-28 16:31:40.803867,,,f,,,f
a466268d-1408-408b-bb86-4f849d208fea,Opencast coal prospecting areas,Areas of opencast coal prospecting sites.,,223,BACKLOG,t,,,f,,,,opencast-coal-prospecting-areas,2024-03-25,2025-01-28 16:46:03.279851,,,t,,,f
0db1d6ee-e255-410e-99c6-4bc30007f7c7,Ancient woodlands,Areas that have been wooded continuously since at least 1600 AD,,32,ON_THE_PLATFORM,t,53636,MONTHLY,f,"[{""name"": ""ancient-woodland"", ""label"": ""Ancient woodland"", ""schema_url"": ""https://github.com/digital-land/specification/blob/main/content/dataset/ancient-woodland.md?plain=1"", ""platform_url"": ""https://www.planning.data.gov.uk/dataset/ancient-woodland"", ""dataset_editor_url"": null}, {""name"": ""ancient-woodland-status"", ""label"": ""Ancient woodland status"", ""schema_url"": ""https://github.com/digital-land/specification/blob/main/content/dataset/ancient-woodland-status.md"", ""platform_url"": ""https://www.planning.data.gov.uk/dataset/ancient-woodland-status"", ""dataset_editor_url"": ""https://dluhc-datasets.planning-data.dev/dataset/ancient-woodland-status""}]","[{""link_url"": ""https://data.gov.uk/dataset/9461f463-c363-4309-ae77-fdcd7e9df7d3/ancient-woodland-england"", ""link_text"": ""National dataset documentation page""}, {""link_url"": ""https://opendata.arcgis.com/datasets/a14064ca50e242c4a92d020764a6d9df_0.geojson"", ""link_text"": ""URL of national dataset""}]",,ancient-woodlands,2024-03-25,2025-03-19 16:19:51.907543,,,f,,,t
f0af8437-2748-44f9-9e8a-fd23e41ef5f3,Irreplaceable habitats,"Habitats that could not be recreated if damaged, such as ancient woodland, ancient and veteran trees, blanket bog, limestone pavement, sand dunes, salt marsh and lowland fens",,190,BACKLOG,t,,,f,,,"{""link_url"": ""https://www.legislation.gov.uk/uksi/2024/48/contents/made"", ""link_text"": ""Biodiversity Gain Requirements (Irreplaceable Habitat) Regulations 2024""}",irreplaceable-habitats,2024-03-25,2025-01-28 16:30:55.425583,,,f,,,t
223d97ca-1f01-44eb-b0c7-f3515f5a6431,Opportunity areas,"London’s principal opportunities for accommodating large scale development to provide substantial numbers of new employment and housing, each typically more than 5,000 jobs and/or 2,500 homes, with a mixed and intensive use of land and assisted by good public transport accessibility. As set out within the London Plan (2021).",,224,BACKLOG,t,,,f,,,,opportunity-areas,2024-07-08,2025-01-28 16:46:35.199251,,,f,,,t
d6af1726-f5e6-49df-8808-80b4449a97d3,Casi and lidar habitat,"A habitat map derived from airborne data, specifically CASI and LIDAR data. The habitat map is a polygon shapefile showing site relevant habitat classes, for sites where data is available.","{""LiDAR habitat""}",76,CO_DESIGN,t,,ANNUALLY,f,,"[{""link_url"": ""https://ckan.publishing.service.gov.uk/dataset/casi-and-lidar-habitat-map"", ""link_text"": ""National dataset documentation page""}]",,casi-and-lidar-habitat,2024-03-25,2024-09-03 15:58:22.289625,,,f,,,f
e4e02faf-ad80-4373-b344-6c93be1c36b0,Mining and ground stability,Potential ground stability hazards from mining activities ,,,SCREEN,t,,,f,"[{""name"": ""using-coal-mining-information"", ""label"": null, ""schema_url"": ""https://www.gov.uk/guidance/using-coal-mining-information"", ""platform_url"": null, ""dataset_editor_url"": null}]","[{""link_url"": ""https://www.gov.uk/guidance/using-coal-mining-information"", ""link_text"": ""National dataset documentation page""}]","{""link_url"": ""https://www.legislation.gov.uk/uksi/2014/3248/made"", ""link_text"": ""The Mines Regulations 2014""}",mining-and-ground-stability,2024-03-25,2024-07-10 07:57:48.494872,,,f,,,f
2e4f5dc7-5941-4975-a1c5-46c05b99d626,Important bird areas,Areas identified as being globally important for the conservation of bird populations,,66,RESEARCH,t,,,f,,"[{""link_url"": ""https://opendata-rspb.opendata.arcgis.com/datasets/c38f60f68f094f269d90db26b1381837_0"", ""link_text"": ""National dataset documentation page""}]",,important-bird-areas,2024-03-25,2024-07-02 10:47:07.783549,,,f,Restrictive Licence,,f
c99eeb72-f633-4798-8901-7b5123438636,Local flood data,,,58,SCREEN,t,,,f,,"[{""link_url"": ""https://docs.google.com/document/d/1GJdkEbpLlfcB9AbBfLcDgkvFMxs7kPrtc_y_mxOby-I/edit"", ""link_text"": ""Fact sheet url""}]",,local-flood-data,2024-03-25,2024-09-26 16:06:13.925199,,,f,,,t
7af45bff-f3dc-4b93-b309-5be14326a8fe,Local plan consultations and representations,,,57,SCREEN,t,,,f,,"[{""link_url"": ""https://docs.google.com/document/d/e/2PACX-1vRCXOwsr8gCoUNf3AHVebkQNRkwzVijL7JNeJa-QwdULLGXVMZUs9rk8mxZIV8oQ-o9Z2vG9OilBV-M/pub"", ""link_text"": ""Original screening document""}]","{""link_url"": ""https://www.legislation.gov.uk/uksi/2012/767/contents/made"", ""link_text"": ""The Town and Country Planning (Local Planning) (England) Regulations 2012""}",local-plan-consultations-and-representations,2024-03-25,2024-09-26 16:09:21.368561,,,f,,,t
f9ca36e4-fcee-4b1d-96ee-fb319d9a005b,Smoke control area,"Areas where:
- you cannot release smoke from a chimney
- you can only burn authorised fuel, unless you use an appliance approved by Defra","{""Smoke control order""}",86,RESEARCH,t,,,f,,"[{""link_url"": ""https://uk-air.defra.gov.uk/data/sca/"", ""link_text"": ""National dataset documentation page""}]",,smoke-control-area,2024-03-25,2024-09-26 16:18:05.51303,,,t,Unclear licensing - needs clarification with Defra / Ordnance Survey,,t
871150fe-98ab-4a4a-8e8c-7e5979b88171,3g/ 4g/ 5g coverage,Coverage of mobile phone networks,,104,BACKLOG,t,,,f,,,"{""link_url"": ""https://bills.parliament.uk/bills/3569"", ""link_text"": ""Access to TelecommunicationsNetworks Bill 2023-24""}",3g-4g-5g-coverage,2024-03-25,2025-01-28 14:08:01.910604,,,f,,,f
e333ebf0-f673-41ba-9f72-ea156dcf42ae,Common land and village greens,"Areas of open space that have been used for recreation by the inhabitants of the town, village or parish for generations","{""Commons and Village greens"",""Registered village greens"",""Town and village greens""}",133,BACKLOG,t,,,f,"[{""name"": ""common-land-and-village-green"", ""label"": ""Common land and village green"", ""schema_url"": ""https://github.com/digital-land/specification/blob/main/content/dataset/common-land-and-village-green.md?plain=1"", ""platform_url"": ""https://www.planning.data.gov.uk/dataset/common-land-and-village-green"", ""dataset_editor_url"": null}]","[{""link_url"": ""https://www.gov.uk/guidance/town-and-village-greens-how-to-register"", ""link_text"": ""Town and village greens: how to register""}, {""link_url"": ""https://www.gov.uk/government/uploads/system/uploads/attachment_data/file/218584/village-green-1993.pdf"", ""link_text"": ""[National dataset] - database of registered town or village greens in England""}]","{""link_url"": ""https://www.legislation.gov.uk/ukpga/2006/26/contents"", ""link_text"": ""Commons Act 2006""}",common-land-and-village-greens,2024-03-25,2025-01-28 14:28:36.989237,,,f,,,f
d3ac598e-582f-4054-af0d-c92939bda13b,Hazardous substance contravention notice,A hazardous substance contravention notice can be issued to a person who does not have the consent to store hazardous substances,,175,BACKLOG,t,,,f,,,"{""link_url"": ""https://www.legislation.gov.uk/uksi/2015/483/contents/made"", ""link_text"": ""Control of Major Accident Hazards Regulations 2015""}",hazardous-substance-contravention-notice,2024-03-25,2025-01-28 16:24:33.700974,,,f,,,f
843ad749-ca13-41e8-a9a1-a5e7dc895acf,Safety hazard areas,,"{""Health and Safety Executive Consultation (HSE) Zones""}",51,ARCHIVED,t,,,f,"[{""name"": ""safety-hazard-area"", ""label"": ""Safety hazard area"", ""schema_url"": ""https://github.com/digital-land/specification/blob/main/content/dataset/safety-hazard-area.md?plain=1"", ""platform_url"": ""https://www.planning.data.gov.uk/dataset/safety-hazard-area"", ""dataset_editor_url"": null}]","[{""link_url"": ""https://docs.google.com/document/d/1YgFbQ_-ye98hrGYQg9j5HXtPeVrr8Zcx_08NHAlWe6c/edit"", ""link_text"": ""Fact sheet url""}]",,safety-hazard-areas,2024-03-25,2024-07-05 15:38:01.756657,,,f,,,f
45bac7bc-6fc1-4165-a3ba-16a10f1bb2dd,Housing numbers,Number of new homes the government aims to build per year,,56,RESEARCH,t,,,f,,"[{""link_url"": ""https://app.mural.co/t/mhclg2837/m/mhclg2837/1706095948277/891b2a8b49ac90e143ea03e40ffd70134227e490?sender=u0a3f3dbf2e64a1ee0ea83028"", ""link_text"": ""Early stage model (mural)""}]",,housing-numbers,2024-03-25,2024-08-30 17:25:28.71808,,,f,"Housing numbers covers a lot of different considerations, all related to housing need, targets and delivery. We have, therefore, spit this into separate considerations to investigate. More details in the notes.",,t
64be84b1-b5ee-4acf-89f0-04666e38d7d3,Usrn,Unique Street Reference Number (USRN) is an 8 digit unique identifier for every street across Great Britain,,73,CO_DESIGN,t,,EVERY_6_WEEKS,f,,"[{""link_url"": ""https://osdatahub.os.uk/downloads/open/OpenUSRN"", ""link_text"": ""National dataset documentation page""}]",,usrn,2024-03-25,2025-01-28 15:08:13.802977,,,f,,,f
cafb909a-e591-4c92-b624-5cb585142915,Nuclear safety zones,,"{""Nuclear zones""}",,ARCHIVED,t,,,f,"[{""name"": ""nuclear-safety-zone"", ""label"": ""Nuclear safety zone"", ""schema_url"": ""https://github.com/digital-land/specification/blob/main/content/dataset/nuclear-safety-zone.md?plain=1"", ""platform_url"": ""https://www.planning.data.gov.uk/dataset/nuclear-safety-zone"", ""dataset_editor_url"": null}]",,,nuclear-safety-zones,2024-03-25,2024-07-05 15:38:10.190015,,,f,,,f
922ff47e-67e3-4b66-826a-98ad7df9195b,Protected views,Legal requirement to preserve the view of a specific place or historic building from another location,"{""Protected vistas""}",238,BACKLOG,t,,,f,"[{""name"": ""protected-view"", ""label"": ""Protected view"", ""schema_url"": ""https://github.com/digital-land/specification/blob/main/content/dataset/protected-view.md?plain=1"", ""platform_url"": ""https://www.planning.data.gov.uk/dataset/protected-view"", ""dataset_editor_url"": null}]",,"{""link_url"": ""https://www.legislation.gov.uk/uksi/2020/755/contents/made"", ""link_text"": ""The Town and Country Planning (General Permitted Development) (England) (Amendment) (No. 2) Order 2020""}",protected-views,2024-03-25,2025-01-28 16:52:28.71911,,,f,,,t
c5cd31bb-22aa-4150-96a2-7737dd60e681,Public safety zone around airport,End of runway areas where development is restricted for public safety,,240,BACKLOG,t,,,f,"[{""name"": ""public-safety-zone-around-airport"", ""label"": ""Public safety zone around airport"", ""schema_url"": ""https://github.com/digital-land/specification/blob/main/content/dataset/public-safety-zone-around-airport.md?plain=1"", ""platform_url"": ""https://www.planning.data.gov.uk/dataset/public-safety-zone-around-airport"", ""dataset_editor_url"": null}]",,,public-safety-zone-around-airport,2024-03-25,2025-01-28 16:53:17.708774,,,f,,,f
df59f3f8-b0f7-46b7-865c-959363180066,Railway tracks,The structures that trains run on,,242,BACKLOG,t,,,f,,,,railway-tracks,2024-03-25,2025-01-28 16:54:16.319909,,,f,,,f
fe2f0756-2423-4959-bb71-4879a7197bef,Flood risk zone 1,An area with a less than 0.1% (1 in 1000) chance of flooding from rivers or the sea,,,ARCHIVED,t,,,f,,"[{""link_url"": ""https://docs.google.com/document/d/1mc5UMRPGDU6ba7hNMPDqczdvB4Geu0Mm2aN19GRmASg/edit#heading=h.lb9do641w06g"", ""link_text"": ""Fact sheet url""}]",,flood-risk-zone-1,2024-03-25,2024-06-25 12:21:10.772065,,,f,,,f
2f5dcd02-897f-4815-a8c1-9381305a403b,Ramsar,An area of wetlands that is of international importance ,"{""Protected sites""}",41,ON_THE_PLATFORM,t,,AD_HOC,f,"[{""name"": ""ramsar"", ""label"": ""Ramsar site"", ""schema_url"": ""https://github.com/digital-land/specification/blob/main/content/dataset/ramsar.md?plain=1"", ""platform_url"": ""https://www.planning.data.gov.uk/dataset/ramsar"", ""dataset_editor_url"": null}]",,,ramsar,2024-03-25,2024-09-26 16:15:19.794509,,,f,,,t
afc60032-4aeb-43f1-8cd8-087d1cd0a953,Regionally important geological site,"Regionally important geological sites (RIGS) are the most important designated sites for geology and geomorphology, representing educational, historical and recreational resources. In London, RIGS sites should be protected as set out in Policy G9 of the London Plan",,243,BACKLOG,t,,,f,,,,regionally-important-geological-site,2024-03-25,2025-01-28 16:54:46.018041,,,f,,,t
b8c8a909-5fd2-49cb-b586-518221cf19ad,Postcodes,A series of letters and numbers designated to an address for sorting mail,,71,CO_DESIGN,t,,,f,,"[{""link_url"": ""https://beta.ordnancesurvey.co.uk/products/code-point-open"", ""link_text"": ""National dataset documentation page""}]",,postcodes,2024-03-25,2024-11-28 15:04:21.235986,,,f,,,f
453479a1-953c-41d9-b2aa-9da95a7eeb7f,Reservoirs,Artificial lakes where water is collected and stored,{Watercourses},244,BACKLOG,t,,,f,,,,reservoirs,2024-03-25,2025-01-28 16:55:09.635861,,,f,,,f
7bd5897f-9943-4f36-86be-9c8ac5322a18,River basin districts,"Areas of land and sea, made up of one or more neighbouring river basins together with their associated groundwaters and coastal waters",,245,BACKLOG,t,,,f,,,,river-basin-districts,2024-03-25,2025-01-28 16:55:29.456842,,,f,,,f
8b96951f-fc2e-459f-b820-ed162562097f,Self and custom build area,Plots for custom and self-build homes,,251,BACKLOG,t,,,f,"[{""name"": ""self-and-custom-buildarea"", ""label"": ""Self and custom build area"", ""schema_url"": ""https://github.com/digital-land/specification/blob/main/content/dataset/self-and-custom-buildarea.md?plain=1"", ""platform_url"": ""https://www.planning.data.gov.uk/dataset/self-and-custom-buildarea"", ""dataset_editor_url"": null}]",,,self-and-custom-build-area,2024-03-25,2025-01-28 16:58:22.561127,,,f,,,t
e548e3af-5493-47a1-87e3-ef3fc3c51ef1,Contaminated land,"Land where substances are causing or could cause:

- significant harm to people, property or protected species
- significant pollution of surface waters (for example lakes and rivers) or groundwater
- harm to people as a result of radioactivity","{""Special Sites""}",138,BACKLOG,t,,,f,"[{""name"": ""contaminated-land"", ""label"": ""Contaminated land"", ""schema_url"": ""https://github.com/digital-land/specification/blob/main/content/dataset/contaminated-land.md?plain=1"", ""platform_url"": ""https://www.planning.data.gov.uk/dataset/contaminated-land"", ""dataset_editor_url"": null}]",,"{""link_url"": ""https://www.legislation.gov.uk/uksi/2006/1380/made"", ""link_text"": ""Part 2A of the Environmental Protection Act 1990 / The Contaminated Land (England) Regulations 2006""}",contaminated-land,2024-03-25,2025-01-28 16:05:01.744454,,,f,,,t
ebe2c55e-d790-4ca5-a764-35624c66e632,National grid substation sites,Locations of national electricity transmission substations,,81,SCREEN,t,,,f,,"[{""link_url"": ""https://www.nationalgridet.com/network-and-assets/network-route-maps"", ""link_text"": ""National dataset documentation page""}]",,national-grid-substation-sites,2024-03-25,2024-07-02 14:11:24.141013,,,f,Restrictive Licence,,f
eb813a68-15f2-43d7-bd06-9620da2bb034,Metropolitan open land (london),Open space that contributes to the structure of London,,210,BACKLOG,t,,,f,"[{""name"": ""metropolitan-open-land"", ""label"": ""Metropolitan open land"", ""schema_url"": ""https://github.com/digital-land/specification/blob/main/content/dataset/metropolitan-open-land.md?plain=1"", ""platform_url"": ""https://www.planning.data.gov.uk/dataset/metropolitan-open-land"", ""dataset_editor_url"": null}]",,,metropolitan-open-land,2024-03-25,2025-01-28 16:37:35.375619,,,f,,,t
53a06540-d97c-49da-a976-af2f2bf7af2d,Environmentally sensitive areas,"Agricultural areas which need special protection because of its landscape, wildlife or historical value. ",,,ARCHIVED,t,,,f,,"[{""link_url"": ""https://data.gov.uk/dataset/a5b0ccc4-a144-4027-91fa-49084ff07da2/environmentally-sensitive-areas-england"", ""link_text"": ""National dataset documentation page""}]","{""link_url"": ""https://www.legislation.gov.uk/ukpga/1986/5/contents"", ""link_text"": ""Section 18 of the 1986 Agriculture Act""}",environmentally-sensitive-areas,2024-03-25,2024-07-18 11:53:32.836061,,,f,,,f
2d980e29-f0ae-4bf3-9ba4-35a8bc36b4ed,"Safeguarding aerodromes, technical sites and military explosives storage areas","Areas which are safeguarded specifically for aerodromes, technical sites and military explosives storage.","{""Safeguarded aerodromes""}",247,BACKLOG,t,,,f,"[{""name"": ""safeguarded-military-explosives-site"", ""label"": ""Safeguarded military explosives site"", ""schema_url"": ""https://github.com/digital-land/specification/blob/main/content/dataset/safeguarded-military-explosives-site.md?plain=1"", ""platform_url"": ""https://www.planning.data.gov.uk/dataset/safeguarded-military-explosives-site"", ""dataset_editor_url"": null}, {""name"": ""safeguarded-aerodrome"", ""label"": ""Safeguarded aerodrome"", ""schema_url"": ""https://github.com/digital-land/specification/blob/main/content/dataset/safeguarded-aerodrome.md?plain=1"", ""platform_url"": ""https://www.planning.data.gov.uk/dataset/safeguarded-aerodrome"", ""dataset_editor_url"": null}]",,,safeguarding-aerodromes-technical-sites-and-military-explosives-storage-areas,2024-03-25,2025-01-28 16:56:29.307076,,,f,,,t
e33592f2-35b5-4253-ae04-bc7dce96bd4c,Transport (under TCPA route),"Different types of transport infrastructure including walking and cycling routes, public transport, parking, large scale transport facilities such as ports, airports and interchanges for rail freight",,,ARCHIVED,t,,,f,"[{""name"": ""transport-under-tcpa-route"", ""label"": ""Transport (under TCPA route)"", ""schema_url"": ""https://github.com/digital-land/specification/blob/main/content/dataset/transport-under-tcpa-route.md?plain=1"", ""platform_url"": ""https://www.planning.data.gov.uk/dataset/transport-under-tcpa-route"", ""dataset_editor_url"": null}]",,,transport,2024-03-25,2024-07-05 15:38:47.525038,,,f,,,f
3ccfca0f-c556-4435-b3f6-a334304dbefa,National grid towers,"Structural supports, known as pylons, that carry the UK’s network of high-voltage overhead power lines",,82,SCREEN,t,,,f,,"[{""link_url"": ""https://www.nationalgridet.com/network-and-assets/network-route-maps"", ""link_text"": ""National dataset documentation page""}]",,national-grid-towers,2024-03-25,2024-07-02 14:13:43.401519,,,f,Restrictive Licence,,f
1f220f71-ecf0-4813-ad3b-f58cad6e7429,Country parks,Areas of countryside set aside for public recreation,,140,BACKLOG,t,,,f,,"[{""link_url"": ""https://data.gov.uk/dataset/e729abb9-aa6c-42c5-baec-b6673e2b3a62/country-parks-england"", ""link_text"": ""National dataset documentation page""}]",,country-parks,2024-03-25,2025-01-28 16:05:51.902236,,,f,,,t
9ea82299-82a8-494c-a2b6-3a89847d7ca0,National Public Transport Access Nodes (NaPTAN),All public transport access points where you can get on or off public transport,,69,TEST_AND_ITERATE,t,1500000,AD_HOC,f,"[{""name"": ""transport-access-node"", ""label"": ""Public transport access node"", ""schema_url"": ""https://github.com/digital-land/specification/blob/main/content/dataset/transport-access-node.md?plain=1"", ""platform_url"": ""https://www.planning.data.gov.uk/dataset/transport-access-node"", ""dataset_editor_url"": null}]","[{""link_url"": ""https://www.gov.uk/government/publications/national-public-transport-access-node-schema"", ""link_text"": ""Guidance on National public transport access nodes""}]",,national-public-transport-access-nodes,2024-03-25,2024-07-10 11:52:29.981407,,,f,,,f
35dcd0cb-a4ad-4972-81d5-34c4e86b9313,Nature improvement areas,Areas of the country where partnerships have been set up to enhance the natural environment,,85,CO_DESIGN,t,12,AD_HOC,f,"[{""name"": ""nature-improvement-area"", ""label"": ""Nature improvement area"", ""schema_url"": ""https://github.com/digital-land/specification/blob/main/content/dataset/nature-improvement-area.md?plain=1"", ""platform_url"": ""https://www.planning.data.gov.uk/dataset/nature-improvement-area"", ""dataset_editor_url"": null}]","[{""link_url"": ""https://data.gov.uk/dataset/a19c95e3-9657-457d-825e-3d2f3993b653/nature-improvement-areas"", ""link_text"": ""National dataset documentation page""}]",,nature-improvement-areas,2024-03-25,2024-09-03 14:23:20.567533,,,f,,,f
4fb5070c-6968-472a-b638-3bc18d5ce11d,Parliamentary constituencies,Specific geographical areas that are represented by each MP in the House of Commons,,,RESEARCH,t,,,f,,"[{""link_url"": ""https://beta.ordnancesurvey.co.uk/products/boundary-line"", ""link_text"": ""National dataset documentation page""}]",,parliamentary-constituencies,2024-03-25,2024-07-04 16:39:37.040335,,,f,"The rights to licence the data are reserved to the OS, so we need to pick up with them as to whether we would be able to use this data from BCE, being the authoritative source.",,f
599ff632-8f3a-4f4b-a957-8dec097cc14d,Control of major accident and hazard sites,Sites storing or handling large quantities of chemicals or hazardous substances that are covered by the Control of Major Accident Hazards (COMAH) Regulations,{COMAH},139,BACKLOG,t,,,f,"[{""name"": ""control-of-major-accident-hazards-site"", ""label"": ""Control of major accident hazards site"", ""schema_url"": ""https://github.com/digital-land/specification/blob/main/content/dataset/control-of-major-accident-hazards-site.md?plain=1"", ""platform_url"": ""https://www.planning.data.gov.uk/dataset/control-of-major-accident-hazards-site"", ""dataset_editor_url"": null}]",,"{""link_url"": ""https://www.legislation.gov.uk/uksi/2015/483/contents/made"", ""link_text"": ""Control Of Major Accident Hazards Regulations 2015 (COMAH)""}",control-of-major-accident-and-hazard-sites,2024-03-25,2025-01-28 16:05:28.082227,,,f,,,f
2e8167bd-9ad7-4a74-9d46-d21045e81a27,Countryside stewardship scheme agreements,"Previous agreements that provided financial incentives for farmers, foresters and land managers to look after and improve their environments",,141,BACKLOG,t,,,f,,,"{""link_url"": ""https://www.legislation.gov.uk/uksi/2023/159/contents/made"", ""link_text"": ""The Countryside Stewardship (England) (Amendment) Regulations 2023""}",countryside-stewardship-scheme-agreements,2024-03-25,2025-01-28 16:06:19.561077,,,f,,,f
0a1e68f1-1bab-4c3b-a7c0-e275b2010ab9,Article 4 Directions,An Article 4 direction is made by the local planning authority to remove all or some of the permitted development rights on a site in order to protect it,,30,ON_THE_PLATFORM,t,,AD_HOC,f,"[{""name"": ""article-4-direction-area"", ""label"": ""Article 4 direction area"", ""schema_url"": ""https://github.com/digital-land/specification/blob/main/content/dataset/article-4-direction-area.md?plain=1"", ""platform_url"": ""https://www.planning.data.gov.uk/dataset/article-4-direction-area"", ""dataset_editor_url"": null}, {""name"": ""article-4-direction-rule"", ""label"": ""Article 4 direction rule"", ""schema_url"": ""https://github.com/digital-land/specification/blob/main/content/dataset/article-4-direction-rule.md?plain=1"", ""platform_url"": ""https://www.planning.data.gov.uk/dataset/article-4-direction-rule"", ""dataset_editor_url"": ""https://dluhc-datasets.planning-data.dev/dataset/article-4-direction-rule""}, {""name"": ""article-4-direction"", ""label"": ""Article 4 direction"", ""schema_url"": ""https://github.com/digital-land/specification/blob/main/content/dataset/article-4-direction.md?plain=1"", ""platform_url"": ""https://www.planning.data.gov.uk/dataset/article-4-direction"", ""dataset_editor_url"": null}]","[{""link_url"": ""https://docs.google.com/document/d/1HL7GkBJhYvTfUohy9djPQpP8NWgONRS-yrfpkl8ppNo/edit#heading=h.q1fqqglen3fg"", ""link_text"": ""Design process document""}]","{""link_url"": ""https://www.legislation.gov.uk/uksi/2015/596/contents/made"", ""link_text"": ""Town and Country Planning (General Permitted Development) (England) Order 2015 ""}",article-4-directions,2024-03-25,2024-07-30 13:39:54.665892,,"{""link_url"": ""https://digital-land.github.io/specification/specification/article-4-direction/"", ""link_text"": ""Article 4 Direction""}",f,,"{""status"": ""Presumption to publish"", ""further_information_url"": ""https://github.com/digital-land/data-standards-backlog/discussions/30#discussioncomment-10191053""}",f
cb165f53-e61a-48ce-801f-51a132a7957f,Flood storage areas,"Areas that act as a balancing reservoir, storage basin or balancing pond for flood control","{""flood storage area""}",68,TEST_AND_ITERATE,t,509,QUARTERLY,f,"[{""name"": ""flood-storage-area"", ""label"": ""Flood storage area"", ""schema_url"": ""https://github.com/digital-land/specification/blob/main/content/dataset/flood-storage-area.md?plain=1"", ""platform_url"": ""https://www.planning.data.gov.uk/dataset/flood-storage-area"", ""dataset_editor_url"": null}]","[{""link_url"": ""https://ckan.publishing.service.gov.uk/dataset/flood-map-for-planning-rivers-and-sea-flood-storage-areas"", ""link_text"": ""National dataset documentation page""}]",,flood-storage-areas,2024-03-25,2024-08-21 06:22:55.220827,,,f,,,f
161b167f-ac57-4140-a680-495915508745,Flood risk zones,Areas at risk from flooding from rivers or the sea,,46,ON_THE_PLATFORM,t,,QUARTERLY,f,"[{""name"": ""flood-risk-level"", ""label"": ""Flood risk level"", ""schema_url"": ""https://github.com/digital-land/specification/blob/main/content/dataset/flood-risk-level.md?plain=1"", ""platform_url"": ""https://www.planning.data.gov.uk/dataset/flood-risk-level"", ""dataset_editor_url"": ""https://dluhc-datasets.planning-data.dev/dataset/flood-risk-level""}, {""name"": ""flood-risk-type"", ""label"": ""Flood risk type"", ""schema_url"": ""https://github.com/digital-land/specification/blob/main/content/dataset/flood-risk-type.md?plain=1"", ""platform_url"": ""https://www.planning.data.gov.uk/dataset/flood-risk-type"", ""dataset_editor_url"": ""https://dluhc-datasets.planning-data.dev/dataset/flood-risk-type""}, {""name"": ""flood-risk-zone"", ""label"": ""Flood risk zone"", ""schema_url"": ""https://github.com/digital-land/specification/blob/main/content/dataset/flood-risk-zone.md?plain=1"", ""platform_url"": ""https://www.planning.data.gov.uk/dataset/flood-risk-zone"", ""dataset_editor_url"": null}]","[{""link_url"": ""https://www.gov.uk/guidance/flood-risk-and-coastal-change"", ""link_text"": ""Flood risk guidance""}, {""link_url"": ""https://ckan.publishing.service.gov.uk/dataset/flood-map-for-planning-rivers-and-sea-flood-zone-2"", ""link_text"": ""Flood risk zone 2 map (data.gov.uk)""}]",,flood-risk-zones,2024-03-25,2024-09-04 11:38:15.540472,,,f,,,t
3b0710f4-0c3d-404a-af84-664c91894e5f,Housing delivery test,Data centrally compiled by MHCLG to assess whether LPAs are meeting their housing targets and needs,,91,CO_DESIGN,t,,ANNUALLY,f,,"[{""link_url"": ""https://www.gov.uk/government/collections/housing-delivery-test"", ""link_text"": ""Housing delivery test collection on GOV.UK""}]",,housing-delivery-test,2024-08-14,2024-08-30 15:08:21.347093,,,f,,,t
53810336-5b1a-44c5-837d-a03485907ac0,Cropland,Areas of land used for growing crops,,144,BACKLOG,t,,,f,,,,cropland,2024-03-25,2025-01-28 16:07:28.5463,,,f,,,f
2f0ac624-3d9d-49d5-bd57-f4007e39da4b,Designated open space,Land laid out as a public garden or used for the purposes of public recreation,,147,BACKLOG,t,,,f,,,,designated-open-space,2024-03-25,2025-01-28 16:08:32.268128,,,f,,,t
3e0dad08-bfe3-469c-8049-e168413c9d8e,Seabird nesting counts,Counts of breeding seabirds,,249,BACKLOG,t,,,f,,,,seabird-nesting-counts,2024-03-25,2025-01-28 16:57:25.35708,,,f,,,f
c0366bf5-3e08-4d40-b25e-582a7cdcec3c,Development plan policies,"","{""Local plan policies""}",149,BACKLOG,t,,,f,"[{""name"": ""development-policy-area"", ""label"": ""Development policy area"", ""schema_url"": ""https://github.com/digital-land/specification/blob/main/content/dataset/development-policy-area.md?plain=1"", ""platform_url"": ""https://www.planning.data.gov.uk/dataset/development-policy-area"", ""dataset_editor_url"": null}, {""name"": ""development-policy-category"", ""label"": ""Development policy category"", ""schema_url"": ""https://github.com/digital-land/specification/blob/main/content/dataset/development-policy-category.md?plain=1"", ""platform_url"": ""https://www.planning.data.gov.uk/dataset/development-policy-category"", ""dataset_editor_url"": ""https://dluhc-datasets.planning-data.dev/dataset/development-policy-category""}, {""name"": ""development-policy-metric"", ""label"": ""Development policy metric"", ""schema_url"": ""https://github.com/digital-land/specification/blob/main/content/dataset/development-policy-metric.md?plain=1"", ""platform_url"": ""https://www.planning.data.gov.uk/dataset/development-policy-metric"", ""dataset_editor_url"": null}, {""name"": ""development-policy"", ""label"": ""Development policy"", ""schema_url"": ""https://github.com/digital-land/specification/blob/main/content/dataset/development-policy.md?plain=1"", ""platform_url"": ""https://www.planning.data.gov.uk/dataset/development-policy"", ""dataset_editor_url"": null}]",,,local-plan-policies,2024-03-25,2025-01-28 16:11:46.763087,,,f,,,t
0d623038-56fd-4a2a-a7f9-c1ce63e2e3e6,Bowling greens,"Areas of very smooth, short grass on which the game of bowls or lawn bowling is played",,64,CO_DESIGN,t,,EVERY_6_MONTHS,f,,,,bowling-greens,2024-03-25,2024-09-05 10:57:28.577831,,,f,,,f
b411bd74-e872-4d85-a930-d9c956b91b68,Local geological site,"Non-statutory geological sites which are given protection through the planning process, designated by local authorities.",,,BACKLOG,t,,,f,,,,local-geological-site,2024-03-25,2024-09-05 10:07:34.273868,,,f,,,t
320418ff-0d5a-4963-8639-0341bd0eb25e,Town centre boundaries,"Location, extent and function of retail areas",,,ARCHIVED,t,,,f,,,,town-centre-boundaries,2024-03-25,2024-09-05 10:13:13.35861,,,f,,,t
0d30bdd8-83e8-4dc4-aae8-b455c356732e,Special areas of conservation,An area containing wildlife or marine life habitats and species that need conservation,"{""Protected sites""}",,ON_THE_PLATFORM,t,,AD_HOC,f,"[{""name"": ""special-area-of-conservation"", ""label"": ""Special area of conservation"", ""schema_url"": ""https://github.com/digital-land/specification/blob/main/content/dataset/special-area-of-conservation.md?plain=1"", ""platform_url"": ""https://www.planning.data.gov.uk/dataset/special-area-of-conservation"", ""dataset_editor_url"": null}]","[{""link_url"": ""https://www.gov.uk/guidance/duty-to-protect-conserve-and-restore-european-sites"", ""link_text"": ""SAC guidance""}]","{""link_url"": ""https://www.legislation.gov.uk/uksi/2017/1012/contents/made"", ""link_text"": ""Conservation of Habitats and Species Regulations 2017""}",special-areas-of-conservation,2024-03-25,2024-09-05 10:35:01.502809,,,f,,,t
811c3dbd-1b36-414d-a97e-ea9c6a7ba29b,Drainage agreements and consents,"Agreements in place to drain buildings in combination into an existing sewer through a private sewer, or consent for a building, or building extension to be built over or near a drain, sewer or disposal main",,150,BACKLOG,t,,,f,,,,drainage-agreements-and-consents,2024-03-25,2025-01-28 16:12:06.836695,,,f,,,f
70409ed1-3a82-41ea-a478-3eabdf7c8dc0,Mineral safeguarding areas,Areas where known deposits of minerals are safeguarded,,211,BACKLOG,t,,,f,"[{""name"": ""mineral-safeguarding-area"", ""label"": ""Mineral safeguarding area"", ""schema_url"": ""https://github.com/digital-land/specification/blob/main/content/dataset/mineral-safeguarding-area.md?plain=1"", ""platform_url"": ""https://www.planning.data.gov.uk/dataset/mineral-safeguarding-area"", ""dataset_editor_url"": null}]",,,mineral-safeguarding-areas,2024-03-25,2025-01-28 16:41:39.641818,,,f,,,t
c29bdfff-9f76-4728-a1c0-71439b126f82,Watercourses,A natural or artificial channel through which water flows,"{""Main rivers;Canals;Reservoirs;Lake""}",,ARCHIVED,t,,,f,,,,watercourses,2024-03-25,2024-09-05 10:44:12.657648,,,f,,,t
7d7ec9a8-3c2f-4db7-8d80-1aeb1064f247,Secondary healthcare,"Secondary healthcare includes facilities where patients have been referred, such as hospitals, mental health services, community health facilities and sexual health services",,250,BACKLOG,t,,,f,,,,secondary-healthcare,2024-03-25,2025-01-28 16:57:45.419948,,,f,,,t
b968e542-0d6a-4f55-aa4b-0e9bfe02994a,Tree preservation orders,The order document that protects a tree or group of trees,,43,CO_DESIGN,t,,AD_HOC,f,"[{""name"": ""tree-preservation-order"", ""label"": ""Tree preservation order"", ""schema_url"": ""https://github.com/digital-land/specification/blob/main/content/dataset/tree-preservation-order.md?plain=1"", ""platform_url"": ""https://www.planning.data.gov.uk/dataset/tree-preservation-order"", ""dataset_editor_url"": null}, {""name"": ""tree-preservation-zone-type"", ""label"": ""Tree preservation zone type"", ""schema_url"": ""https://github.com/digital-land/specification/blob/main/content/dataset/tree-preservation-zone-type.md?plain=1"", ""platform_url"": ""https://www.planning.data.gov.uk/dataset/tree-preservation-zone-type"", ""dataset_editor_url"": ""https://dluhc-datasets.planning-data.dev/dataset/tree-preservation-zone-type""}, {""name"": ""tree-preservation-zone"", ""label"": ""Tree preservation zone"", ""schema_url"": ""https://github.com/digital-land/specification/blob/main/content/dataset/tree-preservation-zone.md?plain=1"", ""platform_url"": ""https://www.planning.data.gov.uk/dataset/tree-preservation-zone"", ""dataset_editor_url"": null}, {""name"": ""tree"", ""label"": ""Tree"", ""schema_url"": ""https://github.com/digital-land/specification/blob/main/content/dataset/tree.md?plain=1"", ""platform_url"": ""https://www.planning.data.gov.uk/dataset/tree"", ""dataset_editor_url"": null}]","[{""link_url"": ""https://docs.google.com/document/d/1ziDNUExJiUWtMFI3x90T2G-HGtNldUOQrd13u-h6UHY/edit#heading=h.q1fqqglen3fg"", ""link_text"": ""Design process document""}, {""link_url"": ""https://www.gov.uk/guidance/tree-preservation-orders-and-trees-in-conservation-areas"", ""link_text"": ""Tree preservation order guidance""}]","{""link_url"": ""https://www.legislation.gov.uk/uksi/2012/605/contents/made"", ""link_text"": ""The Town and Country Planning (Tree Preservation)(England) Regulations 2012""}",tree-preservation-orders,2024-03-25,2024-10-14 11:10:12.712556,,"{""link_url"": ""https://digital-land.github.io/specification/specification/tree-preservation-order/"", ""link_text"": ""Tree preservation order""}",t,,"{""status"": ""Presumption to publish"", ""further_information_url"": ""https://github.com/digital-land/data-standards-backlog/discussions/43#discussioncomment-10191133""}",f
648cdd25-8c24-48cb-b140-35d06d3184c8,Allotments,"Land used by communities for growing vegetables, fruit, herbs or flowers which is not for profit",,64,CO_DESIGN,t,,EVERY_6_MONTHS,f,,,,allotments,2024-03-25,2024-09-26 09:46:15.522189,,,f,,,t
47da5702-b98b-4e9c-a49f-66984f020c8d,Golf courses,Large areas of grass specially designed for people to play golf on,,64,CO_DESIGN,t,,EVERY_6_MONTHS,f,,,,golf-courses,2024-03-25,2024-09-26 16:02:41.635656,,,f,,,t
555856dc-144d-45aa-a888-1c472d6cb067,Sensitive areas - nitrates,Areas designated as being at risk from agricultural nitrate pollution,,252,BACKLOG,t,,,f,,,,sensitive-areas-nitrates,2024-03-25,2025-01-28 16:58:44.499934,,,f,,,t
833b8f54-0a58-4bed-8fd0-f019c003b0cc,Shellfish waters,Areas designated for the protection of shellfish growth and production,,253,BACKLOG,t,,,f,,,,shellfish-waters,2024-03-25,2025-01-28 16:59:08.635476,,,f,,,f
ba77902d-02e4-4c37-b6de-64a9e1f5b8cb,Sites of importance for nature conservation,Defined areas identified and selected for their nature conservation value,{SINCs},254,BACKLOG,t,,,f,,"[{""link_url"": ""https://docs.google.com/document/d/1VbAfgd7dFrODkCpFEKFLAgAUfeodNTqEiDt1rL3cOO4/edit#heading=h.9rwg3m580tpf"", ""link_text"": ""Fact sheet url""}]",,sites-of-importance-for-nature-conservation,2024-03-25,2025-01-28 16:59:35.841071,,,f,,,t
57c13c12-f198-4313-8518-9465182e706e,Radon,A naturally occurring radioactive gas which may be found in high concentrations in indoor environments,,75,CO_DESIGN,t,,,f,,"[{""link_url"": ""https://www.bgs.ac.uk/datasets/radon-data-indicative-atlas-of-radon/"", ""link_text"": ""National dataset documentation page""}, {""link_url"": ""https://www.bgs.ac.uk/download/radon-potential-indicative-atlas-data-for-great-britain/#"", ""link_text"": ""URL of national dataset""}, {""link_url"": ""https://osdatahub.os.uk/downloads/open/Radon_Indicative_Atlas"", ""link_text"": ""Radon Indicative Atlas OS open data""}]",,radon,2024-03-25,2024-10-16 11:15:51.148945,,,f,,,t
f1ae14e1-b13c-4605-ac9a-1e0dcde99b99,Social housing,"Social housing is more affordable than housing on the open market. It can be rented from housing associations or councils at reduced rents, or it can be part-sold, part-rented as shared ownership.",,255,BACKLOG,t,,,f,,,,social-housing,2024-03-25,2025-01-28 17:02:14.904732,,,t,,,t
2f869eac-2c89-42b3-8a83-7efbc7c7b7d7,Sparsely vegetated land,Environments where plants are slow to establish and easily disturbed,,256,BACKLOG,t,,,f,,,,sparsely-vegetated-land,2024-03-25,2025-01-28 17:02:42.193782,,,f,,,f
2eb8ef61-d4ad-4903-b6cf-24239184b3a8,Built up areas,"Land which is characteristic of a village, town or city",,63,CO_DESIGN,t,10000,EVERY_2_YEARS,t,"[{""name"": ""built-up-area"", ""label"": ""Built up area"", ""schema_url"": ""https://github.com/digital-land/specification/blob/main/content/dataset/built-up-area.md?plain=1"", ""platform_url"": ""https://www.planning.data.gov.uk/dataset/built-up-area"", ""dataset_editor_url"": null}]","[{""link_url"": ""https://data.gov.uk/dataset/15e3be7f-66ed-416c-b0f2-241e87668642/built-up-areas-december-2011-boundaries-v2"", ""link_text"": ""National dataset documentation page""}]",,built-up-areas,2024-03-25,2024-09-05 10:54:30.677429,,,f,,,f
e7750f77-1256-4fc6-8e1e-f169a1059d3e,Heritage coast,A stretch of undeveloped coast designated for conservation,"{""Protected sites""}",,ON_THE_PLATFORM,t,,AD_HOC,f,"[{""name"": ""heritage-coast"", ""label"": ""Heritage coast"", ""schema_url"": ""https://github.com/digital-land/specification/blob/main/content/dataset/heritage-coast.md?plain=1"", ""platform_url"": ""https://www.planning.data.gov.uk/dataset/heritage-coast"", ""dataset_editor_url"": null}]",,,heritage-coast,2024-03-25,2024-09-26 16:04:10.530857,,,f,,,t
2bf32a02-7293-40b1-babc-722b37d5134f,Locally listed buildings,"A building recognised by the local authority (but not nationally) as having local importance due to its architectural, historical or environmental significance","{""local heritage assets"",""local lists"",""local heritage"",""local heritage list sites""}",59,ON_THE_PLATFORM,t,,UNKNOWN,f,"[{""name"": ""locally-listed-building"", ""label"": ""Locally listed building"", ""schema_url"": ""https://github.com/digital-land/specification/blob/main/content/dataset/locally-listed-building.md?plain=1"", ""platform_url"": ""https://www.planning.data.gov.uk/dataset/locally-listed-building"", ""dataset_editor_url"": null}]","[{""link_url"": ""https://docs.google.com/document/d/1eVDL6kCLqI4v600yQqr0p5Eb_YSW9zSiT5St-Fcr4hc/edit?usp=sharing"", ""link_text"": ""Locally listed buildings information document""}]",,locally-listed-buildings,2024-03-25,2024-09-26 16:07:10.517634,,,f,,,t
1234af61-3fd5-40e0-bdfe-2ab0556ccbab,Energy performance certificates,"Certificates that contain:

- information about a property’s energy use and typical energy costs
- recommendations about how to reduce energy use and save money
- an energy efficiency rating from A (most efficient) to G (least efficient), valid for 10 years",{EPC},155,BACKLOG,t,,,f,,,"{""link_url"": null, ""link_text"": ""The Energy Performance of Buildings (England and Wales) Regulations 2012\n""}",energy-performance-certificates,2024-03-25,2025-01-28 16:14:29.368087,,,f,,,f
3c6c44ed-b57c-4faf-ac23-8dc3ff172aae,Boundary line,Open OS product that maps every administrative boundary in detail for you,,77,ARCHIVED,t,,EVERY_6_MONTHS,f,,,,boundary-line,2024-06-26,2025-03-21 14:24:48.267565,,,f,,,f
2e59c3ba-5e6b-42b1-accd-c563c975d522,Environmental outcome reports,"A system of assessing environmental impacts from development, plans, projects and policies",,158,BACKLOG,t,,,f,,,,environmental-outcome-reports,2024-03-25,2025-01-28 16:16:05.539394,,,f,,,f
7a11dd58-325d-4dd0-a77a-7367b2c83b2f,Special educational needs and disabilities (send),"Special educational needs and disabilities (SEND) can affect a child or young person’s ability to learn. Mainstream schools must provide access to services and extra support for SEND pupils, and there are also SEND-specific schools",,257,BACKLOG,t,,,f,,,,special-educational-needs-and-disabilities,2024-03-25,2025-01-28 17:03:04.028302,,,f,,,t
f466c5d4-17e3-4799-b170-e48a7f42e1ea,Special roadside verges,Uncultivated areas of grassland next to roads in an intensively farmed landscape,,258,BACKLOG,t,,,f,,,,special-roadside-verges,2024-03-25,2025-01-28 17:03:25.384813,,,f,,,f
9a26b3ea-d3ad-4487-ba07-4ec3c276b31f,Strategic areas for regeneration,"These areas are the Census Local Super Output Areas (LSOAs) in greatest socio-economic need. They fall within the 20 per cent most deprived LSOAs in England, using the Index of Multiple Deprivation. As set out within the London Plan (2021).",,259,BACKLOG,t,,,f,,,,strategic-areas-for-regeneration,2024-07-08,2025-01-28 17:03:56.0851,,,f,,,t
bf0d2b47-e316-4636-8938-42d56495054e,Strategic flood risk assessments,A Strategic Flood Risk Assessments are undertaken by local planning authorities and inform local flood risk,,260,BACKLOG,t,,,f,,"[{""link_url"": ""https://www.gov.uk/guidance/local-planning-authorities-strategic-flood-risk-assessment"", ""link_text"": ""How to prepare a strategic flood risk assessment""}]",,strategic-flood-risk-assessments,2024-07-08,2025-01-28 17:04:19.62672,,,f,,,t
77874252-cf00-4879-ae11-29f3f3c0e012,Strategic housing market assessments (shmas),"",,261,BACKLOG,t,,,f,,,,strategic-housing-market-assessments,2024-07-08,2025-01-28 17:05:07.968169,,,f,,,t
b81f5d53-6592-4957-b2d9-f57aa713c62e,Enterprise zone,Areas where commercial and industrial businesses can get incentives to set up or expand,,157,RESEARCH,t,,,f,,,,enterprise-zone,2024-03-25,2025-03-19 12:47:31.140877,,,f,,,t
f5d8665a-c1e5-492d-bfcd-564d7ba1e4ba,Essex wildlife trust reserves,Nature reserves and discovery centres managed and protected by Essex Wildlife Trust,,159,BACKLOG,t,,,f,,,,essex-wildlife-trust-reserves,2024-03-25,2025-01-28 16:16:31.540842,,,f,,,f
b9eae164-1b69-476b-90b5-2c87cb913137,Fast food exclusion zone,Zones where fast food outlets are banned because they'd be within 400m of schools and other places where children congregate,,161,BACKLOG,t,,,f,,,,fast-food-exclusion-zone,2024-03-25,2025-01-28 16:18:10.7533,,,f,,,t
891c1587-03a6-4efe-a004-3f5944ed2b45,Fibre to the premises (fttp),"Also known as ultrafast full fibre broadband, this involves laying fibre optic cables directly from the broadband exchange into homes, offering speeds of up to 1,000Mb (megabits per second) – around 30 times faster than standard fibre",,162,BACKLOG,t,,,f,,,"{""link_url"": ""https://www.gov.uk/government/publications/levelling-up-the-united-kingdom"", ""link_text"": ""The Levelling Up White Paper 2022""}",fibre-to-the-premises,2024-03-25,2025-01-28 16:18:35.32418,,,f,,,t
44c801fc-1f08-4680-abae-a80025c8f972,Flood risk area,Areas where there is a risk of flooding from rivers or the sea,,164,BACKLOG,t,,,f,,,,flood-risk-area,2024-03-25,2025-01-28 16:19:21.880314,,,f,,,t
2c54dc0e-0bbb-4f6b-9193-4d1810168ed9,Grassland,Landscapes dominated by grasses,,168,BACKLOG,t,,,f,,,,grassland,2024-03-25,2025-01-28 16:21:14.163701,,,f,,,f
a591e1d4-702a-4edf-9b8f-5a4e8be42a36,Great crested newt risk zones,Areas where the distribution of great crested newts (GCN) has been categorised into zones,,169,BACKLOG,t,,,f,,,,great-crested-newt-risk-zones,2024-03-25,2025-01-28 16:21:53.978747,,,f,,,f
c7337c59-754b-4edb-bb8f-2b4ef9b245ba,Strategic road network,"4,500 miles of motorways and major A roads",,263,BACKLOG,t,,,f,,,,strategic-road-network,2024-03-25,2025-01-28 17:05:36.646718,,,t,,,f
e406b17d-b12a-474c-98f6-a6e1a0134ebf,Suitable alternative natural greenspace (sang),SANG provides an alternative greenspace to attract residents of new developments away from the protected and vulnerable sites,,264,BACKLOG,t,,,f,"[{""name"": ""suitable-alternative-green-space"", ""label"": ""Suitable alternative green space"", ""schema_url"": ""https://github.com/digital-land/specification/blob/main/content/dataset/suitable-alternative-green-space.md?plain=1"", ""platform_url"": ""https://www.planning.data.gov.uk/dataset/suitable-alternative-green-space"", ""dataset_editor_url"": null}]",,"{""link_url"": ""https://www.legislation.gov.uk/uksi/2017/1012/contents/made"", ""link_text"": ""Conservation of Habitats and Species Regulations 2017 (as amended)""}",suitable-alternative-natural-greenspace,2024-03-25,2025-01-28 17:05:58.681348,,,f,,,t
17a85400-1276-4854-967a-3a40cf0c820a,Supplementary planning document (spd),"Detailed advice or guidance on policies in an adopted local plan, and a material consideration in decision-making",,265,BACKLOG,t,,,f,,,,supplementary-planning-document,2024-03-25,2025-01-28 17:06:21.750591,,,f,,,t
6459e5e4-ec78-4232-be5e-568352df6fee,Traditional orchards,"Traditional orchards are priority habitats that are groups of fruit and nut trees planted on vigorous rootstocks at low densities in permanent grassland, and managed in a low intensity way","{""Historic Orchard Sites""}",267,BACKLOG,t,,,f,,,,traditional-orchards,2024-03-25,2025-01-28 17:07:10.802855,,,f,,,f
4d479d45-5f12-4978-ac16-d932e5e3686d,Great crested newts edna pond surveys,Surveys of ponds to detect newt environmental DNA,,170,BACKLOG,t,,,f,,,,great-crested-newts-edna-pond-surveys,2024-03-25,2025-01-28 16:22:20.853304,,,f,,,f
fb67088b-8e55-4ed0-bc31-9e2564c90948,Groundwater source protection zones,Zones that provide additional protection to safeguard drinking water quality,"{""Source protection zones""}",172,BACKLOG,t,,,f,,,,groundwater-source-protection-zones,2024-03-25,2025-01-28 16:23:18.366052,,,f,,,f
e187b5cf-c516-46af-9640-e39b62720c54,Groundwater vulnerability,"Whether groundwater has a high, medium or low risk of pollution",,173,BACKLOG,t,,,f,,,,groundwater-vulnerability,2024-03-25,2025-01-28 16:23:37.905238,,,f,,,f
5b943a42-51e6-4d55-81ac-953ff94eb58f,Habitat networks,Sets of separate areas of habitat that are close enough together to connect in some way,,174,BACKLOG,t,,,f,,,,habitat-networks,2024-03-25,2025-01-28 16:24:04.931018,,,f,,,f
216307d8-be44-4a16-a851-35dd51543289,Heathland and shrub,Land that has at least 25% cover of woody species such as gorse or heather,,176,BACKLOG,t,,,f,,,,heathland-and-shrub,2024-03-25,2025-01-28 16:25:00.229637,,,f,,,f
90bd1f3a-3d4f-44a7-b2f0-0d7a5547204f,Heritage action zone,Grant-funded projects restoring historic environments,,177,BACKLOG,t,,,f,"[{""name"": ""heritage-action-zone"", ""label"": ""Heritage action zone"", ""schema_url"": ""https://github.com/digital-land/specification/blob/main/content/dataset/heritage-action-zone.md?plain=1"", ""platform_url"": ""https://www.planning.data.gov.uk/dataset/heritage-action-zone"", ""dataset_editor_url"": null}]",,,heritage-action-zone,2024-03-25,2025-01-28 16:25:28.769458,,,f,,,t
41af4453-0387-4586-988b-2f73f4b3d6d3,Heritage assets of archaeological interest,"An area that holds, or potentially holds, evidence of past human activity worthy of expert investigation",,178,BACKLOG,t,,,f,,,,heritage-assets-of-archaeological-interest,2024-03-25,2025-01-28 16:25:49.903103,,,f,,,t
f42754d6-18a6-4b67-9ebf-8bb896274753,Heritage at risk,"Hostoric sites that are most at risk of being lost as a result of neglect, decay or inappropriate development",,179,BACKLOG,t,,,f,,,,heritage-at-risk,2024-03-25,2025-01-28 16:26:17.421587,,,f,,,t
db113003-4c6f-47dc-a7ab-89ec23d8aad3,Higher education,"Both undergraduate and postgraduate courses, typically attended in higher education institutions, such as Universities.",,180,BACKLOG,t,,,f,,,,higher-education,2024-03-25,2025-01-28 16:26:40.990488,,,f,,,t
5db75e3a-d3cf-487b-8ba4-ef5766d2b71d,Historic environment record,"Details of local archaeological sites and finds, historic buildings and historic landscapes",,182,BACKLOG,t,,,f,,,,historic-environment-record,2024-03-25,2025-01-28 16:27:38.27397,,,f,,,f
fcb6a992-15d6-486e-b9fe-d039d519d5e8,Historic stone quarry,Area where quarrying of stone was previously carried out,,183,BACKLOG,t,,,f,"[{""name"": ""historic-stone-quarry"", ""label"": ""Historic stone quarry"", ""schema_url"": ""https://github.com/digital-land/specification/blob/main/content/dataset/historic-stone-quarry.md?plain=1"", ""platform_url"": ""https://www.planning.data.gov.uk/dataset/historic-stone-quarry"", ""dataset_editor_url"": null}]",,,historic-stone-quarry,2024-03-25,2025-01-28 16:27:59.790399,,,f,,,f
3241e04a-d0eb-4890-a50f-3a5b0c5d9a86,Hs2 safeguarded area,Protected land that might be needed to build the HS2 railway,,185,BACKLOG,t,,,f,"[{""name"": ""hs2-safeguarded-area"", ""label"": ""HS2 safeguarded area"", ""schema_url"": ""https://github.com/digital-land/specification/blob/main/content/dataset/hs2-safeguarded-area.md?plain=1"", ""platform_url"": ""https://www.planning.data.gov.uk/dataset/hs2-safeguarded-area"", ""dataset_editor_url"": null}]",,"{""link_url"": ""https://www.legislation.gov.uk/ukpga/2017/7/contents/enacted"", ""link_text"": ""High Speed Rail (London–West Midlands) Act 2017""}",hs2-safeguarded-area,2024-03-25,2025-01-28 16:28:48.586265,,,f,,,t
ca54380a-ccdf-4308-9672-23f2dd1b7acf,Scheduled monuments,A site that's legally protected because of its historical importance,"{""Ancient monuments""}",,ON_THE_PLATFORM,t,,FORTNIGHTLY,f,"[{""name"": ""scheduled-monument"", ""label"": ""Scheduled monument"", ""schema_url"": ""https://github.com/digital-land/specification/blob/main/content/dataset/scheduled-monument.md?plain=1"", ""platform_url"": ""https://www.planning.data.gov.uk/dataset/scheduled-monument"", ""dataset_editor_url"": null}]",,,scheduled-monuments,2024-03-25,2024-09-06 10:15:50.265903,,,t,,,t
19b66190-999c-48b2-901c-09faa951949f,Historic parks and gardens,"Designed landscapes of special historical interest because of their layout, features and architectural decoration",,50,ON_THE_PLATFORM,t,,FORTNIGHTLY,f,"[{""name"": ""park-and-garden-grade"", ""label"": ""Park and garden grade"", ""schema_url"": ""https://github.com/digital-land/specification/blob/main/content/dataset/park-and-garden-grade.md?plain=1"", ""platform_url"": ""https://www.planning.data.gov.uk/dataset/park-and-garden-grade"", ""dataset_editor_url"": ""https://dluhc-datasets.planning-data.dev/dataset/park-and-garden-grade""}, {""name"": ""park-and-garden"", ""label"": ""Historic parks and gardens"", ""schema_url"": ""https://github.com/digital-land/specification/blob/main/content/dataset/park-and-garden.md?plain=1"", ""platform_url"": ""https://www.planning.data.gov.uk/dataset/park-and-garden"", ""dataset_editor_url"": null}]","[{""link_url"": ""https://historicengland.org.uk/listing/the-list/data-downloads"", ""link_text"": ""National dataset documentation page""}, {""link_url"": ""https://historicengland.org.uk/content/data-downloads-gis/parks-and-gardens/"", ""link_text"": ""URL of national dataset""}]",,historic-parks-and-gardens,2024-03-25,2024-09-06 10:22:22.947191,,,f,,,t
375e8353-3509-4233-9665-2743f4444269,Battlefields,Areas registered with Historic England as a battlefield of historical significance,,,ON_THE_PLATFORM,t,47,FORTNIGHTLY,f,"[{""name"": ""battlefield"", ""label"": ""Battlefield"", ""schema_url"": ""https://github.com/digital-land/specification/blob/main/content/dataset/battlefield.md?plain=1"", ""platform_url"": ""https://www.planning.data.gov.uk/dataset/battlefield"", ""dataset_editor_url"": null}]","[{""link_url"": ""https://historicengland.org.uk/listing/the-list/data-downloads"", ""link_text"": ""National dataset documentation page""}, {""link_url"": ""https://historicengland.org.uk/content/data-downloads-gis/battlefields/"", ""link_text"": ""URL of national dataset""}]",,battlefields,2024-03-25,2024-09-24 10:28:32.705245,,,f,,,f
c82e2f6b-4655-4d52-a632-6f829a0d6d1c,Public parks and gardens,"Accessible, high quality opportunities for informal recreation and community events, including urban parks, country parks, regional parks, forest parks, and formal gardens",,64,CO_DESIGN,t,,EVERY_6_MONTHS,f,,,,public-parks-and-gardens,2024-06-18,2024-09-26 16:14:33.343531,,,f,,,t
4229009a-e88f-449e-9df8-3f77ebf79d87,Employment allocations,Sites that have been identified for employment use,,153,BACKLOG,t,,,f,"[{""name"": ""employment-allocation"", ""label"": ""Employment allocation"", ""schema_url"": ""https://github.com/digital-land/specification/blob/main/content/dataset/employment-allocation.md?plain=1"", ""platform_url"": ""https://www.planning.data.gov.uk/dataset/employment-allocation"", ""dataset_editor_url"": null}]",,,employment-allocations,2024-03-25,2025-01-28 16:13:31.169528,,,f,,,t
f98069c2-d142-440f-a28d-69993881807b,Building preservation notices,A notice to stop un-listed buildings of special architectural or historic interest from being demolished or altered in a way that affects the character of the building,,,ON_THE_PLATFORM,t,4,FORTNIGHTLY,f,"[{""name"": ""building-preservation-notice"", ""label"": ""Building preservation notice"", ""schema_url"": ""https://github.com/digital-land/specification/blob/main/content/dataset/building-preservation-notice.md?plain=1"", ""platform_url"": ""https://www.planning.data.gov.uk/dataset/building-preservation-notice"", ""dataset_editor_url"": null}]",,"{""link_url"": ""https://www.legislation.gov.uk/ukpga/1990/9/section/3"", ""link_text"": ""Planning (Listed Buildings and Conservation Areas) Act 1990, section 3""}",building-preservation-notices,2024-03-25,2025-03-19 16:26:21.035643,,,f,,,f
496c1080-ba46-4ffb-970d-3e2939f9313e,Educational establishment,"Educational establishments in the UK including nurseries, primary and secondary schools","{""Primary schools"",""Secondary schools""}",78,TEST_AND_ITERATE,t,50000,WEEKLY,f,"[{""name"": ""educational-establishment"", ""label"": ""Educational establishments"", ""schema_url"": ""https://github.com/digital-land/specification/blob/main/content/dataset/educational-establishment.md?plain=1"", ""platform_url"": ""https://www.planning.data.gov.uk/dataset/educational-establishment"", ""dataset_editor_url"": null}]","[{""link_url"": ""https://get-information-schools.service.gov.uk/"", ""link_text"": ""Get Information about Schools service""}]",,educational-establishment,2024-07-02,2024-09-26 09:51:03.894776,,,f,,,t
bb304685-63e4-4cb4-a6d2-8455435e2415,Protected wreck sites,The restricted area around the wreck of a nationally important vessel to prevent any interference,,,ON_THE_PLATFORM,t,,FORTNIGHTLY,f,"[{""name"": ""protected-wreck-site"", ""label"": ""Protected wreck site"", ""schema_url"": ""https://github.com/digital-land/specification/blob/main/content/dataset/protected-wreck-site.md?plain=1"", ""platform_url"": ""https://www.planning.data.gov.uk/dataset/protected-wreck-site"", ""dataset_editor_url"": null}]",,,protected-wreck-sites,2024-03-25,2024-09-24 10:35:39.334106,,,f,,,f
450df95d-a4d3-4de6-bcf1-eb1940d60662,World heritage sites,"A natural or man-made site, area, or structure that is protected because of its international importance ",,,ON_THE_PLATFORM,t,,AD_HOC,f,"[{""name"": ""world-heritage-site-buffer-zone"", ""label"": ""World heritage site buffer zone"", ""schema_url"": ""https://github.com/digital-land/specification/blob/main/content/dataset/world-heritage-site-buffer-zone.md?plain=1"", ""platform_url"": ""https://www.planning.data.gov.uk/dataset/world-heritage-site-buffer-zone"", ""dataset_editor_url"": null}, {""name"": ""world-heritage-site"", ""label"": ""World heritage site"", ""schema_url"": ""https://github.com/digital-land/specification/blob/main/content/dataset/world-heritage-site.md?plain=1"", ""platform_url"": ""https://www.planning.data.gov.uk/dataset/world-heritage-site"", ""dataset_editor_url"": null}]",,,world-heritage-sites,2024-03-25,2024-09-26 16:20:24.215076,,,f,,,t
c3d2e08c-f2ef-49eb-9b1e-d03eb336df68,Play spaces,"Children's play provision, including local areas for play (LAP), locally equiped areas for play (LEAP), and neighbourhood equipped area of play (NEAP).",,64,CO_DESIGN,t,,EVERY_6_MONTHS,f,,,,play-spaces,2024-03-25,2024-09-26 16:13:17.982303,,,f,,,t
4f33f73e-9acd-479b-a9d0-27c1b314b88a,Local landscape area,"Areas in Scotland which are given a local designation to sure that the landscape is not damaged by inappropriate development, and to encourage positive landscape management","{""Historic (non-designated) rural landscape/local landscape area""}",205,BACKLOG,t,,,f,,,,local-landscape-area,2024-03-25,2025-01-28 16:35:23.151461,,,f,,,t
c0466ba7-3a0e-48f9-aacf-40d687ffd1d1,Hedgerows,Any boundary line of trees or shrubs over 20m long and less than 5m wide,,,SCREEN,t,,,f,,"[{""link_url"": ""https://docs.google.com/document/d/1NafrVW_dC2nvDTDBQvey-271aLLFpGlCpN-N30OZDn4/edit#heading=h.lb9do641w06g"", ""link_text"": ""Fact sheet url""}]",,hedgerows,2024-03-25,2024-09-24 10:29:56.790974,,,f,,,f
bdd538e7-9fc5-4c62-b0ce-61ebe853d9b3,Permitted development rights,The right to carry out certain building works and changes of use without the need for a full planning application,,39,ON_THE_PLATFORM,t,100,QUARTERLY,f,"[{""name"": ""permitted-development-right-part"", ""label"": ""Permitted development right part"", ""schema_url"": ""https://github.com/digital-land/specification/blob/main/content/dataset/permitted-development-right-part.md?plain=1"", ""platform_url"": ""https://www.planning.data.gov.uk/dataset/permitted-development-right-part"", ""dataset_editor_url"": ""https://dluhc-datasets.planning-data.dev/dataset/permitted-development-right-part""}, {""name"": ""permitted-development-right"", ""label"": ""Permitted development right"", ""schema_url"": ""https://github.com/digital-land/specification/blob/main/content/dataset/permitted-development-right.md?plain=1"", ""platform_url"": ""https://www.planning.data.gov.uk/dataset/permitted-development-right"", ""dataset_editor_url"": ""https://dluhc-datasets.planning-data.dev/dataset/permitted-development-right""}]","[{""link_url"": ""https://www.gov.uk/government/publications/permitted-development-rights-for-householders-technical-guidance"", ""link_text"": ""Permitted development rights for householders guidance""}, {""link_url"": ""https://www.planning.data.gov.uk/dataset/permitted-development-right"", ""link_text"": ""Permitted development right dataset""}]","{""link_url"": null, ""link_text"": ""https://www.legislation.gov.uk/uksi/2015/596/schedule/2""}",permitted-development-rights,2024-03-25,2024-09-24 10:35:26.944179,,,f,,,f
c32ce6bc-6332-4b4f-b2d5-623146955f58,Indoor sports and leisure facilities,Multi-sports building where a range of sport and recreational activities can take place,,186,BACKLOG,t,,,f,,,,indoor-sports-and-leisure-facilities,2024-03-25,2025-01-28 16:29:13.433931,,,f,,,t
cb2669af-896b-4c0b-bb68-5c2ef5acdfbd,Local authority district,The geographic area that a local government body is responsible for,,,ON_THE_PLATFORM,t,,UNKNOWN,f,"[{""name"": ""local-authority-district"", ""label"": ""Local authority district"", ""schema_url"": ""https://github.com/digital-land/specification/blob/main/content/dataset/local-authority-district.md?plain=1"", ""platform_url"": ""https://www.planning.data.gov.uk/dataset/local-authority-district"", ""dataset_editor_url"": null}]",,,local-authority-district,2024-03-25,2024-09-26 16:05:52.835199,,,f,,,t
177763b0-5172-4775-af22-5712397f6b0c,National nature reserves,"Areas where wildlife, plants and animals are protected to allow them to thrive",,48,ON_THE_PLATFORM,t,,AD_HOC,f,"[{""name"": ""national-nature-reserve"", ""label"": ""National nature reserve"", ""schema_url"": ""https://github.com/digital-land/specification/blob/main/content/dataset/national-nature-reserve.md?plain=1"", ""platform_url"": ""https://www.planning.data.gov.uk/dataset/national-nature-reserve"", ""dataset_editor_url"": null}]","[{""link_url"": ""https://data.gov.uk/dataset/726484b0-d14e-44a3-9621-29e79fc47bfc/national-nature-reserves-england"", ""link_text"": ""National dataset documentation page""}, {""link_url"": ""https://docs.google.com/document/d/1ULS_aunj8r-Iv5kZ5IelEM_wBGxfS98bKXn4X7hvXkg/edit#heading=h.lb9do641w06g"", ""link_text"": ""Fact sheet url""}]",,national-nature-reserves,2024-03-25,2024-09-26 16:10:51.277083,,,f,,,t
cda2f38c-416f-4235-b4c5-c07f30402704,Priority habitats,"The UK Biodiversity Action Plan (UK BAP) refers to a number of priority habitats, including terrestrial, freshwater and marine habitats. Each priority habitat has a corresponding Habitat Action Plan (HAP)",,,BACKLOG,t,,,f,,,,priority-habitats,2024-03-25,2024-09-26 16:14:00.372569,,,f,,,t
dfd85350-1491-4062-a27e-cd29435b80dd,Safeguarded wharves,Wharves in London which have been given special status to ensure they are retained as working wharves and are protected from redevelopment,,246,BACKLOG,t,,,f,"[{""name"": ""safeguarded-wharf"", ""label"": ""Safeguarded wharf"", ""schema_url"": ""https://github.com/digital-land/specification/blob/main/content/dataset/safeguarded-wharf.md?plain=1"", ""platform_url"": ""https://www.planning.data.gov.uk/dataset/safeguarded-wharf"", ""dataset_editor_url"": null}]",,,safeguarded-wharves,2024-03-25,2025-01-28 16:56:02.854548,,,f,,,t
564a1f62-384a-4f50-bbde-4a37a7ca4ef7,Local planning authority,The planning department of the district or borough council,,36,ON_THE_PLATFORM,t,,,f,"[{""name"": ""local-planning-authority"", ""label"": ""Local planning authority"", ""schema_url"": ""https://github.com/digital-land/specification/blob/main/content/dataset/local-planning-authority.md?plain=1"", ""platform_url"": ""https://www.planning.data.gov.uk/dataset/local-planning-authority"", ""dataset_editor_url"": null}]",,,local-planning-authority,2024-03-25,2025-03-21 14:21:07.639456,,,f,,,t
75e947d4-948b-40ac-9f4a-dcf5067732d6,Area of deficiency in access to nature,Areas over 1km walking distance from Sites of importance for Nature Conservation (SINCs),,111,BACKLOG,t,,,f,,,,area-of-deficiency-in-access-to-nature,2024-03-25,2025-01-28 14:14:25.812346,,,f,,,t
cf87eb25-bd6f-4eb0-9c3c-cac00e269eba,Areas of outstanding natural beauty,Land protected by law to conserve and enhance its natural beauty,"{""Protected sites"","" AONB"","" National Landscape""}",31,ON_THE_PLATFORM,t,34,AD_HOC,f,"[{""name"": ""area-of-outstanding-natural-beauty"", ""label"": ""Area of outstanding natural beauty"", ""schema_url"": ""https://github.com/digital-land/specification/blob/main/content/dataset/area-of-outstanding-natural-beauty.md?plain=1"", ""platform_url"": ""https://www.planning.data.gov.uk/dataset/area-of-outstanding-natural-beauty"", ""dataset_editor_url"": null}]","[{""link_url"": ""https://naturalengland-defra.opendata.arcgis.com/datasets/areas-of-outstanding-natural-beauty-england"", ""link_text"": ""National dataset documentation page""}, {""link_url"": ""https://opendata.arcgis.com/datasets/6f2ad07d91304ad79cdecd52489d5046_0.geojson"", ""link_text"": ""URL of national dataset""}]","{""link_url"": ""https://www.legislation.gov.uk/ukpga/2000/37/contents"", ""link_text"": ""Countryside and Rights of Way Act (2000) (CROW)""}",areas-of-outstanding-natural-beauty,2024-03-25,2025-03-19 16:21:13.938537,,,f,,,t
b32eec61-a5ae-4735-83ce-5004a9af871a,Cemetery,A cemetery provided and maintained by a burial authority,,64,CO_DESIGN,t,,EVERY_6_MONTHS,f,,,,cemetery,2024-03-25,2024-09-26 09:48:40.994874,,,f,,,t
c27465d3-68c5-4a25-9337-96d3d194f9b4,Council wards,Local areas that have been divided for voting purposes,"{Wards,""Electoral wards""}",74,TEST_AND_ITERATE,t,8396,QUARTERLY,f,"[{""name"": ""ward"", ""label"": ""Ward"", ""schema_url"": ""https://github.com/digital-land/specification/blob/main/content/dataset/ward.md?plain=1"", ""platform_url"": ""https://www.planning.data.gov.uk/dataset/ward"", ""dataset_editor_url"": null}]","[{""link_url"": ""https://beta.ordnancesurvey.co.uk/products/boundary-line"", ""link_text"": ""National dataset documentation page""}, {""link_url"": ""https://geoportal.statistics.gov.uk/documents/4d9aa61b06a64ec1b7cc4aecbcfbb7a9/about"", ""link_text"": ""ONS dataset documentation page""}]",,council-wards,2024-03-25,2024-09-26 09:49:35.968739,,,f,,,t
c33ceb8a-a42d-4d3b-9a0b-4807095b7b09,Designated neighbourhood forums,Organisations or groups empowered to lead the neighbourhood planning process in a neighbourhood area where there is no town or parish council,,146,BACKLOG,t,,,f,"[{""name"": ""neighbourhood-forum"", ""label"": ""Designated neighbourhood forum"", ""schema_url"": ""https://github.com/digital-land/specification/blob/main/content/dataset/neighbourhood-forum.md?plain=1"", ""platform_url"": ""https://www.planning.data.gov.uk/dataset/neighbourhood-forum"", ""dataset_editor_url"": null}]",,"{""link_url"": ""https://www.legislation.gov.uk/uksi/2012/637/contents/made"", ""link_text"": ""The Neighbourhood Planning (General) Regulations 2012, The Localism Act 2011""}",designated-neighbourhood-forums,2024-03-25,2025-01-28 16:08:11.439202,,,f,,,t
bb197292-88e0-41ab-b182-73937ce7043a,Fire and rescue stations,"Buildings which store firefighting equipment, such as fire engines and hoses, as well as providing working and living spaces for firefighters and support staff",,163,BACKLOG,t,,,f,,,,fire-and-rescue-stations,2024-03-25,2025-01-28 16:18:56.337618,,,f,,,t
bf7eed69-2ffb-406b-9fbb-4b89f055e6a4,Further education,"Non-advanced courses taken after the period of compulsory education. Primarily taught to those aged 16 and over in further education colleges, work-based learning, and adult and community learning institutions",,165,BACKLOG,t,,,f,,,,further-education,2024-03-25,2025-01-28 16:20:00.939896,,,f,,,t
aa8bf8f9-d74d-4f80-b5d2-782141f37b6c,Planning applications & decisions,Records of applications for development and the associated decisions,,25,CO_DESIGN,t,,DAILY,f,"[{""name"": ""planning-application-category"", ""label"": ""Planning application category"", ""schema_url"": ""https://github.com/digital-land/specification/blob/main/content/dataset/planning-application-category.md?plain=1"", ""platform_url"": ""https://www.planning.data.gov.uk/dataset/planning-application-category"", ""dataset_editor_url"": ""https://dluhc-datasets.planning-data.dev/dataset/planning-application-category""}, {""name"": ""planning-application-condition"", ""label"": ""Planning application condition"", ""schema_url"": ""https://github.com/digital-land/specification/blob/main/content/dataset/planning-application-condition.md?plain=1"", ""platform_url"": ""https://www.planning.data.gov.uk/dataset/planning-application-condition"", ""dataset_editor_url"": null}, {""name"": ""planning-application-document"", ""label"": ""Planning application document"", ""schema_url"": ""https://github.com/digital-land/specification/blob/main/content/dataset/planning-application-document.md?plain=1"", ""platform_url"": ""https://www.planning.data.gov.uk/dataset/planning-application-document"", ""dataset_editor_url"": null}, {""name"": ""planning-application-log"", ""label"": ""Planning application log"", ""schema_url"": ""https://github.com/digital-land/specification/blob/main/content/dataset/planning-application-log.md?plain=1"", ""platform_url"": ""https://www.planning.data.gov.uk/dataset/planning-application-log"", ""dataset_editor_url"": null}, {""name"": ""planning-application-status"", ""label"": ""Planning application status"", ""schema_url"": ""https://github.com/digital-land/specification/blob/main/content/dataset/planning-application-status.md?plain=1"", ""platform_url"": ""https://www.planning.data.gov.uk/dataset/planning-application-status"", ""dataset_editor_url"": ""https://dluhc-datasets.planning-data.dev/dataset/planning-application-status""}, {""name"": ""planning-application-type"", ""label"": ""Planning application type"", ""schema_url"": ""https://github.com/digital-land/specification/blob/main/content/dataset/planning-application-type.md?plain=1"", ""platform_url"": ""https://www.planning.data.gov.uk/dataset/planning-application-type"", ""dataset_editor_url"": ""https://dluhc-datasets.planning-data.dev/dataset/planning-application-type""}, {""name"": ""planning-application"", ""label"": ""Planning application"", ""schema_url"": ""https://github.com/digital-land/specification/blob/main/content/dataset/planning-application.md?plain=1"", ""platform_url"": ""https://www.planning.data.gov.uk/dataset/planning-application"", ""dataset_editor_url"": null}, {""name"": ""planning-decision-type"", ""label"": ""Planning decision type"", ""schema_url"": ""https://github.com/digital-land/specification/blob/main/content/dataset/planning-decision-type.md?plain=1"", ""platform_url"": ""https://www.planning.data.gov.uk/dataset/planning-decision-type"", ""dataset_editor_url"": ""https://dluhc-datasets.planning-data.dev/dataset/planning-decision-type""}, {""name"": ""planning-decision"", ""label"": ""Planning decision"", ""schema_url"": ""https://github.com/digital-land/specification/blob/main/content/dataset/planning-decision.md?plain=1"", ""platform_url"": ""https://www.planning.data.gov.uk/dataset/planning-decision"", ""dataset_editor_url"": ""https://dluhc-datasets.planning-data.dev/dataset/planning-decision""}]","[{""link_url"": ""https://www.gov.uk/search-register-planning-decisions"", ""link_text"": ""Service: Search the register of planning decisions""}]","{""link_url"": ""https://www.legislation.gov.uk/uksi/2015/595/article/40"", ""link_text"": ""Development Management Procedure, Part 9""}",planning-applications-decisions,2024-03-25,2025-03-26 10:32:56.202623,,"{""link_url"": ""https://digital-land.github.io/specification/specification/planning-application/"", ""link_text"": ""Planning application""}",f,,,f
37bdc53b-29de-45cd-b93e-beb1d9b004bc,Planning conditions,Conditions attached to the granting of planning permission to ensure that the development can take place where otherwise it would have been necessary to refuse planning permission,"{""Conditional planning consent""}",40,CO_DESIGN,t,,DAILY,f,"[{""name"": ""planning-condition-purpose"", ""label"": ""Planning condition purpose"", ""schema_url"": ""https://github.com/digital-land/specification/blob/main/content/dataset/planning-condition-purpose.md?plain=1"", ""platform_url"": ""https://www.planning.data.gov.uk/dataset/planning-condition-purpose"", ""dataset_editor_url"": ""https://dluhc-datasets.planning-data.dev/dataset/planning-condition-purpose""}, {""name"": ""planning-condition-target"", ""label"": ""Planning condition target"", ""schema_url"": ""https://github.com/digital-land/specification/blob/main/content/dataset/planning-condition-target.md?plain=1"", ""platform_url"": ""https://www.planning.data.gov.uk/dataset/planning-condition-target"", ""dataset_editor_url"": ""https://dluhc-datasets.planning-data.dev/dataset/planning-condition-target""}, {""name"": ""planning-condition-type"", ""label"": ""Planning condition type"", ""schema_url"": ""https://github.com/digital-land/specification/blob/main/content/dataset/planning-condition-type.md?plain=1"", ""platform_url"": ""https://www.planning.data.gov.uk/dataset/planning-condition-type"", ""dataset_editor_url"": ""https://dluhc-datasets.planning-data.dev/dataset/planning-condition-type""}, {""name"": ""planning-condition"", ""label"": ""Planning condition"", ""schema_url"": ""https://github.com/digital-land/specification/blob/main/content/dataset/planning-condition.md?plain=1"", ""platform_url"": ""https://www.planning.data.gov.uk/dataset/planning-condition"", ""dataset_editor_url"": null}]","[{""link_url"": ""https://www.gov.uk/guidance/use-of-planning-conditions"", ""link_text"": ""Planning conditions guidance""}, {""link_url"": ""https://miro.com/app/board/uXjVNRvkj-0=/"", ""link_text"": ""Draft data model board""}, {""link_url"": ""https://assets.publishing.service.gov.uk/media/5a78f5ba40f0b62b22cbe28a/324923.pdf"", ""link_text"": ""Use of conditions in planning permission (Circular 11/95)""}, {""link_url"": ""https://docs.google.com/document/d/1WjLD8vTEGJXG2jn0UIAnC0xR20pon6XyMdybRtBtlLA/edit?usp=sharing"", ""link_text"": ""Early research notes""}, {""link_url"": ""https://docs.google.com/document/d/1rHFtLB_gsJkukzjlpwrTej7eTDP5sPeNt1ftPxxGy1A/edit?usp=sharing"", ""link_text"": ""Draft user needs 2023""}, {""link_url"": ""https://docs.google.com/spreadsheets/d/1vv9Tz92gKgK4llHGpxeO4w29qEGf8xBMxQfFhSbU4F0/edit?usp=sharing"", ""link_text"": ""Data template and example""}]",,planning-conditions,2024-03-25,2024-10-25 13:42:59.274526,,"{""link_url"": ""https://digital-land.github.io/specification/specification/planning-condition/"", ""link_text"": ""Planning condition""}",t,,,f
c3727f3f-d514-451c-a666-9eaffdce6e70,Agricultural land classification,A system that grades the quality of land for agricultural use,,67,ON_THE_PLATFORM,t,1826,UNKNOWN,f,"[{""name"": ""agricultural-land-classification"", ""label"": ""Agricultural land classification"", ""schema_url"": ""https://github.com/digital-land/specification/blob/main/content/dataset/agricultural-land-classification.md"", ""platform_url"": ""https://www.planning.data.gov.uk/dataset/agricultural-land-classification"", ""dataset_editor_url"": null}]","[{""link_url"": ""https://naturalengland-defra.opendata.arcgis.com/datasets/Defra::provisional-agricultural-land-classification-alc-england/about"", ""link_text"": ""National dataset documentation page""}, {""link_url"": ""https://services.arcgis.com/JJzESW51TqeY9uat/arcgis/rest/services/Provisional Agricultural Land Classification (ALC) (England)/FeatureServer/0/query?outFields=*&where=1%3D1&f=geojson"", ""link_text"": ""URL of national dataset""}]","{""link_url"": ""https://www.gov.uk/guidance/natural-environment"", ""link_text"": ""PPG for the Natural Environment""}",agricultural-land-classification,2024-03-25,2024-12-02 15:49:48.679292,,,f,,,t
0f1cd8fe-7527-4305-ba61-1d80daefca32,Drinking water safeguard zone,Drinking Water Groundwater Safeguard Zones (SgZs) are established around public water supplies where additional pollution control measures are needed.,"{""Drinking Water Groundwater Safeguard Zones (SgZs) are established around public water supplies where additional pollution control measures are needed.""}",151,BACKLOG,t,,,f,,"[{""link_url"": ""https://public.tableau.com/views/SWHertsDigitalPlacePortrait/DASH_RiversandSurfaceWater?%3AshowVizHome=no"", ""link_text"": ""SWHerts public tableau""}]",,drinking-water-safeguard-zone,2024-12-12,2025-01-28 16:12:29.453007,,,f,,,f
bc1682fe-7354-4da8-9e28-d62828e8c50d,Topography,Data describing the relief of the land needed to remove steep or inaccessible sites otherwise unsuitable for development.,,266,BACKLOG,t,,,f,,,,topography,2024-11-26,2025-01-28 17:06:46.230501,,,f,,,f
3eda471c-4586-4b8c-959a-a59f84eea2ae,Planning application submissions,Working towards a set of data specifications that define what needs to be included when submitting a planning application,"{""Planning application data specifications""}",98,CO_DESIGN,t,,,t,,"[{""link_url"": ""https://design.planning.data.gov.uk/advisory-group"", ""link_text"": ""Advisory group updates""}, {""link_url"": ""https://docs.google.com/spreadsheets/d/1MfoIIZBU3cSIhk8awT3f8fv7j_AETT7PLslTJaoa_0Y/edit?usp=sharing"", ""link_text"": ""Module tracker (where is each specification)""}, {""link_url"": ""https://github.com/digital-land/planning-application-data-specification"", ""link_text"": ""Planning application data specification (GitHub)""}]",,planning-application-submissions,2024-10-29,2025-03-26 10:40:59.770838,,,f,,,f
