id,text,consideration_id,author,created,updated,deleted_date
bfccc73a-166f-42ec-8b4b-cf051fa42428,"Designations in the 1970s don't seem to have been retained by all LPAs, and therefore we will consider this dataset within an overarching designated open space/green infrastructure dataset.",1f220f71-ecf0-4813-ad3b-f58cad6e7429,Claire Miller,2024-06-27 11:01:53.186021,,
7bdf288c-cb3a-4018-99a6-cf5984b67adc,"Although we have some [data for locally listed buildings on planning.data.gov.uk](https://www.planning.data.gov.uk/dataset/locally-listed-building), we need to take the locally list buildings or local heritage site consideration through our data design process to determine how we should handle it, who should provide data for it and what data is required for the dataset(s) to be valuable.",2bf32a02-7293-40b1-babc-722b37d5134f,Colm Britton,2024-05-21 06:29:30.874948,,
dc91972f-ef97-4af8-b3d3-b33e09114247,The Geospatial Commission has published [a list of 65 open datasets that they believe are used during the housing and planning process](https://www.gov.uk/government/publications/bringing-together-housing-land-and-planning-geospatial-datasets). This includes **Flood Storage areas**,cb165f53-e61a-48ce-801f-51a132a7957f,Colm Britton,2024-06-14 11:57:17.007516,,
4f915b5f-0fa3-4438-9361-affdd3cf0aa4,There is a separate Outdoor sports and leisure facilities dataset,c32ce6bc-6332-4b4f-b2d5-623146955f58,Paul Downey,2024-06-18 06:38:00.46648,2024-06-18 07:56:41.149182,2024-06-18
3f752bb0-bc23-4aac-b9e2-d7133353d8f9,"Linked to Religious grounds, part of the OS Green space dataset",246d5d2a-5008-4837-8bc4-d7150ebd50d9,Paul Downey,2024-06-18 08:34:07.337795,,
9c22b56c-5bfd-4f24-a5df-d9f5b95522a4,Test,871150fe-98ab-4a4a-8e8c-7e5979b88171,Colm Britton,2024-06-20 14:50:29.782264,2024-06-20 14:50:37.0553,2024-06-20
d54d920b-0de8-4f3e-8d22-cd70b05067d6,test,4256b884-12b4-4c51-a42f-176e3ad25688,Adam Shimali,2024-06-21 12:57:02.664245,2024-06-21 13:21:00.800423,2024-06-21
2bbabf49-1aa9-4c48-bc2d-920a9aaad007,test,871150fe-98ab-4a4a-8e8c-7e5979b88171,Claire Miller,2024-06-21 13:06:51.810319,2024-06-21 13:21:07.626985,2024-06-21
0e610804-effc-4107-b322-0fc829f485c2,"This dataset has now been retired and is superseded by a new dataset called: Reduction in Risk of Flooding from Rivers and Sea due to Defences. The Areas Benefiting from Defences dataset was assessed as no longer sufficiently meeting the needs of our customers and partners and was last updated on 02/11/2022.

Reduction in Risk of Flooding from Rivers and Sea due to Defences is no longer being updated.

We think that the presence of flood zones, along with existing and proposed flood defenses are sufficient in adressing the planning need of this consideration.",4256b884-12b4-4c51-a42f-176e3ad25688,Claire Miller,2024-06-21 13:21:44.72588,,
57834df9-acbc-4ca1-9c21-688e8166b0b3,test,edebb0c5-f465-4008-ad18-ededa22b54fe,Adam Shimali,2024-06-24 16:38:57.938196,2024-06-24 16:39:01.566028,2024-06-24
25035ee8-0e62-45c1-a6e0-f8804541858c,"FLOOD ZONE 1 IS NOT A DATASET
IT IS AN AREA DEFINED BY EXCEPTION - ie IT IS NOT FZ 2 or 3",fe2f0756-2423-4959-bb71-4879a7197bef,Mike Rose,2024-06-25 11:58:30.001958,,
d315cf0b-8c20-472c-a4a2-82c9bac654d3,"https://www.ordnancesurvey.co.uk/products/os-open-rivers#technical

Main Rivers (which is the consideration) is a STATUTORY dataset produced by the EA… BUT OS OPEN RIVERS has MORE data (rivers) - but is not the MAIN RIVER dataset",9c7bca75-c414-4584-8f6f-64aa03e798cb,Mike Rose,2024-06-25 12:19:28.574404,,
a1489093-8a57-4781-b25b-39165f0af1f0,"When we were looking at the [Council Wards consideration](https://design.planning.data.gov.uk/planning-consideration/council-wards) we discovered the [Boundary line dataset](https://osdatahub.os.uk/downloads/open/BoundaryLine). This dataset includes Council Wards.

Given Boundary Lines is an available national dataset that we might be able to get on to the platform we decide to create a separate consideration to record what we learn about it.",3c6c44ed-b57c-4faf-ac23-8dc3ff172aae,Colm Britton,2024-06-26 16:52:22.289807,,
60478a64-642a-4a6b-9550-9643a58ff8ee,We need to understand whether CASI and LiDAR are consulted in the plan making process to progress this to research stage. ,d6af1726-f5e6-49df-8808-80b4449a97d3,Kieran Wint,2024-06-25 07:09:44.884379,2024-06-27 10:40:54.60847,2024-06-27
66b27de9-e34d-4d1a-badf-8353c83dc810,Defra introduced a new Environmental Stewardship Scheme on 3 March 2005 which supersedes (with enhancements) the Environmentally Sensitive Areas and Countryside Stewardship Schemes. Therefore this dataset does not need to progress onto the platform.,53a06540-d97c-49da-a976-af2f2bf7af2d,Claire Miller,2024-06-27 13:01:34.32612,,
1684630e-6072-47da-9a03-3233f446faf5,Planning need is unclear,f3a62905-f923-4c74-a101-6e8b810f197a,Claire Miller,2024-06-28 11:20:29.522502,,
c95b24f9-33e4-403a-833a-4e511441ff38,Planning need is unclear,64be84b1-b5ee-4acf-89f0-04666e38d7d3,Claire Miller,2024-06-28 11:20:38.194931,,
85ad5383-eb8a-4854-a263-179c34d0d6f4,Planning need is unclear,b8c8a909-5fd2-49cb-b586-518221cf19ad,Claire Miller,2024-06-28 11:20:46.422088,,
3e4593dc-bafb-41a0-8744-d44bc66c4a2f,We need to review the licence of the IBA dataset before we can progress further to analysing the data.,2e4f5dc7-5941-4975-a1c5-46c05b99d626,Kieran Wint,2024-06-28 16:16:42.383245,2024-06-28 16:17:06.049141,
c455d8a2-c97c-44b7-8849-ef50cb99a9cf,"The licence needs to be reviewed prior to progression to co-design, as the data relies on derived data.",f9ca36e4-fcee-4b1d-96ee-fb319d9a005b,Kieran Wint,2024-07-01 15:41:56.61245,,
295168b5-7b6e-4dad-9ffe-1e5e6a4d7d24,"Council wards are available as part of the [boundary-line dataset](https://design.planning.data.gov.uk/planning-consideration/boundary-line)
and also [published by ONS](https://geoportal.statistics.gov.uk/datasets/69b2084e13284ea59be314cb28edc41c_0/explore?location=54.660612%2C-1.891581%2C8.00)",c27465d3-68c5-4a25-9337-96d3d194f9b4,Colm Britton,2024-07-01 13:27:37.583016,2024-07-02 06:15:37.067481,
aa70790d-7872-4baa-849a-00670b21fbb1,"RESTRICTIVE LICENCE

These datasets are for indicative purposes only. They can only be used for emergency and land use planning and cannot be used for commercial purposes. They are owned by National Grid and you are required to 
acknowledge us in your product or application using ""© National Grid UK"".",6a5351d2-5a62-4358-8419-51306b978120,Mike Rose,2024-07-02 07:02:31.417277,,
890fb0ac-d11e-45e5-9df8-c22a965167c2,RESTRICTIVE LICENCE - NON-COMMERCIAL ONLY,b587e9b5-18b9-4a54-baea-f5303429e6ad,Mike Rose,2024-07-02 07:18:34.692796,,
d32bf95e-6262-4001-a111-9c90f952787c,RESTRICTIVE LICENCE,ebe2c55e-d790-4ca5-a764-35624c66e632,Mike Rose,2024-07-02 07:27:41.735815,,
187699b8-3909-40d3-890c-0c8998e9947b,RESTRICTIVE LICENCE,3ccfca0f-c556-4435-b3f6-a334304dbefa,Mike Rose,2024-07-02 07:37:47.646115,,
0f685ea1-0a6d-492b-8745-c76151cce5a1,"No longer progressing this dataset, as we have boundary lines.",4fb5070c-6968-472a-b638-3bc18d5ce11d,Claire Miller,2024-06-28 10:46:02.210196,2024-07-03 09:56:56.519034,2024-07-03
75ec8795-36e9-44fa-9415-49c9d1d4cb73,"Two datasets have been identified, both titled ""Historic Landfill Sites."" One is published through the [""Catchment Based Approach Data Hub""](https://data.catchmentbasedapproach.org/datasets/theriverstrust::historic-landfill-sites/about), the other through [data.gov.uk, supplied by the Environment Agency](https://www.data.gov.uk/dataset/17edf94f-6de3-4034-b66b-004ebd0dd010/historic-landfill-sites).

A little bit more research will need to be done to check whether this is the same data. Initial signs point to yes, as the licence is the same and the attribution statements are similar, but we need to confirm this.

This can be completed in the co-design phase.",0487a8b6-18d1-4798-858b-797328679585,Kieran Wint,2024-08-07 11:35:36.860628,2024-08-09 14:30:41.159055,
87372afd-8f1f-4af1-9291-dd0a3fd76ed3,"'Daily' was listed as the frequency of update, as it was assumed this data set would be updated by an LPA every time a decision notice is issued. But no evidence was found to support this. ",aa8bf8f9-d74d-4f80-b5d2-782141f37b6c,elliotrowen,2024-09-03 13:55:10.626475,2024-09-03 13:55:34.388776,
4b63c06d-4733-47b9-b86d-8358e9ee6d06,"As per the [guidance on publishing developer contributions data](https://www.gov.uk/guidance/publish-your-developer-contributions-data),  'Planning authorities must publish their infrastructure funding statements once a year.'",c8dd083f-978f-49f1-a7d1-08a11d012c84,Kieran Wint,2024-09-03 13:59:27.833125,,
e0c668f9-9684-407a-a9c1-7bbba09d3ae5,This is updated every 6 weeks by the OS: https://www.ordnancesurvey.co.uk/products/os-open-uprn,f3a62905-f923-4c74-a101-6e8b810f197a,elliotrowen,2024-09-03 13:59:56.31394,,
440baa58-b9fa-4046-91f9-555a3fb766be,We have been unable to find any sort of information on the frequency with which this data is likely to be updated.,bf46550e-91e4-40e1-aad8-7d9733d69587,Kieran Wint,2024-09-05 11:15:10.86354,,
b6547bd7-4fc0-4217-b1ec-ca400166bf0f,"RESTRICTIVE LICENCE

The Data are available to you, free of charge, for non-commercial use only.

The Data must not be used for commercial purposes and not, either directly or indirectly, for financial profit or gain.  

Please note that under this agreement, a commercial purpose includes those profit generating activities of both commercial and non-commercial organisations (including charities and non-profit organisations).

Re-sale of The Data, or products primarily derived from The Data (whose creation without the use of The Data would have no value), is prohibited.

The Data may be published in paper or electronic form for internal business use.

The Data may not be used in publicly available Internet mapping services (e.g. Google Maps/Earth, Microsoft Bing Maps or Yahoo Maps) without prior written permission from the RSPB Conservation Data Management Unit.

Please contact the RSPB Conservation Data Management Unit if you wish to publish The Data within the public domain.",2e4f5dc7-5941-4975-a1c5-46c05b99d626,Mike Rose,2024-07-02 09:32:08.266676,,
b0b1e7a3-02b5-4678-a4ee-b07cdffffb07,"RESTRICTIVE / UNCLEAR LICENCE

Use limitations
By accessing this data outside this application or web map you acknowledge the use limitations this data is subject to and confirm that you hold an appropriate license from Ordnance Survey and Royal Mail. 

Conditions of use depend on the contract you have with OS and vary by product. Public sector options are summarised here

Data is used within this application with the permission of Ordnance Survey on behalf of the Controller of Her Majesty's Stationary Office Crown Copyright. Unauthorised reproduction infringes Crown Copyright and may lead to prosecution and/or civil proceedings.

Any images taken or maps produced using this data must not be used for financial gain, and all hard copies and electronically published material produced from OS data must include the following acknowledgement:
© Crown copyright and database rights licensed under Defra's Public Sector Mapping Agreement with Ordnance Survey (licence No. 100022861)",f9ca36e4-fcee-4b1d-96ee-fb319d9a005b,Mike Rose,2024-07-02 09:40:07.244416,2024-07-02 09:40:35.513445,
ab31bae0-6530-43da-b31d-338f123bf850,"The OS Boundary Line dataset that was previously identified is not the authoritative source. This has been found through an ONS dataset, and so we will re-commence looking at this consideration.",4fb5070c-6968-472a-b638-3bc18d5ce11d,Kieran Wint,2024-07-02 13:49:43.61325,,
d78d1dc0-3d48-4427-8ee6-48163f7a61e0,"During research, another dataset was found from the Boundary Commission for England, who, through legislation, look to be the authoritative source.",4fb5070c-6968-472a-b638-3bc18d5ce11d,Kieran Wint,2024-07-02 15:03:52.450259,,
da372eea-95fe-4b8b-88dd-8e6b1887cfa1,"The Boundary Commission Dataset seems to be limited to review only - 

Geospatial data © Crown copyright and database rights 2023 AC0000805545. You are permitted to use this data solely to enable you to respond to, or interact with, the organisation that provided you with the data. You are not permitted to copy, sub-licence, distribute or sell any of this data to third parties in any form. Third party rights to enforce the terms of this licence shall be reserved to OS.

- rights to licence the data are reserved to the OS

Found here -   https://boundarycommissionforengland.independent.gov.uk/interactive-map/",4fb5070c-6968-472a-b638-3bc18d5ce11d,Mike Rose,2024-07-02 16:00:13.580494,2024-07-02 16:03:41.215134,
1dc20639-ef69-44eb-922e-51de07df48d0,"To progress to ""co-design"" we just need to understand how NIAs might be consulted during plan making and in planning decisions.",35dcd0cb-a4ad-4972-81d5-34c4e86b9313,Kieran Wint,2024-07-02 16:47:51.546303,,
92ccdad6-0153-40fb-b578-dfbff108a18b,"""The Coal Authority has made data sets available for use by third parties under the Open Government Licence v3:

Coal Authority Managed Tips
Coal Authority Mine Water Treatment Schemes
Please contact us by email at datasolutions@coal.gov.uk if you’re interested in licensing these data sets.""

In order to progress further with this national dataset, we will need to contact the coal authority.",8ac76668-bc27-47f6-9702-6838ee66625c,Kieran Wint,2024-07-03 10:59:17.157301,,
7a7b112d-3167-4fed-9bc7-c929a0eead1d,"The data download page states 

'All content is available under the Open Government Licence v3.0, except where otherwise stated'

There is no indication that the data available for download is NOT available under this licence.",496c1080-ba46-4ffb-970d-3e2939f9313e,Mike Rose,2024-07-05 12:26:34.236038,,
97e0508a-d8f7-4520-86a2-d3c0a3c1f202,Critical drain areas are mentioned in [this Strategic Flood Risk Assessment from Royal Borough of Kensington and Chelsea](https://www.rbkc.gov.uk/planning-and-building-control/planning-policy/strategic-flood-risk-assessment),646f5ef5-d648-4ef8-9d6d-bc718d1560cb,Colm Britton,2024-07-08 13:14:29.819112,,
93dd23df-4356-4134-b1df-1383b6601078,There is no defined release schedule for this dataset but users can update data whenever they want,496c1080-ba46-4ffb-970d-3e2939f9313e,Colm Britton,2024-07-09 08:05:33.41913,,
bbe8a8df-3b1b-4ef0-8665-0894cff227f1,A test comment - we will delete ,375e8353-3509-4233-9665-2743f4444269,Colm Britton,2024-07-29 13:19:56.011983,2024-07-29 13:20:07.29932,2024-07-29
abdce45c-798c-4158-803e-2cde9742cd58,"The dataset found is a snapshot in time, so we may need to work further with Defra to ensure we would always have the most up-to-date data.",db39f341-af14-4dde-a718-07827727ec30,Kieran Wint,2024-07-30 07:40:47.980871,,
46e672ab-04ee-44f1-8668-43698b486340,We have done some [initial analysis of the dataset](https://docs.google.com/document/d/1UaLEvZc0kqAELuUiMZIbRrX3TEtRhVAY/edit?usp=sharing&ouid=115468069062097143072&rtpof=true&sd=true),8ac76668-bc27-47f6-9702-6838ee66625c,Colm Britton,2024-11-11 07:25:30.4285,,
ae681d30-a2d8-4afd-b059-859cf795817d,"The identified national dataset was last updated on 9th May 2024. We need to assess whether this is likely to mean data is incorrect, and look at how regularly this data is updated.",00bede34-152a-40cc-ac14-bb638d1a287d,Kieran Wint,2024-08-08 09:35:25.475927,,
d03d9f03-adb9-45ec-ab50-9e234332a250,"Data that could be used can be found through the [Archaeology Data Service](https://archaeologydataservice.ac.uk/archsearch/map.xhtml) or the [Historic England archive](https://historicengland.org.uk/images-books/archive/), but they are not packaged into datasets, so further research needs to be completed on how we might gather the right data for the purposes of covering archaeological remains.

A clearer definition of archaeological remains might also be necessary to investigate the data in question further.",e85551cc-2b49-4fd1-883d-49266befdc5d,Kieran Wint,2024-08-02 10:48:39.531989,2024-08-09 07:10:55.23158,
e50c54d4-02e8-4966-95cd-d03dac4318a2,This is one of the layers that is present in the OS Greenspace dataset,c4287c43-bcd7-4922-8149-d9e3aa537c30,Colm Britton,2024-08-09 08:41:12.357394,,
c73b6f87-acdd-46b5-bb70-fe2672199851,"Playing fields is a layer in the OS Greenspace dataset. The playing fields that are included are ""only those that are used by the public at least some of the time are included in the product. School fields, for example, which are entirely enclosed and used only by the school are not included.""",ed8fa294-a35d-46ea-bd19-87ae5fbe72b0,Colm Britton,2024-08-09 08:43:13.2313,,
092dc690-01a1-49d5-851d-cb8aa0a05a60,This is a layer thats included in the OS Greenspace dataset,a9ea0b0d-ba14-4775-91b4-8f8153d4f53a,Colm Britton,2024-08-09 08:45:10.534476,,
7226f146-f1c3-4f39-a0a0-b41f24bf95b8,"The identified data is published by Ordnance Survey, so it would be useful to know how they compiled this national dataset, or who the authoritative source of this data is.",648cdd25-8c24-48cb-b140-35d06d3184c8,Kieran Wint,2024-08-12 17:19:31.891271,2024-08-13 07:26:54.385931,
d3f969b2-4eef-4792-9261-1ac30a97e259,"No specific date was found for the frequency for updating the planning conditions data set. However, 'daily' was listed as new planning conditions would be added every time a decision notice is issued. ",37bdc53b-29de-45cd-b93e-beb1d9b004bc,elliotrowen,2024-09-03 13:53:15.926747,2024-09-03 13:56:01.085616,
6d3bcaa2-763a-478a-b6da-41830dae6e3e,"'Ad hoc' was listed as the frequency for this data set to be updated, as it would be updated whenever a new local plan is adopted, which may not happen on a regular basis. ",2f57aaf8-03e2-4f98-bf5e-fb066631e32b,elliotrowen,2024-09-03 13:57:39.300841,,
02eaa3b0-bba6-4068-b0bb-29c60870a459,Updated monthly by the OS: https://www.ordnancesurvey.co.uk/products/os-open-usrn,64be84b1-b5ee-4acf-89f0-04666e38d7d3,elliotrowen,2024-09-03 13:59:07.4201,,
b518857f-7fe6-46a2-a7ea-03f934b03f78,"The 'Conditional EA Licence' that applies to the Historic Landfill Data from the Environment Agency is broadly compatible with the OGL.
 
The key difference that is outlined within the metadata for the dataset (which is how this conditional licence works) is that the licence is not perpetual but limited to a year.

The licence (the year) appears to restart every time the data is downloaded / accessed. 

There is also a recognition that there *may* be some personal data in the records as a result of how former owners / permit holders of historic landfill sites have been captured. 

However, similarly to the OGL the nuance in the conditional licence is effectively 'user beware' and making sure that we (the user) are checking that GDPR or similar is not being infringed.

Therefore for the purposes of the planning data platform, we need to flag that the data is under the EA conditional licence, ensure that there are links back to the appropriate licence and metadata and ensure that the data is collected / accessed / downloaded at least annually.",0487a8b6-18d1-4798-858b-797328679585,Mike Rose,2024-08-14 13:27:30.98434,,
070e8ae3-7702-4cd9-a2fb-275b9afdfd7f,We reworked the development plan events to better fit the process for local plan-making. See this [update for more info](https://github.com/digital-land/data-standards-backlog/discussions/26#discussioncomment-10500195).,6871d5e4-b330-4b07-8440-a75098350bbc,Colm Britton,2024-08-30 14:55:36.112888,,
7881314a-5af3-45b9-bfa0-dc2de3ce211d,This data is available under the OGL v3 as it is shared on Gov.uk with no further licence restrictions visible. All content shared on gov.uk is under OGL unless otherwise stated.,3b0710f4-0c3d-404a-af84-664c91894e5f,Mike Rose,2024-08-30 15:06:28.143596,,
f0ea24cf-9ad6-4932-a101-7b79bac5b80d,"This is a large area that covers lots of different considerations. We've started to split this up into separate considerations: These include

* [Housing delivery test](https://design.planning.data.gov.uk/planning-consideration/housing-delivery-test)
* [Site allocations](https://design.planning.data.gov.uk/planning-consideration/site-allocations)
* [5YHLS](https://design.planning.data.gov.uk/planning-consideration/5-year-housing-land-supply)
* [HELAA](https://design.planning.data.gov.uk/planning-consideration/housing-and-economic-land-availability-assessment)
* [SHMA](https://design.planning.data.gov.uk/planning-consideration/strategic-housing-market-assessments)",45bac7bc-6fc1-4165-a3ba-16a10f1bb2dd,Colm Britton,2024-08-30 17:23:47.143085,2024-08-30 17:25:46.803465,
cc82b88a-54ed-43e0-a1c6-e19fb55c6502,"The frequency of updates for Areas of Outstanding Natural Beauty data is 'Ad hoc', as per the metadata at [data.gov.uk](https://www.data.gov.uk/dataset/8e3ae3b9-a827-47f1-b025-f08527a4e84e/areas-of-outstanding-natural-beauty-england) stating that the frequency of updates are not planned.",cf87eb25-bd6f-4eb0-9c3c-cac00e269eba,Kieran Wint,2024-09-03 11:37:04.005803,,
bbfbbe38-9d2e-4d6d-83e6-e3c7562e42f7,Data for index polygons is updated on a monthly basis as per the [dataset explainer](https://use-land-property-data.service.gov.uk/datasets/inspire). An example given is that data published in April will contain data from March.,3aa8c390-a846-4bcc-a3ea-bb0a95d92aaf,Kieran Wint,2024-09-03 11:45:43.561729,,
a996cd51-3ace-438e-8cad-4c377586d8d6,"As per the [guidance on the publishing of Brownfield land data](https://www.gov.uk/government/publications/brownfield-land-registers-data-standard/publish-your-brownfield-land-data#:~:text=As%20a%20local%20planning%20authority,at%20least%20once%20a%20year.), the LPA must review their brownfield land register at least once a year.",a771a6f1-b79f-4a12-be15-a9ff7fb40058,Kieran Wint,2024-09-03 11:48:58.473455,,
3ea6b71d-4ed3-4774-8847-df96a4008b4f,"As per the Special Protection Areas data published by Natural England on [data.gov.uk](https://www.data.gov.uk/dataset/174f4e23-acb6-4305-9365-1e33c8d0e455/special-protection-areas-england), the update frequency is 'not planned', so marked as ad hoc.",50a024e7-e213-4b1f-944a-8a97e75a6a20,Kieran Wint,2024-09-03 11:50:49.458034,2024-09-03 11:51:03.612583,
aec68d50-785c-4f07-ab71-69f0ce892eaa,"As per the data published for Ancient woodland by Natural England on [data.gov.uk](https://www.data.gov.uk/dataset/9461f463-c363-4309-ae77-fdcd7e9df7d3/ancient-woodland-england), the metadata suggests that the data is updated monthly.",0db1d6ee-e255-410e-99c6-4bc30007f7c7,Kieran Wint,2024-09-03 11:56:12.890471,,
7e1e0611-43b4-44e2-9438-6f2cf07ca3e9,"As per the published dataset by Natural England on [data.gov.uk](https://www.data.gov.uk/dataset/67b4ef48-d0b2-4b6f-b659-4efa33469889/ramsar-england), the frequency with which this data is updated is ad hoc.",2f5dcd02-897f-4815-a8c1-9381305a403b,Kieran Wint,2024-09-03 13:20:35.10552,,
733d721f-4002-4759-8eb9-0075a8f10bd7,"As per the published dataset by Natural England on [data.gov.uk](https://www.data.gov.uk/dataset/acdf4a9e-a115-41fb-bbe9-603c819aa7f7/local-nature-reserves-england), the frequency with which this dataset is updated is ad hoc.",f14b4a63-f760-41ae-b0ed-07d4e5c4d579,Kieran Wint,2024-09-03 13:22:44.519643,,
d29c1565-4de5-4659-b6c2-980b1d3a37cc,"As per the published data by Natural England on [data.gov.uk](https://www.data.gov.uk/dataset/726484b0-d14e-44a3-9621-29e79fc47bfc/national-nature-reserves-england), the metadata suggests that the frequency with which this dataset is updated is ad hoc.",177763b0-5172-4775-af22-5712397f6b0c,Kieran Wint,2024-09-03 13:26:16.911288,,
9a000e8c-aabc-4679-9b34-29f915675acd,This data is updated and published every November: https://www.gov.uk/government/collections/housing-delivery-test ,3b0710f4-0c3d-404a-af84-664c91894e5f,elliotrowen,2024-09-03 13:39:56.429583,,
f2257881-d47b-439f-a5c7-cd04451b1272,"Allotments are updated as part of the 'OS Open Greenspace' data set, which is updated every six months: https://www.ordnancesurvey.co.uk/products/os-open-greenspace",648cdd25-8c24-48cb-b140-35d06d3184c8,elliotrowen,2024-09-03 13:44:26.500609,,
0631ecf9-8032-49e8-bdb4-5251f3ce5a4b,Open road are updated by OS every 6 months: https://www.ordnancesurvey.co.uk/products/os-open-roads,603f9f05-a061-4aac-9794-b8fcd5ea06c0,elliotrowen,2024-09-03 13:45:32.763801,,
6bf67610-efaa-42a9-8b12-d0ba422e603d,"No specific date for  frequency update was identified, however it was assumed this would be updated 'ad hoc', as and when an area needed to improve the air quality.",db39f341-af14-4dde-a718-07827727ec30,elliotrowen,2024-09-03 13:47:09.548453,,
6af81d97-21d4-4818-9c26-229abd4d5958,'Open rivers' are updated by the OS every 6 months: https://www.ordnancesurvey.co.uk/products/os-open-rivers,9c7bca75-c414-4584-8f6f-64aa03e798cb,elliotrowen,2024-09-03 13:48:12.180487,,
70d16f19-ee70-4156-922c-26d4703fb296,"As per the 'Central Activities Zone' dataset published on the [London Datastore](https://data.london.gov.uk/dataset/central_activities_zone), the data is updated on an ad hoc basis.",bb304685-63e4-4cb4-a6d2-8455435e2415,Kieran Wint,2024-09-03 13:50:24.416768,2024-09-03 13:50:31.54899,2024-09-03
2860370f-0a4b-4b7f-9827-849c08e3f846,"As per the 'Central Activities Zone' dataset published on the [London Datastore](https://data.london.gov.uk/dataset/central_activities_zone), the data is updated on an ad hoc basis.",28ba91b4-8ff4-4294-8bdc-aa7705976b83,Kieran Wint,2024-09-03 13:50:51.221004,,
bbdc8d86-2b2f-402d-aad9-f7bf8d47c534,There are [additional forms for Infrastructure applications](https://www.legislation.gov.uk/uksi/2009/2264/schedules/made),3eda471c-4586-4b8c-959a-a59f84eea2ae,Colm Britton,2024-11-13 06:49:09.971531,,
5e39a17b-0c90-428b-902c-42732b003b21,We have captured some details about **withdrawing** a local plan. Details can be read in [this google document](https://docs.google.com/document/d/1ZdqNiXnf0xGlx7X9jrrWqrETp77OYH56k71Sbcy44hw/edit?usp=sharing),45697341-5c2e-42f6-89be-051f1c9ead70,Colm Britton,2024-11-14 06:48:11.407259,,
de06fa14-7ccc-4636-8282-b6a31ce61f0a,"As per the published dataset by Natural England on [data.gov.uk](https://www.data.gov.uk/dataset/a85e64d9-d0f1-4500-9080-b0e29b81fbc8/special-areas-of-conservation-england), the metadata suggests that this dataset is updated on an ad hoc basis.",0d30bdd8-83e8-4dc4-aae8-b455c356732e,Kieran Wint,2024-09-03 13:53:31.97209,,
7043cc2d-aff2-4e49-8421-cfe6098d3157,"The provision of Bowling Greens, is updated as part of the Outdoor Sports Facilities data set, which is updated ['continually'](https://www.data.gov.uk/dataset/420a3d82-690c-493a-8078-edb353a88576/outdoor-sports-facilities).",0d623038-56fd-4a2a-a7f9-c1ce63e2e3e6,Kieran Wint,2024-09-03 13:42:30.22915,2024-09-05 10:57:05.195743,2024-09-05
37fb118f-788d-42a4-8228-2e183e6a314d,"The metadata in the ['risk of flooding from rivers and sea'](https://www.data.gov.uk/dataset/bad20199-6d39-4aad-8564-26a46778fd94/risk-of-flooding-from-rivers-and-sea) dataset published on data.gov.uk by the Environment Agency states that the frequency with which the dataset is updated is quarterly. However, this quarterly update has been paused and further information can be found on the [update guidance](https://www.gov.uk/guidance/updates-to-national-flood-and-coastal-erosion-risk-information#:~:text=Temporary%20pause%20to%20regular%20updates%20of%20flood%20risk%20data,-The%20Environment%20Agency&text=We%20have%20paused%20these%20regular,our%20current%20flood%20risk%20data.).",161b167f-ac57-4140-a680-495915508745,Kieran Wint,2024-09-03 14:04:20.776311,,
33b8baa6-b288-47f1-9c0c-3d3d1ed70b3e,"As per the dataset published by Natural England on [data.gov.uk](https://www.data.gov.uk/dataset/a19c95e3-9657-457d-825e-3d2f3993b653/nature-improvement-areas), the metadata suggests that the frequency in which the data updates is not planned, so this is marked as ad hoc.",35dcd0cb-a4ad-4972-81d5-34c4e86b9313,Kieran Wint,2024-09-03 14:23:09.196321,,
95c60757-9f29-4a18-9287-93169734aabd,The [National Forest Inventory England 2022](https://environment.data.gov.uk/dataset/767a2c58-4aa4-4865-9b5f-1d36d46ddc14) dataset is updated annually.,f0b7c670-b91a-499a-8d1c-01580f95b01b,Kieran Wint,2024-09-03 14:28:41.110363,,
864499bf-797a-4298-a604-2f8915edb90c,The [OS boundary line dataset](https://www.ordnancesurvey.co.uk/products/boundary-line) identified is updated twice a year,3c6c44ed-b57c-4faf-ac23-8dc3ff172aae,Kieran Wint,2024-09-03 15:50:31.87303,,
52b2d8ff-ab42-471a-8b0b-a4913f6ff11b,"The dataset published through [data.gov.uk](https://www.data.gov.uk/dataset/17edf94f-6de3-4034-b66b-004ebd0dd010/historic-landfill-sites) by the Environment Agency for Historic Landfill Sites is updated 'as needed', so this has been marked as ad hoc.",0487a8b6-18d1-4798-858b-797328679585,Kieran Wint,2024-09-03 15:55:36.006859,,
b2c9cec2-ee3d-4499-bc67-4cb2cd78615f,"As per the dataset published by the Environment Agency through [data.gov.uk](https://www.data.gov.uk/dataset/1707e638-6a2d-48f5-a534-1db0b240cc37/casi-and-lidar-habitat-map), this data is updated annually.",d6af1726-f5e6-49df-8808-80b4449a97d3,Kieran Wint,2024-09-03 15:58:51.715396,,
ac618242-1101-45a9-82d6-4cc4acc29317,"This data is currently nationally available as per the [OS Open Greenspace dataset](https://www.ordnancesurvey.co.uk/products/os-open-greenspace#overview), which we will look to use initially. 

However, as a result of our research on [open space typologies](https://digital-land.github.io/blog-post/our-approach-to-open-space/) we will eventually look to collect this data from LPAs individually, with it encapsulating 'accessible, high quality opportunities for informal recreation and community events, including urban parks, country parks, regional parks, forest parks, and formal gardens.'",c82e2f6b-4655-4d52-a632-6f829a0d6d1c,Kieran Wint,2024-09-04 08:17:44.780981,,
e1bd60fd-c5db-4614-8746-875d60e92e67,"This data is currently nationally available as per the [OS Open Greenspace dataset](https://www.ordnancesurvey.co.uk/products/os-open-greenspace#overview), which we will look to use initially. 

However, as a result of our research on [open space typologies](https://digital-land.github.io/blog-post/our-approach-to-open-space/) we will eventually look to collect this data from LPAs individually, with it encapsulating 'allotments, community gardens and community farms.'",648cdd25-8c24-48cb-b140-35d06d3184c8,Kieran Wint,2024-09-04 09:50:33.078431,,
6638225c-ccb1-4984-ad21-12863da07fc9,"This data is currently nationally available as per the [OS Open Greenspace dataset](https://www.ordnancesurvey.co.uk/products/os-open-greenspace#overview), which we will look to use initially. 

However, as a result of our research on [open space typologies](https://digital-land.github.io/blog-post/our-approach-to-open-space/) we will eventually look to collect this data from LPAs individually, with it encapsulating 'churchyards and other burial grounds.'",b32eec61-a5ae-4735-83ce-5004a9af871a,Kieran Wint,2024-09-04 09:54:14.835909,,
b135608c-ecf7-4aa1-afa5-05000f8964f6,"This data is currently nationally available as per the [OS Open Greenspace dataset](https://www.ordnancesurvey.co.uk/products/os-open-greenspace#overview), which we will look to use initially. 

However, as a result of our research on [open space typologies](https://digital-land.github.io/blog-post/our-approach-to-open-space/) we will eventually look to collect this data from LPAs individually, with it encapsulating those areas of use for 'pitch sports including football, rugby union, rugby league, hockey, lacrosse, cricket, American football etc.'",ed8fa294-a35d-46ea-bd19-87ae5fbe72b0,Kieran Wint,2024-09-04 09:55:59.637182,,
e77191a7-a023-4e3c-9ef0-9cb123d8c4a0,"This data is currently nationally available as per the [OS Open Greenspace dataset](https://www.ordnancesurvey.co.uk/products/os-open-greenspace#overview), which we will look to use initially. 

However, as a result of our research on [open space typologies](https://digital-land.github.io/blog-post/our-approach-to-open-space/) we will eventually look to collect this data from LPAs individually, with it encapsulating 'courts and greens comprising natural or artificial surfaces, including tennis courts, bowling greens, athletics tracks and other outdoor sports areas.'",a9ea0b0d-ba14-4775-91b4-8f8153d4f53a,Kieran Wint,2024-09-04 09:58:20.492063,,
f645fec7-5179-4f8c-81b6-e30842ae7107,"As per some research we did, summarised in this [blog on an analysis of local plans and local area requirements](https://digital-land.github.io/blog-post/local-plan-and-local-requirement-analysis/), we're confident that this consideration acts as an INPUT to the process of creating a local plan.",311a519f-bcd8-4ba8-9787-7f2c65f6de16,Kieran Wint,2024-09-04 11:12:36.550316,,
f7845944-64b7-4b11-ac6a-7ae49924ecd8,"As per some research we did, summarised in this [blog on an analysis of local plans and local area requirements](https://digital-land.github.io/blog-post/local-plan-and-local-requirement-analysis/), we're confident that this consideration acts as an INPUT to the process of creating a local plan.",8e31b7e6-87b2-4daa-8e11-26b863750bc6,Kieran Wint,2024-09-04 11:21:48.091954,,
4da3fb8c-fe5c-4f92-b4af-d3644d5ab370,"As per some research we did, summarised in this [blog on an analysis of local plans and local area requirements](https://digital-land.github.io/blog-post/local-plan-and-local-requirement-analysis/), we're confident that this consideration acts as an INPUT to the process of creating a local plan.",e17adf66-a4d2-4e84-9ea2-e594aa85fd8e,Kieran Wint,2024-09-04 11:26:23.824484,,
b7e49f38-df67-4fbf-b222-2c55b786ff37,"As per some research we did, summarised in this [blog on an analysis of local plans and local area requirements](https://digital-land.github.io/blog-post/local-plan-and-local-requirement-analysis/), we're confident that this consideration acts as an INPUT to the process of creating a local plan.",7782ee42-f96d-4d21-b383-73838a78589f,Kieran Wint,2024-09-04 11:30:55.470666,,
59479025-4e78-4893-be53-3761c27d680f,"As per some research we did, summarised in this [blog on an analysis of local plans and local area requirements](https://digital-land.github.io/blog-post/local-plan-and-local-requirement-analysis/), we're confident that this consideration acts as an INPUT to the process of creating a local plan.",0db1d6ee-e255-410e-99c6-4bc30007f7c7,Kieran Wint,2024-09-04 11:35:09.875141,,
3b046e0e-56ba-405f-82f5-3335471b56e1,"As per some research we did, summarised in this [blog on an analysis of local plans and local area requirements](https://digital-land.github.io/blog-post/local-plan-and-local-requirement-analysis/), we're confident that this consideration acts as an INPUT to the process of creating a local plan.",f14b4a63-f760-41ae-b0ed-07d4e5c4d579,Kieran Wint,2024-09-04 11:36:30.510099,,
b4becf1b-aca9-4a91-b925-eebc91d01b7a,"As per some research we did, summarised in this [blog on an analysis of local plans and local area requirements](https://digital-land.github.io/blog-post/local-plan-and-local-requirement-analysis/), we're confident that this consideration acts as an INPUT to the process of creating a local plan.",161b167f-ac57-4140-a680-495915508745,Kieran Wint,2024-09-04 11:38:10.588352,,
3cb7158a-60c8-4435-b47f-5f957b08c169,"Please note, we are talking about LPA-wide statements of community involvement (SCI), not site specific SCIs",6d1b245a-40e2-4eb7-b1d5-1304fcdad496,Claire Miller,2025-02-06 16:47:37.471298,,
f0c69173-7b1a-4fb2-a0b5-f2107fd4e915,"As per some research we did, summarised in this [blog on an analysis of local plans and local area requirements](https://digital-land.github.io/blog-post/local-plan-and-local-requirement-analysis/), we're confident that this consideration acts as an INPUT to the process of creating a local plan.",6249d754-3f41-4de2-b14c-719ba09d5644,Kieran Wint,2024-09-04 11:39:29.862636,,
ed7759cc-d033-4608-9f08-5677bad46e01,"As per some research we did, summarised in this [blog on an analysis of local plans and local area requirements](https://digital-land.github.io/blog-post/local-plan-and-local-requirement-analysis/), we're confident that this consideration acts as an INPUT to the process of creating a local plan.",e548e3af-5493-47a1-87e3-ef3fc3c51ef1,Kieran Wint,2024-09-04 11:49:36.313313,,
a817bfff-3858-43f7-a03b-f8750a126080,"As per some research we did, summarised in this [blog on an analysis of local plans and local area requirements](https://digital-land.github.io/blog-post/local-plan-and-local-requirement-analysis/), we're confident that this consideration acts as an INPUT to the process of creating a local plan.",277ebb03-7337-44dd-8298-6135d0a63c85,Kieran Wint,2024-09-04 14:56:26.727398,,
bf755e61-f5e1-4ce6-9fc9-6adf2e76516e,"As per some research we did, summarised in this [blog on an analysis of local plans and local area requirements](https://digital-land.github.io/blog-post/local-plan-and-local-requirement-analysis/), we're confident that this consideration acts as an INPUT to the process of creating a local plan.",c8943f13-e7ff-409f-9122-e0fc01eeb373,Kieran Wint,2024-09-04 14:57:31.061993,,
a217f448-1ca4-4829-8c52-374968ba0a9e,"As per some research we did, summarised in this [blog on an analysis of local plans and local area requirements](https://digital-land.github.io/blog-post/local-plan-and-local-requirement-analysis/), we're confident that this consideration acts as an INPUT to the process of creating a local plan.",db39f341-af14-4dde-a718-07827727ec30,Kieran Wint,2024-09-04 15:00:23.034824,,
671b602d-e62b-4f90-ae5a-dcba22dd65de,"As per some research we did, summarised in this [blog on an analysis of local plans and local area requirements](https://digital-land.github.io/blog-post/local-plan-and-local-requirement-analysis/), we're confident that this consideration acts as an INPUT to the process of creating a local plan.",a771a6f1-b79f-4a12-be15-a9ff7fb40058,Kieran Wint,2024-09-04 15:01:59.705199,,
c097139e-f5b7-4664-89f5-b497700c6337,"As per some research we did, summarised in this [blog on an analysis of local plans and local area requirements](https://digital-land.github.io/blog-post/local-plan-and-local-requirement-analysis/), we're confident that this consideration acts as an INPUT to the process of creating a local plan.",704d7aa2-90d5-4bae-ae28-8c8908533241,Kieran Wint,2024-09-05 09:32:47.337733,,
e7ed4ccc-8da5-456b-a2c2-a1d5646b82e6,"As per some research we did, summarised in this [blog on an analysis of local plans and local area requirements](https://digital-land.github.io/blog-post/local-plan-and-local-requirement-analysis/), we're confident that this consideration acts as an INPUT to the process of creating a local plan.",ca54380a-ccdf-4308-9672-23f2dd1b7acf,Kieran Wint,2024-09-05 09:34:12.157188,,
fadefbad-fccd-4f08-af12-627d7dd7afe4,"As per some research we did, summarised in this [blog on an analysis of local plans and local area requirements](https://digital-land.github.io/blog-post/local-plan-and-local-requirement-analysis/), we're confident that this consideration acts as an INPUT to the process of creating a local plan.",19b66190-999c-48b2-901c-09faa951949f,Kieran Wint,2024-09-05 10:03:27.177717,,
0df03622-a94e-4027-b0e5-92ff188de5f0,"As per some research we did, summarised in this [blog on an analysis of local plans and local area requirements](https://digital-land.github.io/blog-post/local-plan-and-local-requirement-analysis/), we're confident that this consideration acts as an INPUT to the process of creating a local plan.",b411bd74-e872-4d85-a930-d9c956b91b68,Kieran Wint,2024-09-05 10:07:42.669564,,
3a277162-0a2a-440a-bbdd-d11ff87ebee7,"As per some research we did, summarised in this [blog on an analysis of local plans and local area requirements](https://digital-land.github.io/blog-post/local-plan-and-local-requirement-analysis/), we're confident that this consideration acts as an INPUT to the process of creating a local plan.",8c4f91df-8ae4-417e-a24d-bf28ba9a952b,Kieran Wint,2024-09-05 10:08:57.668468,,
db88732c-1ce9-4f87-ac58-3d5cb880e0e0,"As per some research we did, summarised in this [blog on an analysis of local plans and local area requirements](https://digital-land.github.io/blog-post/local-plan-and-local-requirement-analysis/), we think that this consideration acts as an INPUT to the process of creating a local plan.",320418ff-0d5a-4963-8639-0341bd0eb25e,Kieran Wint,2024-09-05 10:13:08.590293,,
978e4613-d2e8-40d1-9727-7bf41e973063,"As per some research we did, summarised in this [blog on an analysis of local plans and local area requirements](https://digital-land.github.io/blog-post/local-plan-and-local-requirement-analysis/), we think that this consideration acts as an INPUT to the process of creating a local plan.",648cdd25-8c24-48cb-b140-35d06d3184c8,Kieran Wint,2024-09-05 10:14:24.309757,,
f55f36f1-a4b6-4d6c-b3f8-858c263ce375,[Posted an issue to github](https://github.com/digital-land/data-standards-backlog/discussions/97#discussioncomment-11250315) about capturing the date the plan was adopted in 2 places.,45697341-5c2e-42f6-89be-051f1c9ead70,Colm Britton,2024-11-14 06:55:15.479858,,
eb7119d0-f543-40d8-9af6-daa61e8cb1f6,"As per some research we did, summarised in this [blog on an analysis of local plans and local area requirements](https://digital-land.github.io/blog-post/local-plan-and-local-requirement-analysis/), we're confident that this consideration acts as an INPUT to the process of creating a local plan.",2c6607da-f515-446d-97be-8f336dd5e91c,Kieran Wint,2024-09-05 10:11:49.211372,2024-09-24 10:29:38.515795,2024-09-24
5139472a-d777-4917-b934-2d44a02225f2,"As per some research we did, summarised in this [blog on an analysis of local plans and local area requirements](https://digital-land.github.io/blog-post/local-plan-and-local-requirement-analysis/), we're confident that this consideration acts as an INPUT to the process of creating a local plan.",c0466ba7-3a0e-48f9-aacf-40d687ffd1d1,Kieran Wint,2024-09-04 11:51:03.159626,2024-09-24 10:30:03.036962,2024-09-24
f9b17118-291f-4c02-9229-06c35af12e21,"As per some research we did, summarised in this [blog on an analysis of local plans and local area requirements](https://digital-land.github.io/blog-post/local-plan-and-local-requirement-analysis/), we're confident that this consideration acts as an INPUT to the process of creating a local plan.",a9ea0b0d-ba14-4775-91b4-8f8153d4f53a,Kieran Wint,2024-09-04 14:59:23.902513,2024-09-24 10:30:25.854614,2024-09-24
e8217969-3f3b-4d22-ab07-225f9d55e91c,"As per some research we did, summarised in this [blog on an analysis of local plans and local area requirements](https://digital-land.github.io/blog-post/local-plan-and-local-requirement-analysis/), we're confident that this consideration acts as an INPUT to the process of creating a local plan.",ed8fa294-a35d-46ea-bd19-87ae5fbe72b0,Kieran Wint,2024-09-04 14:58:45.446303,2024-09-24 10:30:46.900525,2024-09-24
0d6fcdc8-591e-405a-91f4-1ffecea6f155,"As per some research we did, summarised in this [blog on an analysis of local plans and local area requirements](https://digital-land.github.io/blog-post/local-plan-and-local-requirement-analysis/), we think that this consideration acts as an INPUT to the process of creating a local plan.",cda2f38c-416f-4235-b4c5-c07f30402704,Kieran Wint,2024-09-05 10:16:28.008614,2024-09-24 10:36:30.650612,2024-09-24
55ae46a3-7ba3-4d75-bb4b-3d82eef05456,"As per some research we did, summarised in this [blog on an analysis of local plans and local area requirements](https://digital-land.github.io/blog-post/local-plan-and-local-requirement-analysis/), we're confident that this consideration acts as an INPUT to the process of creating a local plan.",8da71a60-a503-4b22-9e6b-2ea6e9265580,Kieran Wint,2024-09-04 11:55:38.345601,2024-09-24 10:36:40.658229,2024-09-24
db9dc23f-5e45-450e-9328-ac9fc84a2562,"As per some research we did, summarised in this [blog on an analysis of local plans and local area requirements](https://digital-land.github.io/blog-post/local-plan-and-local-requirement-analysis/), we think that this consideration is an OUTPUT, and created during the local plan process.",f160755d-01b3-4b7e-8f5c-cb18400b53fc,Claire Miller,2024-09-04 15:01:10.688238,2024-09-26 16:55:10.354777,
3fddc73e-9dfd-4326-aa30-0f901308ad3e,"As per some research we did, summarised in this [blog on an analysis of local plans and local area requirements](https://digital-land.github.io/blog-post/local-plan-and-local-requirement-analysis/), we think that this consideration acts as an INPUT to the process of creating a local plan.",b968e542-0d6a-4f55-aa4b-0e9bfe02994a,Kieran Wint,2024-09-05 10:17:33.895754,2024-09-05 10:17:47.453329,
ba22bfc9-9f13-4be7-a27c-ad673b53756b,"As per some research we did, summarised in this [blog on an analysis of local plans and local area requirements](https://digital-land.github.io/blog-post/local-plan-and-local-requirement-analysis/), we think that this consideration acts as an INPUT to the process of creating a local plan.",646f5ef5-d648-4ef8-9d6d-bc718d1560cb,Kieran Wint,2024-09-05 10:27:30.960869,,
a999550f-6e9b-44f3-a551-3f5f698720b6,"As per some research we did, summarised in this [blog on an analysis of local plans and local area requirements](https://digital-land.github.io/blog-post/local-plan-and-local-requirement-analysis/), we think that this consideration acts as an INPUT to the process of creating a local plan.",70409ed1-3a82-41ea-a478-3eabdf7c8dc0,Kieran Wint,2024-09-05 10:28:29.909172,,
a7dd85af-3342-46f9-90e0-e319489b4db7,"As per some research we did, summarised in this [blog on an analysis of local plans and local area requirements](https://digital-land.github.io/blog-post/local-plan-and-local-requirement-analysis/), we think that this consideration acts as an INPUT to the process of creating a local plan.",afc60032-4aeb-43f1-8cd8-087d1cd0a953,Kieran Wint,2024-09-05 10:29:37.075875,,
17eb4ed5-56e5-4735-b0cc-72a637519c5c,"As per some research we did, summarised in this [blog on an analysis of local plans and local area requirements](https://digital-land.github.io/blog-post/local-plan-and-local-requirement-analysis/), we think that this consideration acts as an INPUT to the process of creating a local plan.",0d30bdd8-83e8-4dc4-aae8-b455c356732e,Kieran Wint,2024-09-05 10:35:14.481172,,
918f11d1-79f4-432c-967c-d9136f34e179,"In Nov and Dec 2024 we visited LPA websites to see if they had CIL schedules available. Where they did, we created a document record. This [data is now available on the platform](https://www.planning.data.gov.uk/dataset/community-infrastructure-levy-schedule)",c2407dfa-2fa4-42ee-a665-00ea48d6e137,Colm Britton,2025-01-06 11:50:56.409794,,
fffed9b7-6b30-4840-9fa4-724dff847a9c,"As per some research we did, summarised in this [blog on an analysis of local plans and local area requirements](https://digital-land.github.io/blog-post/local-plan-and-local-requirement-analysis/), we're confident that this consideration acts as an INPUT to the process of creating a local plan.",c29bdfff-9f76-4728-a1c0-71439b126f82,Kieran Wint,2024-09-05 10:44:15.514417,,
1fabdbd4-0ebb-4ac1-a803-1dc5dc56b628,"As per the [product overview](https://www.ordnancesurvey.co.uk/products/os-open-built-up-areas), this dataset is updated every two years.",2eb8ef61-d4ad-4903-b6cf-24239184b3a8,Kieran Wint,2024-09-05 10:55:12.867467,,
13c300c2-1d5f-4239-aadc-01076045255d,"As per the product overview for the national dataset published by Ordnance Survey, the data for this consideration will be updated as part of [OS Open Greenspace](https://www.ordnancesurvey.co.uk/products/os-open-greenspace) every six months.",0d623038-56fd-4a2a-a7f9-c1ce63e2e3e6,Kieran Wint,2024-09-05 10:58:45.431286,,
e70c6641-36d7-4721-9cde-dfb7cf2cd81a,"As per the product overview for the national dataset published by Ordnance Survey, the data for this consideration will be updated as part of [OS Open Greenspace](https://www.ordnancesurvey.co.uk/products/os-open-greenspace) every six months.",47da5702-b98b-4e9c-a49f-66984f020c8d,Kieran Wint,2024-09-05 10:59:18.692525,,
6cfc3080-0af2-47f1-8608-9189fe053533,"As per the product overview for the national dataset published by Ordnance Survey, the data for this consideration will be updated as part of [OS Open Greenspace](https://www.ordnancesurvey.co.uk/products/os-open-greenspace) every six months.",b32eec61-a5ae-4735-83ce-5004a9af871a,Kieran Wint,2024-09-05 10:59:38.412091,,
9f10fc30-0d0c-4cc2-acff-9c97a70e3cf4,"The only indicator of data update frequency we found was at the [London datastore](https://data.london.gov.uk/dataset/archaeological-priority-areas), but this does not contain all of the areas of Greater London.",00bede34-152a-40cc-ac14-bb638d1a287d,Kieran Wint,2024-09-05 11:04:25.89622,,
4c62e2b5-6711-4d2e-ac88-753d6bc162bb,We have been unable to find any sort of information on the frequency with which this data is likely to be updated.,f160755d-01b3-4b7e-8f5c-cb18400b53fc,Kieran Wint,2024-09-05 11:05:19.543468,,
ca2bb2cf-d41c-41cc-b0ce-54c6e30c579a,We have been unable to find any sort of information on the frequency with which this data is likely to be updated.,c3727f3f-d514-451c-a666-9eaffdce6e70,Kieran Wint,2024-09-05 11:06:29.069992,,
9706beb1-ec0b-4820-8255-dfd9b7771260,"As per some [FAQs published by Historic England](https://historicengland.org.uk/content/docs/listing/listing-data-download-faqs-pdf#:~:text=How%20uptodate%20are%20the%20datasets,website%20on%20a%20fortnightly%20basis.), this data is updated on a **fortnightly** basis.",d0c8d988-27b8-4d10-ac3e-6d3957efe430,Kieran Wint,2024-09-05 11:12:22.412123,,
cbaa29c7-a17b-4e89-a32c-9297892e1961,"As per some [FAQs published by Historic England](https://historicengland.org.uk/content/docs/listing/listing-data-download-faqs-pdf#:~:text=How%20uptodate%20are%20the%20datasets,website%20on%20a%20fortnightly%20basis.), this data is updated on a **fortnightly** basis.",f98069c2-d142-440f-a28d-69993881807b,Kieran Wint,2024-09-05 11:12:46.577,,
87808f44-b3ac-463c-8d98-5c8693d98044,"No specific date for the frequency of updating the listed buildings data set was found. However, 'ad hoc' was listed, as it was assumed that the data set would be updated as and when a new listed building was identified. ",277ebb03-7337-44dd-8298-6135d0a63c85,elliotrowen,2024-09-03 13:50:52.060956,2024-09-05 11:13:08.452867,2024-09-05
5713fb03-cf2d-436a-8a3b-b709cbccfe51,"We have convened an Advisory group to support this work. Updates, minutes and links to outputs of the work will be shared on the [advisory group page](https://design.planning.data.gov.uk/advisory-group) we have set up",3eda471c-4586-4b8c-959a-a59f84eea2ae,Colm Britton,2025-01-27 11:37:58.484979,,
f5e2a526-4553-4b52-ad16-9ff5fb0664f0,We have been unable to find any sort of information on the frequency with which this data is likely to be updated.,2bf32a02-7293-40b1-babc-722b37d5134f,Kieran Wint,2024-09-05 11:14:47.500375,,
10a865c7-3754-493a-a156-5d2bb32267f1,"As per some research we did, summarised in this [blog on an analysis of local plans and local area requirements](https://digital-land.github.io/blog-post/local-plan-and-local-requirement-analysis/), we're confident that this consideration acts as an INPUT to the process of creating a local plan.",375e8353-3509-4233-9665-2743f4444269,Kieran Wint,2024-09-05 10:41:32.769107,2024-09-24 10:28:40.12435,2024-09-24
bdc9bd8a-06cf-45f5-8f36-68f61b5273f4,"As per some research we did, summarised in this [blog on an analysis of local plans and local area requirements](https://digital-land.github.io/blog-post/local-plan-and-local-requirement-analysis/), we think that this consideration acts as an INPUT to the process of creating a local plan.",e333ebf0-f673-41ba-9f72-ea156dcf42ae,Kieran Wint,2024-09-05 10:36:47.923751,2024-09-24 10:28:55.555397,2024-09-24
cbefe5f7-b4ed-415f-91b5-0824cd87234e,"As per some research we did, summarised in this [blog on an analysis of local plans and local area requirements](https://digital-land.github.io/blog-post/local-plan-and-local-requirement-analysis/), we think that this consideration acts as an INPUT to the process of creating a local plan.",bdd538e7-9fc5-4c62-b0ce-61ebe853d9b3,Kieran Wint,2024-09-05 10:32:31.774645,2024-09-24 10:35:31.732543,2024-09-24
fda5083a-d0f6-49e9-b3f8-d0dc3ef00505,"As per some research we did, summarised in this [blog on an analysis of local plans and local area requirements](https://digital-land.github.io/blog-post/local-plan-and-local-requirement-analysis/), we think that this consideration acts as an INPUT to the process of creating a local plan.",57c13c12-f198-4313-8518-9465182e706e,Kieran Wint,2024-09-05 10:30:24.632498,2024-09-24 10:36:58.120309,2024-09-24
cc05e9ee-5277-4f0f-9b8b-0fb9495a6c2c,"As per some research we did, summarised in this [blog on an analysis of local plans and local area requirements](https://digital-land.github.io/blog-post/local-plan-and-local-requirement-analysis/), we think that this consideration is an OUTPUT, and created during the local plan process.",7cac6c4c-6047-463b-9bed-207c6df6b463,Claire Miller,2024-09-05 10:38:53.818983,2024-09-26 16:53:42.766006,
d6dcae15-8127-420c-afe5-bc5ba499faf5,"As per the data published by Natural England on [data.gov.uk](https://www.data.gov.uk/dataset/79b3515f-b00e-419a-9c7e-1d3163555886/heritage-coasts) for 'Heritage Coast', the metadata suggests that this data is updated on an ad hoc basis.",e7750f77-1256-4fc6-8e1e-f169a1059d3e,Kieran Wint,2024-09-05 11:16:52.673959,,
f6951a52-f2a6-4c01-ac75-5c42c2a44290,"As per this [FAQ document](https://historicengland.org.uk/content/docs/listing/listing-data-download-faqs-pdf#:~:text=How%20uptodate%20are%20the%20datasets,website%20on%20a%20fortnightly%20basis.) produced by Historic England, 'The latest datasets are uploaded to the website on a fortnightly basis.'",ca54380a-ccdf-4308-9672-23f2dd1b7acf,Kieran Wint,2024-09-06 10:17:23.844569,,
7fac38e4-2389-4df5-99e6-a6f42dcf7625,"As per some [FAQs published by Historic England](https://historicengland.org.uk/content/docs/listing/listing-data-download-faqs-pdf#:~:text=How%20uptodate%20are%20the%20datasets,website%20on%20a%20fortnightly%20basis.), this data is updated on a **fortnightly** basis.

However, we think that as we collect more listed building data from local planning authorities, the update frequency of the data will likely change to ad hoc, as it is likely that data will get updated when there are changes to make and this is unlikely to align across all local authorities.",277ebb03-7337-44dd-8298-6135d0a63c85,Kieran Wint,2024-09-05 11:13:12.923558,2024-09-06 10:20:20.65054,
44945880-f43c-48a5-982a-474e304b705f,"As per this [FAQ document](https://historicengland.org.uk/content/docs/listing/listing-data-download-faqs-pdf#:~:text=How%20uptodate%20are%20the%20datasets,website%20on%20a%20fortnightly%20basis.) produced by Historic England, 'The latest datasets are uploaded to the website on a fortnightly basis.'",375e8353-3509-4233-9665-2743f4444269,Kieran Wint,2024-09-06 10:20:41.054441,,
f178cfb4-462e-4bbd-aeed-376c37ea6371,"As per this [FAQ document](https://historicengland.org.uk/content/docs/listing/listing-data-download-faqs-pdf#:~:text=How%20uptodate%20are%20the%20datasets,website%20on%20a%20fortnightly%20basis.) produced by Historic England, 'The latest datasets are uploaded to the website on a fortnightly basis.'",bb304685-63e4-4cb4-a6d2-8455435e2415,Kieran Wint,2024-09-06 10:21:59.085572,,
dd565daf-0a55-4a85-90f4-fb91ebb1c596,"As per this [FAQ document](https://historicengland.org.uk/content/docs/listing/listing-data-download-faqs-pdf#:~:text=How%20uptodate%20are%20the%20datasets,website%20on%20a%20fortnightly%20basis.) produced by Historic England, 'The latest datasets are uploaded to the website on a fortnightly basis.'",19b66190-999c-48b2-901c-09faa951949f,Kieran Wint,2024-09-06 10:22:28.673089,,
27f03e77-6412-4571-a148-b4241fbaa136,"We have marked the data update frequency as unknown, as we were unable to find anything definitive. One thing of possible note is the BCE (Boundary Commission for England), who do produce annual reports, but whether this is reflected in the updating of data is unknown.",cb2669af-896b-4c0b-bb68-5c2ef5acdfbd,Kieran Wint,2024-09-06 10:32:50.518917,,
a0e72763-c136-4c6e-a97d-9bf2a6161e44,"As per the data published by Natural England on [data.gov.uk](https://www.data.gov.uk/dataset/c52ead19-47c2-473b-b087-0842157e00b6/sites-of-special-scientific-interest-units-england) regarding SSSIs, the metadata suggests that this data is updated 'as needed', so it has been as ad hoc.",311a519f-bcd8-4ba8-9787-7f2c65f6de16,Kieran Wint,2024-09-06 10:39:09.085314,,
fb0e86b0-4f5e-45a5-aed2-5f14a1f9bbc1,"We have been unable to find any conclusive evidence as to a set update frequency for this data. A couple of examples from individual local planning authorities suggest it is 'as needed', so in the absence of any further information the data update frequency has been marked as ad hoc.",b968e542-0d6a-4f55-aa4b-0e9bfe02994a,Kieran Wint,2024-09-06 10:41:58.641176,,
1c24b43e-bb95-47a4-ba26-edd5db4ce524,"Frequency of update listed as 'ad hoc', as no specific update period was found. It is likely that NSIP data is updated when a new project is started. ",e56e8e80-cffa-43cf-a8d8-77090db1f0d2,elliotrowen,2024-09-06 15:08:49.567812,,
7d53305a-3378-4c48-b568-0c94a033d508,"The frequency of update was listed as 'ad hoc', as greenbelt data is updated through the Local Plan process. ",3619e662-648f-4b5a-9514-e33a729e301d,elliotrowen,2024-09-06 15:09:46.852251,,
9749d2ba-d424-4fb2-9785-bc554f539ddb,"Data frequency update is listed as 'ad hoc', as it is listed as 'as needed' at: https://opendata-historicengland.hub.arcgis.com/datasets/historicengland::conservation-areas/explore?location=52.761369%2C-2.491828%2C6.62",8e31b7e6-87b2-4daa-8e11-26b863750bc6,elliotrowen,2024-09-06 15:15:36.91182,,
9e57ab72-ce65-450c-bb03-9c579a9cc1bd,'Ad hoc' was listed as no specific data update frequency was found. This data is likely to be updated by LPAs following the approval of a planning application. ,447b0fed-6668-410f-b20e-65bbd8eb55ae,elliotrowen,2024-09-06 15:17:36.699593,,
ceb731a6-f7a3-4316-8bbb-eb87e7be4703,Data updated as necessary: https://www.data.gov.uk/dataset/eab6ee72-23e8-46df-b74b-c2a9cb3ee6e0/world-heritage-sites,450df95d-a4d3-4de6-bcf1-eb1940d60662,elliotrowen,2024-09-06 15:21:20.041482,,
7a889ef8-5079-4b27-be68-a20ae0190297,"Also, as per this [FAQ document](https://historicengland.org.uk/content/docs/listing/listing-data-download-faqs-pdf#:~:text=How%20uptodate%20are%20the%20datasets,website%20on%20a%20fortnightly%20basis.) produced by Historic England, 'The latest datasets are uploaded to the website on a fortnightly basis.'

However, it is thought that this dataset is likely to be mostly static as World heritage sites are designated by UNESCO and is reviewed on a yearly basis.",450df95d-a4d3-4de6-bcf1-eb1940d60662,Kieran Wint,2024-09-09 07:15:14.003636,,
5f7554e8-9d38-4ee2-a74c-095a0c53d447,"This data is currently nationally available as per the [OS Open Greenspace dataset](https://www.ordnancesurvey.co.uk/products/os-open-greenspace#overview), which we will look to use initially. 

However, as a result of our research on [open space typologies](https://digital-land.github.io/blog-post/our-approach-to-open-space/) we will eventually look to collect this data from LPAs individually, defined as 'Designated areas for children and young people containing a range of facilities and an environment that has been designed to provide focused opportunities for outdoor play, including Local Areas for Play (LAPs), Local Equipped Area for Play (LEAPs), Neighbourhood Equipped Area for Play (NEAPs) and Multi-use Games Area (MUGAs).'",c3d2e08c-f2ef-49eb-9b1e-d03eb336df68,Kieran Wint,2024-09-18 08:00:37.316213,,
d889b4ef-e523-4eb6-a421-35dcfe583d19,"This data is currently nationally available as per the [OS Open Greenspace dataset](https://www.ordnancesurvey.co.uk/products/os-open-greenspace#overview), which we will look to use initially. 

However, as a result of our research on [open space typologies](https://digital-land.github.io/blog-post/our-approach-to-open-space/) we will eventually look to collect this data from LPAs individually, but potentially falling under the term 'Other outdoor sports', or something to that effect.",e3347ece-3c02-4fd9-a222-abb995493bfd,Kieran Wint,2024-09-18 08:15:03.289347,,
1f285d13-141b-4e39-94e2-7dc0e287870d,"As per some research we did, summarised in this [blog on an analysis of local plans and local area requirements](https://digital-land.github.io/blog-post/local-plan-and-local-requirement-analysis/), we're confident that this consideration acts as an INPUT to the process of creating a local plan.",bb304685-63e4-4cb4-a6d2-8455435e2415,Kieran Wint,2024-09-05 10:42:22.428014,2024-09-24 10:35:46.570485,2024-09-24
9b81bf11-ae8d-4a79-b807-0c95b23f1a08,"It would appear that the data for 'Parish' is updated on the [ONS Parishes Boundaries EW BFE](https://geoportal.statistics.gov.uk/datasets/ons::parishes-may-2024-boundaries-ew-bfe-2/about) annually in May each year.  In the absence of any further information, this is what we have marked the data update frequency as.",2e451151-6dc2-48c7-83ab-d203bcff6099,Kieran Wint,2024-09-06 10:34:53.181712,2024-12-09 10:06:58.83366,
7bdf5e7b-2db8-4b9b-b604-7ea3b8bdd817,"One of the things we want to look into next is the rates that are included in the CIL schedules.

One thing we learnt is that the rate is often multiplied by an index figure to calculate CIL figures for a given time period. This [document from Wychavon provides helpful guidance](https://www.wychavon.gov.uk/component/fileman/?view=file&routed=1&name=WDC%20Indexing%20Update%20Sheet%20-%20December%202023%20(1).pdf&folder=MHDC/wdc&container=fileman-files)",c2407dfa-2fa4-42ee-a665-00ea48d6e137,Colm Britton,2025-01-08 09:42:22.108551,,
f5c88acd-a6b9-4f5b-b01a-b2a2e609d082,"As can be seen in the ""Screen"" stage for this consideration, an annual monitoring report has been captured as a source for the data, but this largely depends on how we aim to implement this consideration as data on the platform. Nothing geospatial has been found and there is no information on licensing, only that the document is ""controlled."" ",c066a7f8-fd53-422a-a9d6-79290c819e05,Kieran Wint,2025-01-21 13:48:19.722065,,
c44d8183-e420-4b24-bed6-112e7e26e290,"As per some research we did, summarised in this [blog on an analysis of local plans and local area requirements](https://digital-land.github.io/blog-post/local-plan-and-local-requirement-analysis/), we're confident that this consideration acts as an INPUT to the process of creating a local plan.",c3727f3f-d514-451c-a666-9eaffdce6e70,Claire Miller,2024-09-26 09:45:45.694301,2024-09-26 09:53:18.882658,
1ad36fe0-11c9-43dc-b86d-b63c39d9287c,"As per some research we did, summarised in this [blog on an analysis of local plans and local area requirements](https://digital-land.github.io/blog-post/local-plan-and-local-requirement-analysis/), we're confident that this consideration acts as an INPUT to the process of creating a local plan.",fbf6a8c0-c8ed-496d-a7cb-8427c500becf,Claire Miller,2024-09-26 09:47:23.658523,2024-09-26 09:54:13.47772,
88d500a4-ad43-461a-a365-b7e0c2762d28,"As per some research we did, summarised in this [blog on an analysis of local plans and local area requirements](https://digital-land.github.io/blog-post/local-plan-and-local-requirement-analysis/), we're confident that this consideration acts as an INPUT to the process of creating a local plan.",75e947d4-948b-40ac-9f4a-dcf5067732d6,Claire Miller,2024-09-26 09:47:38.444901,2024-09-26 09:54:21.16466,
591c2b0a-d98d-4f39-8c92-e9e0d39a6ca6,"As per some research we did, summarised in this [blog on an analysis of local plans and local area requirements](https://digital-land.github.io/blog-post/local-plan-and-local-requirement-analysis/), we're confident that this consideration acts as an INPUT to the process of creating a local plan.",e1b4bcb3-4ae5-4252-80b6-c265fde9effb,Claire Miller,2024-09-26 09:47:54.23239,2024-09-26 09:54:30.867784,
65b38e23-bdfa-4b2b-bb75-d1c423945aaa,"As per some research we did, summarised in this [blog on an analysis of local plans and local area requirements](https://digital-land.github.io/blog-post/local-plan-and-local-requirement-analysis/), we're confident that this consideration acts as an INPUT to the process of creating a local plan.",cf87eb25-bd6f-4eb0-9c3c-cac00e269eba,Claire Miller,2024-09-26 09:48:10.173049,2024-09-26 09:54:38.422039,
c2540473-2269-4dfd-b104-9130f12cda6b,"As per some research we did, summarised in this [blog on an analysis of local plans and local area requirements](https://digital-land.github.io/blog-post/local-plan-and-local-requirement-analysis/), we're confident that this consideration acts as an INPUT to the process of creating a local plan.",7b0a37be-abae-4bbc-aca1-d53cf20bbe1c,Claire Miller,2024-09-26 09:48:24.100902,2024-09-26 09:54:45.715994,
da7b3528-6975-4d07-9219-39a7e630c6b4,"As per some research we did, summarised in this [blog on an analysis of local plans and local area requirements](https://digital-land.github.io/blog-post/local-plan-and-local-requirement-analysis/), we're confident that this consideration acts as an INPUT to the process of creating a local plan.",28ba91b4-8ff4-4294-8bdc-aa7705976b83,Claire Miller,2024-09-26 09:49:02.739875,2024-09-26 09:56:35.965925,
feef5bef-c8d6-42a1-b9a6-02ffdf86fcf8,"As per some research we did, summarised in this [blog on an analysis of local plans and local area requirements](https://digital-land.github.io/blog-post/local-plan-and-local-requirement-analysis/), we're confident that this consideration acts as an INPUT to the process of creating a local plan.",c2407dfa-2fa4-42ee-a665-00ea48d6e137,Claire Miller,2024-09-26 09:49:27.160965,2024-09-26 09:56:51.902751,
b5350d1e-6c39-48f6-96e5-ea290d04b0e8,"As per some research we did, summarised in this [blog on an analysis of local plans and local area requirements](https://digital-land.github.io/blog-post/local-plan-and-local-requirement-analysis/), we're confident that this consideration acts as an INPUT to the process of creating a local plan.",c27465d3-68c5-4a25-9337-96d3d194f9b4,Claire Miller,2024-09-26 09:49:41.021942,2024-09-26 09:56:58.59552,
bbbdc6ab-2910-4195-b498-aa01e9aa51ee,"As per some research we did, summarised in this [blog on an analysis of local plans and local area requirements](https://digital-land.github.io/blog-post/local-plan-and-local-requirement-analysis/), we're confident that this consideration acts as an INPUT to the process of creating a local plan.",1f220f71-ecf0-4813-ad3b-f58cad6e7429,Claire Miller,2024-09-26 09:50:00.065527,2024-09-26 09:57:08.100831,
5c3a017a-2d08-4058-9bee-115528554700,"As per some research we did, summarised in this [blog on an analysis of local plans and local area requirements](https://digital-land.github.io/blog-post/local-plan-and-local-requirement-analysis/), we're confident that this consideration acts as an INPUT to the process of creating a local plan.",2f0ac624-3d9d-49d5-bd57-f4007e39da4b,Claire Miller,2024-09-26 09:50:33.548958,2024-09-26 09:57:23.944247,
03c70bf6-1815-4bdf-8abf-ff66d1ef2cc1,"As per some research we did, summarised in this [blog on an analysis of local plans and local area requirements](https://digital-land.github.io/blog-post/local-plan-and-local-requirement-analysis/), we're confident that this consideration acts as an INPUT to the process of creating a local plan.",447b0fed-6668-410f-b20e-65bbd8eb55ae,Claire Miller,2024-09-26 09:50:45.846916,2024-09-26 09:57:31.971434,
cfbdcb2c-972d-4468-a79f-3654ec0ba233,"As per some research we did, summarised in this [blog on an analysis of local plans and local area requirements](https://digital-land.github.io/blog-post/local-plan-and-local-requirement-analysis/), we're confident that this consideration acts as an INPUT to the process of creating a local plan.",eac0d98d-092e-4c72-8784-51c209a67597,Claire Miller,2024-09-26 09:50:57.419676,2024-09-26 09:57:39.672836,
3dccc9bb-8b72-4104-b1f6-bd11b7fcc799,"As per some research we did, summarised in this [blog on an analysis of local plans and local area requirements](https://digital-land.github.io/blog-post/local-plan-and-local-requirement-analysis/), we're confident that this consideration acts as an INPUT to the process of creating a local plan.",b81f5d53-6592-4957-b2d9-f57aa713c62e,Claire Miller,2024-09-26 09:51:32.77174,2024-09-26 09:58:01.828329,
43847a91-ea9a-4fc5-947f-576e6110c388,"As per some research we did, summarised in this [blog on an analysis of local plans and local area requirements](https://digital-land.github.io/blog-post/local-plan-and-local-requirement-analysis/), we're confident that this consideration acts as an INPUT to the process of creating a local plan.",b9eae164-1b69-476b-90b5-2c87cb913137,Claire Miller,2024-09-26 09:51:44.579472,2024-09-26 09:58:09.859152,
3d5efacf-e7e9-4dea-8c27-012151cb2834,"As per some research we did, summarised in this [blog on an analysis of local plans and local area requirements](https://digital-land.github.io/blog-post/local-plan-and-local-requirement-analysis/), we're confident that this consideration acts as an INPUT to the process of creating a local plan.",891c1587-03a6-4efe-a004-3f5944ed2b45,Claire Miller,2024-09-26 09:52:10.236363,2024-09-26 09:58:24.28411,
97bffd68-6a03-429a-9de1-3d76860ad46a,"As per some research we did, summarised in this [blog on an analysis of local plans and local area requirements](https://digital-land.github.io/blog-post/local-plan-and-local-requirement-analysis/), we're confident that this consideration is an OUTPUT, and created during the local plan process.",c066a7f8-fd53-422a-a9d6-79290c819e05,Claire Miller,2024-09-26 09:56:21.702487,2024-09-26 16:40:03.315342,
dba0303e-5ea8-4dbb-81a0-71730e458111,"As per some research we did, summarised in this [blog on an analysis of local plans and local area requirements](https://digital-land.github.io/blog-post/local-plan-and-local-requirement-analysis/), we're confident that this consideration is an OUTPUT, and created during the local plan process.",9d7b5fea-693c-4ca3-bd12-afde38e0360f,Claire Miller,2024-09-26 09:47:02.820618,2024-09-26 16:40:15.603885,
93f0e8dc-6aaf-4c3e-9878-8c811f6b4d0d,"As per some research we did, summarised in this [blog on an analysis of local plans and local area requirements](https://digital-land.github.io/blog-post/local-plan-and-local-requirement-analysis/), we think that this consideration is an OUTPUT, and created during the local plan process.",4229009a-e88f-449e-9df8-3f77ebf79d87,Claire Miller,2024-09-26 09:51:20.621292,2024-09-26 16:54:57.88217,
c7a66d9c-e768-4e93-a206-b0d77d4234a3,"As per some research we did, summarised in this [blog on an analysis of local plans and local area requirements](https://digital-land.github.io/blog-post/local-plan-and-local-requirement-analysis/), we're confident that this consideration acts as an INPUT to the process of creating a local plan.",b32eec61-a5ae-4735-83ce-5004a9af871a,Claire Miller,2024-09-26 09:48:48.741222,2024-09-26 09:56:26.991623,
83baf1ef-c25b-40cb-acaf-496834637dfe,"As per some research we did, summarised in this [blog on an analysis of local plans and local area requirements](https://digital-land.github.io/blog-post/local-plan-and-local-requirement-analysis/), we're confident that this consideration acts as an INPUT to the process of creating a local plan.",2c6607da-f515-446d-97be-8f336dd5e91c,Claire Miller,2024-09-26 09:49:14.231576,2024-09-26 09:56:43.962144,
6a606e43-17a9-4ae4-b5a1-3ea7c5dc71f3,"As per some research we did, summarised in this [blog on an analysis of local plans and local area requirements](https://digital-land.github.io/blog-post/local-plan-and-local-requirement-analysis/), we're confident that this consideration acts as an INPUT to the process of creating a local plan.",c33ceb8a-a42d-4d3b-9a0b-4807095b7b09,Claire Miller,2024-09-26 09:50:11.825758,2024-09-26 09:57:16.472176,
b269f642-4a1d-490c-9f22-c8fb86c6fb7d,"As per some research we did, summarised in this [blog on an analysis of local plans and local area requirements](https://digital-land.github.io/blog-post/local-plan-and-local-requirement-analysis/), we're confident that this consideration acts as an INPUT to the process of creating a local plan.",496c1080-ba46-4ffb-970d-3e2939f9313e,Claire Miller,2024-09-26 09:51:08.683785,2024-09-26 09:57:46.949718,
2e5cefc8-e588-4c34-817e-97f9e8a1b5bb,"As per some research we did, summarised in this [blog on an analysis of local plans and local area requirements](https://digital-land.github.io/blog-post/local-plan-and-local-requirement-analysis/), we're confident that this consideration acts as an INPUT to the process of creating a local plan.",45f27fed-ab64-4bc1-b205-93c134551a30,Claire Miller,2024-09-26 09:51:57.33703,2024-09-26 09:58:17.198081,
d82f92d3-4630-43fe-84d8-e11f20c65cc8,"As per some research we did, summarised in this [blog on an analysis of local plans and local area requirements](https://digital-land.github.io/blog-post/local-plan-and-local-requirement-analysis/), we're confident that this consideration acts as an INPUT to the process of creating a local plan.",bb197292-88e0-41ab-b182-73937ce7043a,Claire Miller,2024-09-26 09:58:59.521097,,
a82dc35a-879f-4f83-bf62-1fa6c1e4e2bd,"As per some research we did, summarised in this [blog on an analysis of local plans and local area requirements](https://digital-land.github.io/blog-post/local-plan-and-local-requirement-analysis/), we're confident that this consideration acts as an INPUT to the process of creating a local plan.",44c801fc-1f08-4680-abae-a80025c8f972,Claire Miller,2024-09-26 09:59:17.223669,,
d22e43bc-def9-4ccb-b200-f1fecfa740f8,"As per some research we did, summarised in this [blog on an analysis of local plans and local area requirements](https://digital-land.github.io/blog-post/local-plan-and-local-requirement-analysis/), we're confident that this consideration acts as an INPUT to the process of creating a local plan.",c7cb6d2e-7074-4c1b-aebb-c329d6e58502,Claire Miller,2024-09-26 09:59:31.691768,,
c4aa225a-83a1-40d8-b457-a20a65fa1dae,"As per some research we did, summarised in this [blog on an analysis of local plans and local area requirements](https://digital-land.github.io/blog-post/local-plan-and-local-requirement-analysis/), we're confident that this consideration acts as an INPUT to the process of creating a local plan.",bf7eed69-2ffb-406b-9fbb-4b89f055e6a4,Claire Miller,2024-09-26 16:02:31.106207,,
aceed24a-35f2-4bef-b72e-0519ac8a870c,"As per some research we did, summarised in this [blog on an analysis of local plans and local area requirements](https://digital-land.github.io/blog-post/local-plan-and-local-requirement-analysis/), we're confident that this consideration acts as an INPUT to the process of creating a local plan.",47da5702-b98b-4e9c-a49f-66984f020c8d,Claire Miller,2024-09-26 16:02:47.222377,,
cea35249-232b-42a2-bb8e-09bce2678bf0,"As per some research we did, summarised in this [blog on an analysis of local plans and local area requirements](https://digital-land.github.io/blog-post/local-plan-and-local-requirement-analysis/), we're confident that this consideration acts as an INPUT to the process of creating a local plan.",00bede34-152a-40cc-ac14-bb638d1a287d,Claire Miller,2024-09-26 16:02:58.812949,,
64159deb-a0fc-4cb0-a5ad-9e457b60b774,"As per some research we did, summarised in this [blog on an analysis of local plans and local area requirements](https://digital-land.github.io/blog-post/local-plan-and-local-requirement-analysis/), we're confident that this consideration acts as an INPUT to the process of creating a local plan.",3619e662-648f-4b5a-9514-e33a729e301d,Claire Miller,2024-09-26 16:03:10.794957,,
0cbda6e8-b05e-42a6-8130-ad295844c755,"As per some research we did, summarised in this [blog on an analysis of local plans and local area requirements](https://digital-land.github.io/blog-post/local-plan-and-local-requirement-analysis/), we're confident that this consideration acts as an INPUT to the process of creating a local plan.",0ee49016-6cde-4add-a666-a78e38abc6e6,Claire Miller,2024-09-26 16:03:25.683019,,
252f225a-bb9f-4614-86f9-388f8d748eb7,"As per some research we did, summarised in this [blog on an analysis of local plans and local area requirements](https://digital-land.github.io/blog-post/local-plan-and-local-requirement-analysis/), we're confident that this consideration acts as an INPUT to the process of creating a local plan.",90bd1f3a-3d4f-44a7-b2f0-0d7a5547204f,Claire Miller,2024-09-26 16:03:36.20638,,
e4f3d261-9653-4625-821c-4351facb08fe,"As per some research we did, summarised in this [blog on an analysis of local plans and local area requirements](https://digital-land.github.io/blog-post/local-plan-and-local-requirement-analysis/), we're confident that this consideration acts as an INPUT to the process of creating a local plan.",41af4453-0387-4586-988b-2f73f4b3d6d3,Claire Miller,2024-09-26 16:03:51.151176,,
a1626603-3e47-4e6f-9fe2-f1a1face5ddd,"As per some research we did, summarised in this [blog on an analysis of local plans and local area requirements](https://digital-land.github.io/blog-post/local-plan-and-local-requirement-analysis/), we're confident that this consideration acts as an INPUT to the process of creating a local plan.",f42754d6-18a6-4b67-9ebf-8bb896274753,Claire Miller,2024-09-26 16:04:02.204625,,
d1b317d8-2196-4cfa-8b85-ecd8bae86329,"As per some research we did, summarised in this [blog on an analysis of local plans and local area requirements](https://digital-land.github.io/blog-post/local-plan-and-local-requirement-analysis/), we're confident that this consideration acts as an INPUT to the process of creating a local plan.",e7750f77-1256-4fc6-8e1e-f169a1059d3e,Claire Miller,2024-09-26 16:04:14.877484,,
827116e6-13ba-4409-a054-aa68e26c418f,"As per some research we did, summarised in this [blog on an analysis of local plans and local area requirements](https://digital-land.github.io/blog-post/local-plan-and-local-requirement-analysis/), we're confident that this consideration acts as an INPUT to the process of creating a local plan.",db113003-4c6f-47dc-a7ab-89ec23d8aad3,Claire Miller,2024-09-26 16:04:24.81016,,
1294fd24-1fe1-4970-b916-e757e5162750,"As per some research we did, summarised in this [blog on an analysis of local plans and local area requirements](https://digital-land.github.io/blog-post/local-plan-and-local-requirement-analysis/), we're confident that this consideration acts as an INPUT to the process of creating a local plan.",3241e04a-d0eb-4890-a50f-3a5b0c5d9a86,Claire Miller,2024-09-26 16:04:34.215122,,
877aaff4-ad54-42a9-bb1e-43309e92b779,"As per some research we did, summarised in this [blog on an analysis of local plans and local area requirements](https://digital-land.github.io/blog-post/local-plan-and-local-requirement-analysis/), we're confident that this consideration acts as an INPUT to the process of creating a local plan.",c32ce6bc-6332-4b4f-b2d5-623146955f58,Claire Miller,2024-09-26 16:04:45.449073,,
00eeaaa1-83fc-4ed8-8458-e86d545eefbc,"We are planning to collect some examples of neighbourhood plans. Collecting these documents will help us with our research.

For example, [St Alban's set of ""made"" neighbourhood plans](https://www.stalbans.gov.uk/neighbourhood-planning)",8151cff2-ba08-490f-9120-b2a35a3c61c7,Colm Britton,2025-01-29 06:41:42.020542,,
497a0181-d112-4a35-bb54-e34c2807c4b4,We have opened up [a discussion thread](https://github.com/digital-land/data-standards-backlog/discussions/36#discussioncomment-12017481) to discuss and capture details about the different roles authorities assume.,564a1f62-384a-4f50-bbde-4a37a7ca4ef7,Colm Britton,2025-01-31 12:50:31.870349,,
797a261d-10ba-441a-88bc-3bd791243ee4,"As per some research we did, summarised in this [blog on an analysis of local plans and local area requirements](https://digital-land.github.io/blog-post/local-plan-and-local-requirement-analysis/), we're confident that this consideration acts as an INPUT to the process of creating a local plan.",f0af8437-2748-44f9-9e8a-fd23e41ef5f3,Claire Miller,2024-09-26 16:05:17.362982,,
04ba9893-838e-416e-a069-7bc7163bef4d,"As per some research we did, summarised in this [blog on an analysis of local plans and local area requirements](https://digital-land.github.io/blog-post/local-plan-and-local-requirement-analysis/), we're confident that this consideration acts as an INPUT to the process of creating a local plan.",b2e17328-e974-433c-abeb-39940e061a9c,Claire Miller,2024-09-26 16:05:27.667608,,
d8b611fe-20fd-43c3-89f9-15ad60bfd6e8,"As per some research we did, summarised in this [blog on an analysis of local plans and local area requirements](https://digital-land.github.io/blog-post/local-plan-and-local-requirement-analysis/), we're confident that this consideration acts as an INPUT to the process of creating a local plan.",97b2958b-3fd4-42a7-a555-d9ff3ea62884,Claire Miller,2024-09-26 16:05:39.764732,,
149fffa9-311d-4ab1-be67-49e1e17abaa4,"As per some research we did, summarised in this [blog on an analysis of local plans and local area requirements](https://digital-land.github.io/blog-post/local-plan-and-local-requirement-analysis/), we're confident that this consideration acts as an INPUT to the process of creating a local plan.",cb2669af-896b-4c0b-bb68-5c2ef5acdfbd,Claire Miller,2024-09-26 16:05:57.150697,,
22213a96-e049-4288-a9f7-0f5654d5e00a,"As per some research we did, summarised in this [blog on an analysis of local plans and local area requirements](https://digital-land.github.io/blog-post/local-plan-and-local-requirement-analysis/), we're confident that this consideration acts as an INPUT to the process of creating a local plan.",266e2c08-2f76-4856-83d9-1ad4ddd342bf,Claire Miller,2024-09-26 16:06:06.382975,,
706b0e07-fe88-4972-b71b-4d5a31f1aa4f,"As per some research we did, summarised in this [blog on an analysis of local plans and local area requirements](https://digital-land.github.io/blog-post/local-plan-and-local-requirement-analysis/), we're confident that this consideration acts as an INPUT to the process of creating a local plan.",c99eeb72-f633-4798-8901-7b5123438636,Claire Miller,2024-09-26 16:06:17.545511,,
71236101-7371-4c6f-9345-aa383dcb01f7,"As per some research we did, summarised in this [blog on an analysis of local plans and local area requirements](https://digital-land.github.io/blog-post/local-plan-and-local-requirement-analysis/), we're confident that this consideration acts as an INPUT to the process of creating a local plan.",050d58b4-c8de-4fe7-9477-efc14bf402b7,Claire Miller,2024-09-26 16:06:43.692101,,
7bdf1321-fe41-4151-becf-c2fece4cda4e,"As per some research we did, summarised in this [blog on an analysis of local plans and local area requirements](https://digital-land.github.io/blog-post/local-plan-and-local-requirement-analysis/), we're confident that this consideration acts as an INPUT to the process of creating a local plan.",3ce85739-1a7e-4e77-8a38-9c574641d426,Claire Miller,2024-09-26 16:06:54.23938,,
32121a63-a9d1-4cd5-a0cf-8bb3ff101da2,"As per some research we did, summarised in this [blog on an analysis of local plans and local area requirements](https://digital-land.github.io/blog-post/local-plan-and-local-requirement-analysis/), we're confident that this consideration acts as an INPUT to the process of creating a local plan.",4f33f73e-9acd-479b-a9d0-27c1b314b88a,Claire Miller,2024-09-26 16:07:04.241934,,
adf51f48-4410-40fa-8221-5fa16c5e4e31,"As per some research we did, summarised in this [blog on an analysis of local plans and local area requirements](https://digital-land.github.io/blog-post/local-plan-and-local-requirement-analysis/), we're confident that this consideration acts as an INPUT to the process of creating a local plan.",2bf32a02-7293-40b1-babc-722b37d5134f,Claire Miller,2024-09-26 16:07:14.547054,,
ba9c4ae2-ee15-4b7d-8fc9-408c78cb6d07,"As per some research we did, summarised in this [blog on an analysis of local plans and local area requirements](https://digital-land.github.io/blog-post/local-plan-and-local-requirement-analysis/), we're confident that this consideration acts as an INPUT to the process of creating a local plan.",d7a60592-1265-46fe-a301-6b3d8cfe68d1,Claire Miller,2024-09-26 16:07:42.798828,,
ef0bda01-31a2-4025-a901-54b899614824,"As per some research we did, summarised in this [blog on an analysis of local plans and local area requirements](https://digital-land.github.io/blog-post/local-plan-and-local-requirement-analysis/), we're confident that this consideration acts as an INPUT to the process of creating a local plan.",df4f4187-d0fb-4d3a-b78f-dfe7b8796832,Claire Miller,2024-09-26 16:09:12.910155,,
971c4ab1-d569-4fc7-a53e-ed04b6fb4fa1,"As per some research we did, summarised in this [blog on an analysis of local plans and local area requirements](https://digital-land.github.io/blog-post/local-plan-and-local-requirement-analysis/), we're confident that this consideration acts as an INPUT to the process of creating a local plan.",564a1f62-384a-4f50-bbde-4a37a7ca4ef7,Claire Miller,2024-09-26 16:09:49.702606,,
40793296-22cb-486b-9026-7dde22a168ca,"As per some research we did, summarised in this [blog on an analysis of local plans and local area requirements](https://digital-land.github.io/blog-post/local-plan-and-local-requirement-analysis/), we're confident that this consideration acts as an INPUT to the process of creating a local plan.",eb813a68-15f2-43d7-bd06-9620da2bb034,Claire Miller,2024-09-26 16:10:02.015175,,
a7a7bf58-f5f6-48fc-a753-b609bd1c11fa,"As per some research we did, summarised in this [blog on an analysis of local plans and local area requirements](https://digital-land.github.io/blog-post/local-plan-and-local-requirement-analysis/), we're confident that this consideration acts as an INPUT to the process of creating a local plan.",0de006ed-cc21-44b7-a8a6-823d18ffa259,Claire Miller,2024-09-26 16:10:12.037542,,
f251be24-4764-42fd-982e-c796080867a9,"As per some research we did, summarised in this [blog on an analysis of local plans and local area requirements](https://digital-land.github.io/blog-post/local-plan-and-local-requirement-analysis/), we're confident that this consideration acts as an INPUT to the process of creating a local plan.",354a5da8-4919-48f2-ac55-5945f025b4c1,Claire Miller,2024-09-26 16:10:25.345823,,
3eae4d91-37b7-4747-802e-59af5735b770,"As per some research we did, summarised in this [blog on an analysis of local plans and local area requirements](https://digital-land.github.io/blog-post/local-plan-and-local-requirement-analysis/), we're confident that this consideration acts as an INPUT to the process of creating a local plan.",bd32868f-79d0-4663-a018-41346cc1083e,Claire Miller,2024-09-26 16:10:43.230923,,
052cc236-fd7b-4285-ad1e-f141405abe0b,"As per some research we did, summarised in this [blog on an analysis of local plans and local area requirements](https://digital-land.github.io/blog-post/local-plan-and-local-requirement-analysis/), we're confident that this consideration acts as an INPUT to the process of creating a local plan.",177763b0-5172-4775-af22-5712397f6b0c,Claire Miller,2024-09-26 16:10:57.411384,,
d4b83e9f-573f-41f3-9eac-355c0f95ca02,"As per some research we did, summarised in this [blog on an analysis of local plans and local area requirements](https://digital-land.github.io/blog-post/local-plan-and-local-requirement-analysis/), we're confident that this consideration acts as an INPUT to the process of creating a local plan.",bf46550e-91e4-40e1-aad8-7d9733d69587,Claire Miller,2024-09-26 16:11:22.071358,,
3b662b4b-4b8e-4d8c-a563-0deb6d544ae6,"As per some research we did, summarised in this [blog on an analysis of local plans and local area requirements](https://digital-land.github.io/blog-post/local-plan-and-local-requirement-analysis/), we think that this consideration is an OUTPUT, and created during the local plan process.",7af45bff-f3dc-4b93-b309-5be14326a8fe,Claire Miller,2024-09-26 16:09:35.421363,2024-09-26 16:56:32.121937,
fd941e6a-5ddf-48f9-a738-98ed4047b894,"As per some research we did, summarised in this [blog on an analysis of local plans and local area requirements](https://digital-land.github.io/blog-post/local-plan-and-local-requirement-analysis/), we're confident that this consideration acts as an INPUT to the process of creating a local plan.",8151cff2-ba08-490f-9120-b2a35a3c61c7,Claire Miller,2024-09-26 16:11:55.121407,,
d9d17c9d-a8cb-46c2-bd21-88f093d32b86,"As per some research we did, summarised in this [blog on an analysis of local plans and local area requirements](https://digital-land.github.io/blog-post/local-plan-and-local-requirement-analysis/), we're confident that this consideration acts as an INPUT to the process of creating a local plan.",223d97ca-1f01-44eb-b0c7-f3515f5a6431,Claire Miller,2024-09-26 16:12:20.666107,,
e9940156-aa8e-4ad2-ad37-bd662951c108,"As per some research we did, summarised in this [blog on an analysis of local plans and local area requirements](https://digital-land.github.io/blog-post/local-plan-and-local-requirement-analysis/), we're confident that this consideration acts as an INPUT to the process of creating a local plan.",a9ea0b0d-ba14-4775-91b4-8f8153d4f53a,Claire Miller,2024-09-26 16:12:39.113447,,
caf39781-9248-4000-bee8-ef79290e256b,"As per some research we did, summarised in this [blog on an analysis of local plans and local area requirements](https://digital-land.github.io/blog-post/local-plan-and-local-requirement-analysis/), we're confident that this consideration acts as an INPUT to the process of creating a local plan.",2e451151-6dc2-48c7-83ab-d203bcff6099,Claire Miller,2024-09-26 16:12:57.428051,,
aafb6671-42ee-4d36-903f-9c4bed796afc,"As per some research we did, summarised in this [blog on an analysis of local plans and local area requirements](https://digital-land.github.io/blog-post/local-plan-and-local-requirement-analysis/), we're confident that this consideration acts as an INPUT to the process of creating a local plan.",ed8fa294-a35d-46ea-bd19-87ae5fbe72b0,Claire Miller,2024-09-26 16:13:10.726481,,
58488c0a-a631-4b9c-8350-08ca5c082fe3,"As per some research we did, summarised in this [blog on an analysis of local plans and local area requirements](https://digital-land.github.io/blog-post/local-plan-and-local-requirement-analysis/), we're confident that this consideration acts as an INPUT to the process of creating a local plan.",c3d2e08c-f2ef-49eb-9b1e-d03eb336df68,Claire Miller,2024-09-26 16:13:22.322696,,
60320c66-5586-4924-8331-e463029ceff1,"As per some research we did, summarised in this [blog on an analysis of local plans and local area requirements](https://digital-land.github.io/blog-post/local-plan-and-local-requirement-analysis/), we're confident that this consideration acts as an INPUT to the process of creating a local plan.",f5cf16a1-dec6-47e5-bdd5-b9b30ec8a382,Claire Miller,2024-09-26 16:13:33.280187,,
520eecf5-08f7-45e4-9215-4e428c8efb74,"As per some research we did, summarised in this [blog on an analysis of local plans and local area requirements](https://digital-land.github.io/blog-post/local-plan-and-local-requirement-analysis/), we're confident that this consideration acts as an INPUT to the process of creating a local plan.",4f8adde6-5ef3-4d36-8e7e-54444c70d2ac,Claire Miller,2024-09-26 16:13:45.480423,,
f79d5b7c-0a01-4b52-84ec-9f5babc5b1e9,"As per some research we did, summarised in this [blog on an analysis of local plans and local area requirements](https://digital-land.github.io/blog-post/local-plan-and-local-requirement-analysis/), we're confident that this consideration acts as an INPUT to the process of creating a local plan.",27a45bc7-e68f-442b-9b03-4f3213937f39,Claire Miller,2024-09-26 16:13:55.031951,,
b095ce6c-a86e-4bc6-804f-16aa8cb53978,"As per some research we did, summarised in this [blog on an analysis of local plans and local area requirements](https://digital-land.github.io/blog-post/local-plan-and-local-requirement-analysis/), we're confident that this consideration acts as an INPUT to the process of creating a local plan.",cda2f38c-416f-4235-b4c5-c07f30402704,Claire Miller,2024-09-26 16:14:04.744683,,
73f0034b-8cff-495c-9dbb-16a483a601a8,"As per some research we did, summarised in this [blog on an analysis of local plans and local area requirements](https://digital-land.github.io/blog-post/local-plan-and-local-requirement-analysis/), we're confident that this consideration acts as an INPUT to the process of creating a local plan.",96d81c2d-1fb2-4f8c-b52b-0ef1e6fee732,Claire Miller,2024-09-26 16:14:15.245343,,
bc07abe4-ac08-4734-a159-c94d0df0c939,"As per some research we did, summarised in this [blog on an analysis of local plans and local area requirements](https://digital-land.github.io/blog-post/local-plan-and-local-requirement-analysis/), we're confident that this consideration acts as an INPUT to the process of creating a local plan.",922ff47e-67e3-4b66-826a-98ad7df9195b,Claire Miller,2024-09-26 16:14:23.771854,,
e71f2e72-e9b0-41f8-8c80-7b0aed57da50,"As per some research we did, summarised in this [blog on an analysis of local plans and local area requirements](https://digital-land.github.io/blog-post/local-plan-and-local-requirement-analysis/), we're confident that this consideration acts as an INPUT to the process of creating a local plan.",c82e2f6b-4655-4d52-a632-6f829a0d6d1c,Claire Miller,2024-09-26 16:14:41.548807,,
5b4bd425-c1bb-45a9-9f21-6cd8994005fa,"As per some research we did, summarised in this [blog on an analysis of local plans and local area requirements](https://digital-land.github.io/blog-post/local-plan-and-local-requirement-analysis/), we're confident that this consideration acts as an INPUT to the process of creating a local plan.",a4ec95e8-3f7d-4db7-a8a5-fa295bf0cce0,Claire Miller,2024-09-26 16:14:57.038195,,
c2a62287-3edc-4e24-9a17-a4d063b45fa9,"As per some research we did, summarised in this [blog on an analysis of local plans and local area requirements](https://digital-land.github.io/blog-post/local-plan-and-local-requirement-analysis/), we're confident that this consideration acts as an INPUT to the process of creating a local plan.",57c13c12-f198-4313-8518-9465182e706e,Claire Miller,2024-09-26 16:15:14.570532,,
b9679fd6-31ef-4fc1-a475-7edd21dd615c,"As per some research we did, summarised in this [blog on an analysis of local plans and local area requirements](https://digital-land.github.io/blog-post/local-plan-and-local-requirement-analysis/), we're confident that this consideration acts as an INPUT to the process of creating a local plan.",2f5dcd02-897f-4815-a8c1-9381305a403b,Claire Miller,2024-09-26 16:15:24.578677,,
ea6a2c09-adbf-41f5-8632-8d8a5f30228d,"As per some research we did, summarised in this [blog on an analysis of local plans and local area requirements](https://digital-land.github.io/blog-post/local-plan-and-local-requirement-analysis/), we're confident that this consideration acts as an INPUT to the process of creating a local plan.",246d5d2a-5008-4837-8bc4-d7150ebd50d9,Claire Miller,2024-09-26 16:15:40.482897,,
98d739ba-088f-4672-a3b2-64086e3d7deb,"As per some research we did, summarised in this [blog on an analysis of local plans and local area requirements](https://digital-land.github.io/blog-post/local-plan-and-local-requirement-analysis/), we're confident that this consideration acts as an INPUT to the process of creating a local plan.",73c60300-cc70-4730-b320-c3bc43afe251,Claire Miller,2024-09-26 16:15:49.787763,,
782d92d7-3565-4817-97a4-0a02161dcdd4,"As per some research we did, summarised in this [blog on an analysis of local plans and local area requirements](https://digital-land.github.io/blog-post/local-plan-and-local-requirement-analysis/), we're confident that this consideration acts as an INPUT to the process of creating a local plan.",dfd85350-1491-4062-a27e-cd29435b80dd,Claire Miller,2024-09-26 16:15:58.743238,,
dce900cb-3944-47d6-ae1c-e487fd79dad8,"As per some research we did, summarised in this [blog on an analysis of local plans and local area requirements](https://digital-land.github.io/blog-post/local-plan-and-local-requirement-analysis/), we're confident that this consideration acts as an INPUT to the process of creating a local plan.",2d980e29-f0ae-4bf3-9ba4-35a8bc36b4ed,Claire Miller,2024-09-26 16:16:21.575677,,
b5f0d382-c835-4c88-b638-7f0ef0fb01ac,"As per some research we did, summarised in this [blog on an analysis of local plans and local area requirements](https://digital-land.github.io/blog-post/local-plan-and-local-requirement-analysis/), we're confident that this consideration acts as an INPUT to the process of creating a local plan.",b2ce4358-e58a-4dd4-a330-9ce77e5f2d58,Claire Miller,2024-09-26 16:16:30.621452,,
1616804f-b57c-43f1-8dd3-4405bf75d6b7,"As per some research we did, summarised in this [blog on an analysis of local plans and local area requirements](https://digital-land.github.io/blog-post/local-plan-and-local-requirement-analysis/), we're confident that this consideration acts as an INPUT to the process of creating a local plan.",b2ce4358-e58a-4dd4-a330-9ce77e5f2d58,Claire Miller,2024-09-26 16:16:33.088993,2024-09-26 16:16:52.003064,2024-09-26
e84a62db-44e0-43bf-a1a0-6ed8d3a0291d,"As per some research we did, summarised in this [blog on an analysis of local plans and local area requirements](https://digital-land.github.io/blog-post/local-plan-and-local-requirement-analysis/), we're confident that this consideration acts as an INPUT to the process of creating a local plan.",b2ce4358-e58a-4dd4-a330-9ce77e5f2d58,Claire Miller,2024-09-26 16:16:41.843637,2024-09-26 16:16:56.102248,2024-09-26
ec093ac0-38ab-44ad-8d6b-643cf902159a,"As per some research we did, summarised in this [blog on an analysis of local plans and local area requirements](https://digital-land.github.io/blog-post/local-plan-and-local-requirement-analysis/), we're confident that this consideration acts as an INPUT to the process of creating a local plan.",b2ce4358-e58a-4dd4-a330-9ce77e5f2d58,Claire Miller,2024-09-26 16:16:35.492418,2024-09-26 16:16:59.625339,2024-09-26
71f25a67-0b68-4aec-9b04-93c764af054c,"As per some research we did, summarised in this [blog on an analysis of local plans and local area requirements](https://digital-land.github.io/blog-post/local-plan-and-local-requirement-analysis/), we're confident that this consideration acts as an INPUT to the process of creating a local plan.",7d7ec9a8-3c2f-4db7-8d80-1aeb1064f247,Claire Miller,2024-09-26 16:17:25.273441,,
3505b65e-96ed-4a3c-bd44-0fa1096cf8b2,"As per some research we did, summarised in this [blog on an analysis of local plans and local area requirements](https://digital-land.github.io/blog-post/local-plan-and-local-requirement-analysis/), we're confident that this consideration acts as an INPUT to the process of creating a local plan.",555856dc-144d-45aa-a888-1c472d6cb067,Claire Miller,2024-09-26 16:17:38.535978,,
d669c5a5-d67e-43fb-a64c-026a8e137f83,We have posted [a summary](https://github.com/digital-land/data-standards-backlog/discussions/55#discussioncomment-11828765) of what we learnt analysing the existing dataset.,db39f341-af14-4dde-a718-07827727ec30,Colm Britton,2025-02-04 08:51:14.848193,,
444b577c-fb99-4aa6-a4c9-faef92419717,"As per some research we did, summarised in this [blog on an analysis of local plans and local area requirements](https://digital-land.github.io/blog-post/local-plan-and-local-requirement-analysis/), we're confident that this consideration acts as an INPUT to the process of creating a local plan.",ba77902d-02e4-4c37-b6de-64a9e1f5b8cb,Claire Miller,2024-09-26 16:17:58.271299,,
4337c06d-19fe-48a3-9564-3b3761920572,"As per some research we did, summarised in this [blog on an analysis of local plans and local area requirements](https://digital-land.github.io/blog-post/local-plan-and-local-requirement-analysis/), we're confident that this consideration acts as an INPUT to the process of creating a local plan.",f9ca36e4-fcee-4b1d-96ee-fb319d9a005b,Claire Miller,2024-09-26 16:18:10.511033,,
8d63bc43-ab7a-47f7-ae20-135fba585624,"As per some research we did, summarised in this [blog on an analysis of local plans and local area requirements](https://digital-land.github.io/blog-post/local-plan-and-local-requirement-analysis/), we're confident that this consideration acts as an INPUT to the process of creating a local plan.",f1ae14e1-b13c-4605-ac9a-1e0dcde99b99,Claire Miller,2024-09-26 16:18:21.791074,,
d810bd16-c6a8-4c83-8f8a-55cfb6d2663c,"As per some research we did, summarised in this [blog on an analysis of local plans and local area requirements](https://digital-land.github.io/blog-post/local-plan-and-local-requirement-analysis/), we're confident that this consideration acts as an INPUT to the process of creating a local plan.",7a11dd58-325d-4dd0-a77a-7367b2c83b2f,Claire Miller,2024-09-26 16:18:32.304821,,
cf0917d1-2f44-4ee0-a228-97a3bb1b5e78,"As per some research we did, summarised in this [blog on an analysis of local plans and local area requirements](https://digital-land.github.io/blog-post/local-plan-and-local-requirement-analysis/), we're confident that this consideration acts as an INPUT to the process of creating a local plan.",50a024e7-e213-4b1f-944a-8a97e75a6a20,Claire Miller,2024-09-26 16:18:46.924265,,
4a648f80-3437-419b-aa81-5c9b4efe7e0d,"As per some research we did, summarised in this [blog on an analysis of local plans and local area requirements](https://digital-land.github.io/blog-post/local-plan-and-local-requirement-analysis/), we're confident that this consideration acts as an INPUT to the process of creating a local plan.",9a26b3ea-d3ad-4487-ba07-4ec3c276b31f,Claire Miller,2024-09-26 16:18:58.12871,,
141427e2-d8f0-4994-8e34-18cea35b4a12,"As per some research we did, summarised in this [blog on an analysis of local plans and local area requirements](https://digital-land.github.io/blog-post/local-plan-and-local-requirement-analysis/), we're confident that this consideration acts as an INPUT to the process of creating a local plan.",bf0d2b47-e316-4636-8938-42d56495054e,Claire Miller,2024-09-26 16:19:08.922252,,
1542c18b-48bb-40ac-a51c-4fa307445d6e,"As per some research we did, summarised in this [blog on an analysis of local plans and local area requirements](https://digital-land.github.io/blog-post/local-plan-and-local-requirement-analysis/), we're confident that this consideration acts as an INPUT to the process of creating a local plan.",92b87c13-5592-41a2-b21c-e8b7f66b60fd,Claire Miller,2024-09-26 16:19:28.126578,,
475754d3-fa08-472c-b350-8d88edb10b8a,"As per some research we did, summarised in this [blog on an analysis of local plans and local area requirements](https://digital-land.github.io/blog-post/local-plan-and-local-requirement-analysis/), we're confident that this consideration acts as an INPUT to the process of creating a local plan.",e406b17d-b12a-474c-98f6-a6e1a0134ebf,Claire Miller,2024-09-26 16:19:38.392679,,
500baf65-444d-4f3e-b078-5f5d24cbecfa,"As per some research we did, summarised in this [blog on an analysis of local plans and local area requirements](https://digital-land.github.io/blog-post/local-plan-and-local-requirement-analysis/), we're confident that this consideration acts as an INPUT to the process of creating a local plan.",e3347ece-3c02-4fd9-a222-abb995493bfd,Claire Miller,2024-09-26 16:20:01.663532,,
eead8639-ba71-4982-aa6e-189240cb4032,"As per some research we did, summarised in this [blog on an analysis of local plans and local area requirements](https://digital-land.github.io/blog-post/local-plan-and-local-requirement-analysis/), we're confident that this consideration acts as an INPUT to the process of creating a local plan.",c115473a-3b5c-4b10-b1ec-b30b792a49f8,Claire Miller,2024-09-26 16:20:10.919216,,
62185663-01e4-4dd7-a317-16162780afc9,"As per some research we did, summarised in this [blog on an analysis of local plans and local area requirements](https://digital-land.github.io/blog-post/local-plan-and-local-requirement-analysis/), we're confident that this consideration acts as an INPUT to the process of creating a local plan.",c0b5af68-2fbf-435e-a609-9662cd65a475,Claire Miller,2024-09-26 16:20:19.412054,,
38cd43d8-3af7-4afb-9352-6c35a100f080,"As per some research we did, summarised in this [blog on an analysis of local plans and local area requirements](https://digital-land.github.io/blog-post/local-plan-and-local-requirement-analysis/), we think that this consideration is an OUTPUT, and created during the local plan process.",77874252-cf00-4879-ae11-29f3f3c0e012,Claire Miller,2024-09-26 16:19:18.376314,2024-09-26 16:57:07.555883,
a3b56599-ba1b-4bab-b301-25f34a463568,"As per some research we did, summarised in this [blog on an analysis of local plans and local area requirements](https://digital-land.github.io/blog-post/local-plan-and-local-requirement-analysis/), we think that this consideration is an OUTPUT, and created during the local plan process.",17a85400-1276-4854-967a-3a40cf0c820a,Claire Miller,2024-09-26 16:19:47.57799,2024-09-26 16:57:18.97912,
7bfe0df4-7f5d-449b-b8e5-285857027715,"This consideration, or more specifically the 5G coverage aspect of this consideration, is useful for the National Infrastructure Statistical Tool (NIST).",871150fe-98ab-4a4a-8e8c-7e5979b88171,Kieran Wint,2025-02-04 13:34:58.64843,,
ea101e98-f743-45fa-9119-cee2ab1737fd,"This isn't a consideration, it's an OS data product.",3c6c44ed-b57c-4faf-ac23-8dc3ff172aae,Paul Downey,2025-03-21 14:24:14.278467,,
d9f97918-ca28-435c-8f97-cefe19ca604e,"As per some research we did, summarised in this [blog on an analysis of local plans and local area requirements](https://digital-land.github.io/blog-post/local-plan-and-local-requirement-analysis/), we're confident that this consideration acts as an INPUT to the process of creating a local plan.",450df95d-a4d3-4de6-bcf1-eb1940d60662,Claire Miller,2024-09-26 16:20:28.362155,,
58bf0e4b-0d20-43e7-8e9e-a9beb397ac97,"As per some research we did, summarised in this [blog on an analysis of local plans and local area requirements](https://digital-land.github.io/blog-post/local-plan-and-local-requirement-analysis/), we're confident that this consideration acts as an INPUT to the process of creating a local plan.",a31d6c68-e4fe-4f9c-a5e5-54481d971e91,Claire Miller,2024-09-26 16:20:38.400666,,
1b4377ae-f035-4953-9767-6df7adc5d9f0,"As per some research we did, summarised in this [blog on an analysis of local plans and local area requirements](https://digital-land.github.io/blog-post/local-plan-and-local-requirement-analysis/), we think that this consideration is an OUTPUT, and created during the local plan process.",c0366bf5-3e08-4d40-b25e-582a7cdcec3c,Claire Miller,2024-09-26 16:54:28.294867,,
6e1a191b-c6f2-4fa7-9bc2-2885cbfb99fa,"As per some research we did, summarised in this [blog on an analysis of local plans and local area requirements](https://digital-land.github.io/blog-post/local-plan-and-local-requirement-analysis/), we think that this consideration is an OUTPUT, and created during the local plan process.",6871d5e4-b330-4b07-8440-a75098350bbc,Claire Miller,2024-09-26 16:54:46.98218,,
a4b6a68d-23c8-403c-96fb-81212cd59397,"As per some research we did, summarised in this [blog on an analysis of local plans and local area requirements](https://digital-land.github.io/blog-post/local-plan-and-local-requirement-analysis/), we think that this consideration is an OUTPUT, and created during the local plan process.",f48caca1-7a4c-4e70-91a6-a5020542d748,Claire Miller,2024-09-26 16:55:24.66293,,
5e0f95af-3f4c-4bae-9282-1a80432ea2b1,"As per some research we did, summarised in this [blog on an analysis of local plans and local area requirements](https://digital-land.github.io/blog-post/local-plan-and-local-requirement-analysis/), we think that this consideration is an OUTPUT, and created during the local plan process.",3b0710f4-0c3d-404a-af84-664c91894e5f,Claire Miller,2024-09-26 16:55:31.830637,,
250c613a-f28e-46a9-b9ff-72685c7ae79f,"As per some research we did, summarised in this [blog on an analysis of local plans and local area requirements](https://digital-land.github.io/blog-post/local-plan-and-local-requirement-analysis/), we think that this consideration is an OUTPUT, and created during the local plan process.",45bac7bc-6fc1-4165-a3ba-16a10f1bb2dd,Claire Miller,2024-09-26 16:55:40.396192,,
4919e6cf-d033-4f02-a002-36fdae035c31,"As per some research we did, summarised in this [blog on an analysis of local plans and local area requirements](https://digital-land.github.io/blog-post/local-plan-and-local-requirement-analysis/), we're confident that this consideration acts as an INPUT to the process of creating a local plan.",c8dd083f-978f-49f1-a7d1-08a11d012c84,Claire Miller,2024-09-26 16:05:07.192686,2024-09-26 16:56:12.990383,
60dbd9b9-0278-48bc-9660-e5457d959426,"As per some research we did, summarised in this [blog on an analysis of local plans and local area requirements](https://digital-land.github.io/blog-post/local-plan-and-local-requirement-analysis/), we think that this consideration is an OUTPUT, and created during the local plan process.",2f57aaf8-03e2-4f98-bf5e-fb066631e32b,Claire Miller,2024-09-26 16:56:48.145798,,
0929b662-7c7f-4256-bc8f-1de7bbe9f365,"As per some research we did, summarised in this [blog on an analysis of local plans and local area requirements](https://digital-land.github.io/blog-post/local-plan-and-local-requirement-analysis/), we think that this consideration is an OUTPUT, and created during the local plan process.",8b96951f-fc2e-459f-b820-ed162562097f,Claire Miller,2024-09-26 16:17:48.986052,2024-09-26 16:57:00.233055,
c174df90-5f4d-451c-9e85-5f76b8e7127e,"We have a list of [permitted development rights](https://dluhc-datasets.planning-data.dev/dataset/permitted-development-right) that we maintain. It is maintained with the help of the policy team in MHCLG.

At the moment we review the list periodically or if users let us know something is missing/wrong.

We need to develop a better process for handling data like this.
",bdd538e7-9fc5-4c62-b0ce-61ebe853d9b3,Colm Britton,2024-10-07 09:53:53.876823,,
99eca65e-f7f2-4d9a-9d6f-d0e75ed1bfa1,"This may include things like bridleways, footpaths and cycle paths",8da71a60-a503-4b22-9e6b-2ea6e9265580,Colm Britton,2024-10-07 12:00:26.633448,,
a057bbcf-befe-4c59-a05b-d0c029b0fbd9,"We consider local plans to be a subset of [development plans](https://design.planning.data.gov.uk/planning-consideration/development-plans-and-timetables), however the current focus is to make a dataset of local plans for the England. Therefore we have created a specific consideration for local plans to do this work but lots of the research has been done and captured in the [development plans](https://design.planning.data.gov.uk/planning-consideration/development-plans-and-timetables) consideration.",45697341-5c2e-42f6-89be-051f1c9ead70,Colm Britton,2024-10-08 09:52:52.99881,,
42c86d9c-ca29-42df-b8ec-df908fde78c7,"There is some ambiguity surrounding the legislation on the revocation of  tree preservation orders and what this means for *data*. 
The legislation in question can be found [here (regulation 11)](https://www.legislation.gov.uk/uksi/2012/605/regulation/11), and this is currently under review.",b968e542-0d6a-4f55-aa4b-0e9bfe02994a,Kieran Wint,2024-10-08 10:44:59.708483,2024-10-08 10:45:37.763471,
c9fafd71-cf5c-4914-b1e2-b089fe21e7cf,"Environment Agency has been contacted via their data sharing platform Helpdesk to confirm our interpretation of the conditional licence.

We have also asked for an explanation of the time limit condition.",0487a8b6-18d1-4798-858b-797328679585,Mike Rose,2024-10-11 11:15:49.377353,,
2c5f3ee1-7c21-423b-9e63-2df58e1e0fb5,"We have obtained the data and Coal Authority have confirmed it is under OGLv3

We can now continue to progress",8ac76668-bc27-47f6-9702-6838ee66625c,Mike Rose,2024-10-11 11:29:06.889931,,
1abcfa92-6be4-4f04-8e81-ec87078b29db,"We have updated the [list of document types](https://github.com/digital-land/data-standards-backlog/discussions/33#discussioncomment-10915467), adding in `management-plan` after Leicester Council expressed a need for this document type.",8e31b7e6-87b2-4daa-8e11-26b863750bc6,Colm Britton,2024-10-14 06:52:08.888765,,
a676fba1-bf32-45d1-9efc-1e6b2369f7b7,"[This dataset](https://www.neso.energy/data-portal/gis-boundaries-gb-dno-license-areas) is shared under the NESO Public Data Licence. However, NESO have an [Open Licence](https://www.neso.energy/data-portal/neso-open-licence) modelled off of the OGL v3.0. These licences are not synonymous, as this [different dataset](https://www.neso.energy/data-portal/14-days-ahead-wind-forecasts) offered by NESO is explicitly shared under the NESO Open Data Licence.

We need to contact NESO to understand whether we can use this data and what attribution we may need to use.",770529fd-b90e-438e-96c9-e0b0fae08c7b,Kieran Wint,2025-01-17 14:46:16.6834,2025-01-17 14:47:54.137202,2025-01-17
c24a30cf-a8b2-4b2a-98f4-a9a1ad3bad4c,We have taken this consideration through the screen and research stages of the process and have captured an [initial planning need](https://design.planning.data.gov.uk/planning-consideration/assets-of-community-value/research/#user-and-data-needs),0ee51c1b-cc3f-44c5-9409-2d31b2e1b517,Colm Britton,2025-02-07 08:50:26.184783,2025-02-07 08:50:53.163701,
57a9fa07-7a01-4a91-aa7f-69f37576e61d,We have started drafting [a schema for Assets of community value](https://github.com/digital-land/data-standards-backlog/discussions/100#discussioncomment-12110339),0ee51c1b-cc3f-44c5-9409-2d31b2e1b517,Colm Britton,2025-02-09 18:34:16.595404,,
4c4eb5aa-a0a1-43be-bcf2-10ff2e3ec6dd,Useful info :https://www.local.gov.uk/pas/topics/local-development-orders/local-development-orders and https://www.local.gov.uk/sites/default/files/documents/LDO%20Guidance%20Document%20March%202019.pdf,266e2c08-2f76-4856-83d9-1ad4ddd342bf,elliotrowen,2025-02-20 16:40:50.129961,,
c8d9b7cd-2aa1-4dae-93a7-d0bba3c97a53,We have been pulling together the [use classes needed for the planning application data specification work](https://github.com/digital-land/planning-application-data-specification/discussions/189). This will form the basis of this dataset.,72ff5370-6e19-4454-b281-a12975564523,Colm Britton,2025-03-12 13:31:45.913904,,
4edbac09-397c-4acb-8fac-0af3d849e2dc,"Environment Agency responded on 10.10.24 ->

Thank you for your email.
 
The one-year limit on the licence is in place because the Historic Landfill data contains information we consider “personal data” under the Data Protection Act and GDPR. This includes names, addresses, licensee and operator details, licence issue and surrender dates, first and last input dates, waste types, and some historical comments.
 
 
Conditions related to Data Protection:
 
‘1. Notwithstanding the fact that the standard wording of the Environment Agency Conditional Licence indicates that it is perpetual, this Licence has a limited duration of one year at the end of which it will terminate automatically without notice. 2.1. The Information contains some data that we believe is within the definition of “personal data” under the Data Protection Act 1998 but we consider that we will not be in breach of the Act if we disclose it to you with conditions set out in this condition and the condition above. This personal data comprises information relating to individuals, or to sites operated by an individual or partnership of individuals.
2.2 Under the Act a person who holds and uses or passes to others personal data is responsible for any compliance with the Act and so we have no option but to warn you that this means you have responsibility to check that you are compliant with the Act in respect of this personal data.’
 
However, you must first check the licence information on the dataset page  to determine if the conditions on use are suitable for your purposes.  If they aren’t, this information is not provided with a licence for use, and the data is provided for read right only.
 
Many thanks,
 
Defra Support Team",0487a8b6-18d1-4798-858b-797328679585,Mike Rose,2024-10-14 14:05:07.802373,,
85ca9969-913b-4941-80e2-1be135b099eb,This [CIL map from Planning Resouce](https://www.planningresource.co.uk/article/1212817/mapped-community-infrastructure-levy-updated-12042023) demonstrates why this important is useful.,c2407dfa-2fa4-42ee-a665-00ea48d6e137,Colm Britton,2024-10-23 07:01:02.806232,,
6bfbed85-00fe-4ae7-a549-e423b5f72061,"We've posted some updates to the discussion thread. They are:

* [what we’ve changed](https://github.com/digital-land/data-standards-backlog/discussions/40#discussioncomment-11041383) - this lists the changes we’ve made between not having a clue and Elliot explaining them to us. And asks for data.
* [example/sample data](https://github.com/digital-land/data-standards-backlog/discussions/40#discussioncomment-11041485) - we’ve shared the template and examples spreadsheet, and set up a thread to share more of the example data Elliot has been working on
* [things we are still exploring](https://github.com/digital-land/data-standards-backlog/discussions/40#discussioncomment-11041804) - finally we’ve summarised the things we are still looking into and investigating",37bdc53b-29de-45cd-b93e-beb1d9b004bc,Colm Britton,2024-10-25 13:41:35.615971,2024-10-25 13:41:49.624586,
5bdd1973-373e-431f-926a-a0252e72b4dc,Posted to the github discussion to provide an update on the [tool for creating and checking local plan data](https://local-plans-explorer-0d7b65a24242.herokuapp.com/).,45697341-5c2e-42f6-89be-051f1c9ead70,Colm Britton,2024-10-28 07:21:58.478812,,
99dc1960-c8f4-4a5c-9320-b756724e94f6,Data is updated every 6 weeks by OS,f3a62905-f923-4c74-a101-6e8b810f197a,Colm Britton,2024-06-26 16:57:29.253851,2024-10-31 07:21:13.314118,2024-10-31
36d314aa-c437-4177-bacd-f9831df67560,We have done some [analysis of the existing dataset published by OS](https://github.com/digital-land/data-standards-backlog/discussions/72),f3a62905-f923-4c74-a101-6e8b810f197a,Colm Britton,2024-10-31 07:21:55.16902,,
8717fcb2-c33f-4b4b-b89a-04d373156ed2,"Changes to the NPPF in December 2024 have included a different methodology for the standard method for calculating local housing need, which is used to demonstrate an LPAs five year housing land supply. The standard method is now mandatory for all LPAs to use, and the new calculation considers existing housing stock, rather than 2014 population projections, and then an uplift is applied for the least affordable areas. LPAs also now need to produce an annual position statement setting out the number of sites allocared within plans, and coming forward, against the five year housing need figure. ",c066a7f8-fd53-422a-a9d6-79290c819e05,Claire Miller,2025-02-20 14:18:35.495162,,
2eefa317-e632-4240-a60e-29317c106baa,"As can be seen in the ""Screen"" stage for this consideration, an annual document has been captured as a source for the data, but this largely depends on how we aim to implement this consideration as data on the platform. If the aim of this consideration is a seeded dataset of documents, similar to how we're capturing local plans, we should be able to progress.",c8dd083f-978f-49f1-a7d1-08a11d012c84,Kieran Wint,2025-01-21 16:40:00.982719,,
870582d7-377f-4d77-8322-c7dc7b4ff82b,"[This dataset](https://www.neso.energy/data-portal/gis-boundaries-gb-dno-license-areas) is shared under the NESO Public Data Licence. However, NESO have an [Open Licence](https://www.neso.energy/data-portal/neso-open-licence) modelled off of the OGL v3.0. These licences are not synonymous, as this [different dataset](https://www.neso.energy/data-portal/14-days-ahead-wind-forecasts) offered by NESO is explicitly shared under the NESO Open Data Licence.

Under [Data Sharing Statuses](https://www.neso.energy/corporate-information/data-sharing-approach), a Public Data Licence dictates that ""Data is made publicly available, but it should not be modified, altered, or further distributed in a way that changes its original content or structure.""

We should contact NESO to confirm that we can use this dataset on the planning data platform and any attribution linked to the Public Data Licence.",770529fd-b90e-438e-96c9-e0b0fae08c7b,Kieran Wint,2025-01-17 14:50:26.586582,2025-01-22 09:17:41.415374,2025-01-22
43167932-809c-4b7b-9777-96fb3f9e6614,"Through the research, these can also be called ""Mineral and waste **local** plans"", and that they follow a vigorous process as specified in each mineral and waste planning authority's individual ""development schemes.""

With that in mind, it might be that the collection method for these plans would be similar to our Local plan dataset, although the defining and mapping of mineral and waste planning authority boundaries could mean that making this data live takes longer. An example from Hertfordshire [(any map from the bottom of this page](https://www.hertfordshire.gov.uk/services/recycling-waste-and-environment/planning-in-hertfordshire/minerals-and-waste-planning/minerals-planning/minerals-planning.aspx))supports this, as their maps are in PDFs, so getting the mapping on the platform might prove tricky.",0de006ed-cc21-44b7-a8a6-823d18ffa259,Kieran Wint,2025-01-22 16:35:37.976802,2025-01-22 16:39:59.37057,
5c735e43-e6a6-4dfa-b355-f311ab1241e6,"It is an application people complete. The application is assessed by Historic England and the decision is issued by the Secretary of State for Culture, Media and Sport. [Apply directly to Historic England](https://historicengland.org.uk/listing/protect-historic-places/building-preservation-notices-and-certificates-of-immunity/#COIs)
",d0c8d988-27b8-4d10-ac3e-6d3957efe430,Colm Britton,2025-01-29 08:43:30.490873,,
03ee52ed-1c39-4199-a56d-fcb2d4f910bf,"The [data found produced by the Local Government Association](https://www.local.gov.uk/pas/topics/local-development-orders/local-development-orders) is NOT explicitly published under an open licence, nor is it completely up to date. Accessing the links to local authority websites through this map more often than not returns an error 404, being that the page / file is not found. If this is the case, data might need to be collected from local authorities individually which modifies the outlook and time to completion for this data.",266e2c08-2f76-4856-83d9-1ad4ddd342bf,Kieran Wint,2025-02-21 08:53:23.44811,,
a8606f58-f1dc-43f2-a2de-6b4375e5b5e8,"The changes to the planning system through the LURA include new supplementary plans, instead of supplementary planning documents, which  now must go through examination, and should be given more weight in decision making. Supplementary plans can cover detail on housing, infrastructure and design.",17a85400-1276-4854-967a-3a40cf0c820a,Claire Miller,2025-02-25 18:02:30.695301,,
496fe5a7-e79b-49fb-905b-4b6cf7a71bf7,"Changes to the planning system in December 2024 included amendments to compulsory purchase orders, which are legal mechanisms that allows an acquiring authority (usually the council) to acquire land or property without the owner's consent. CPOs are used to support public interest projects like infrastructure, regeneration, and housing. 

Changes allow the acquiring authority to take control of vacant and derelict land from landowners, by paying a fair price, rather than at 'hope value' costs, which are the estimated costs that the land could be worth if developed in the future.

MHCLG have recently held a consultation on further changes to the process.",c4466289-4ac5-4ca8-b80a-eadb8d6277f3,Claire Miller,2025-02-21 12:35:48.956249,,
ef89fdda-36bb-432a-abb0-008a5d0aae4f,"Not yet clear what the planning need is.

We are wondering whether it is the sort of thing that impacts the planning conditions that are set. For example:

---
No properties shall be occupied until approval has been given in writing by the Local Planning
Authority that either:

* Evidence to demonstrate that all water network upgrades required to accommodate the
additional flows/demand from the development have been completed; or
* a housing and infrastructure phasing plan has been agreed with Thames Water and the Local
Planning Authority in writing to allow additional properties to be occupied. Where a housing
and infrastructure phasing plan is agreed no occupation shall take place other than in
accordance with the agreed housing and infrastructure phasing plan.

Reason - The development may lead to no / low water pressure and network reinforcement
works are anticipated to be necessary to ensure that sufficient capacity is made available to
accommodate additional demand anticipated from the new development.
---",0f1cd8fe-7527-4305-ba61-1d80daefca32,Colm Britton,2024-12-12 07:22:29.426949,2024-12-12 07:24:33.421299,
d7202780-4ab0-445a-afaf-120e2152046a,"As part of the Winter 2024 planning reforms, multiple changes to green belts were made. These include, the introduction of a new category of green belt, call they grey belt, which essentially includes existing green belt land which has been previously developed, or is green belt land which doesn't contribute strongly to some of the purposes of green belt. 

There are also changes to the circumstances that allow for development on green belt, including when a LPA is unable to meet their housing targets without reviewing green belt boundaries. 

If LPAs do then decide to allow development on land which has been released from the green belt, there are rules which set out that the development must contribute towards affordable housing and infrastructure provision (the golden rules). ",3619e662-648f-4b5a-9514-e33a729e301d,Claire Miller,2025-02-25 16:47:08.720279,,
42740c16-1daa-4a72-a1d9-3b89182f4ba6,"The housing delivery test is now calculated using a new standard method calculation, which is based on existing housing stock and affordability, rather than housing projections.",3b0710f4-0c3d-404a-af84-664c91894e5f,Claire Miller,2025-02-25 18:07:17.756887,,
f3211e7f-8c85-42f8-b892-7a90cbd84329,"On initial analysis, the organisations contained in the dataset don't align with our organisation list. However, it does appear that where this is the case, data was created up until a certain date, and vice versa, in that data was created after a certain date for some organisations. This will require more extensive analysis as part of the design stage.",efd79d47-1b46-4de9-9004-12ba59e03794,Kieran Wint,2025-03-20 11:32:12.74792,,
f0f43b43-a9f6-471b-bf1d-f64354181f1c,"This consideration has been conflated between listed buildings as administered by Historic England, and the area which needs to be considered for planning applications. These separate considerations have different levels of understanding, and the boundary of the listing will be different to the outline, which is synonymous with the curtilage and the area for Local Land Charge.",277ebb03-7337-44dd-8298-6135d0a63c85,Paul Downey,2025-03-24 08:14:23.596041,,
34cd0f2c-2cac-4dfa-a259-f63713163bf8,"On further review, it is not felt that the Enterprise Zone consideration is a priority at this point. There are more key considerations to be getting onto the platform at this stage. Revisit at a later stage. ",b81f5d53-6592-4957-b2d9-f57aa713c62e,elliotrowen,2025-03-24 15:28:33.667042,,
